Account_ID,Customer_ID,Branch_ID,Account_Type,Account_Open_Date.1,Account_Status,Current_Balance
A000001,C01061,BR012,Savings,28-05-2022,Active,
A000002,C02170,BR010,Salary,25-12-2025,Active,68645.15
A000003,C00613,BR001,Savings,19-10-2024,Active,89886.33
A000004,C01916,BR005,Salary,06-06-2023,Active,44288.52
A000005,C00608,BR014,Savings,29-05-2025,Active,27469.24
A000006,C01923,BR014,Fixed Deposit,01-06-2023,Active,160088.89
A000007,C01073,BR006,Salary,30-12-2024,Active,55350.67
A000008,C02577,BR015,Current,04-11-2025,Active,80317.42
A000009,C02506,BR012,Savings,26-01-2025,Active,76512.68
A000010,C01001,BR007,Savings,15-08-2024,Active,80008.24
A000011,C00124,BR005,Fixed Deposit,07-10-2022,Active,176376.48
A000012,C00967,BR011,Fixed Deposit,25-09-2025,Active,215717.27
A000013,C00846,BR002,Savings,15-09-2023,Active,24484.03
A000014,C01277,BR006,Savings,29-06-2024,Active,8655.55
A000015,C01724,BR010,Savings,12-06-2024,Active,33468.04
A000016,C02970,BR005,Savings,27-12-2022,Active,32596.66
A000017,C00189,BR008,Savings,31-05-2024,Active,10853.1
A000018,C01665,BR007,Salary,25-07-2023,Active,261093.61
A000019,C00515,BR004,Savings,26-05-2023,Active,56157.37
A000020,C01641,BR003,Fixed Deposit,08-06-2025,Active,333471.38
A000021,C01911,BR011,Fixed Deposit,20-11-2024,Inactive,76311.63
A000022,C02429,BR010,Savings,17-12-2023,Active,22958.92
A000023,C01680,BR005,Savings,28-01-2022,Active,70890.49
A000024,C00535,BR007,Current,01-11-2024,Active,111341.24
A000025,C02741,BR005,Savings,14-12-2024,Active,23637.95
A000026,C01217,BR001,Salary,01-09-2022,Active,26283.67
A000027,C01439,BR008,Current,10-01-2025,Active,32782.66
A000028,C01925,BR014,Savings,08-08-2023,Active,73710.38
A000029,C00795,BR007,Fixed Deposit,06-12-2024,Active,208416.96
A000030,C02965,BR008,Savings,11-05-2025,Active,6126.19
A000031,C00134,BR005,Savings,20-10-2024,Active,45336.47
A000032,C00464,BR007,Fixed Deposit,06-10-2025,Active,71969.54
A000033,C02971,BR008,Savings,22-04-2022,Active,55320.97
A000034,C01357,BR006,Savings,19-04-2023,Closed,19075.45
A000035,C02680,BR006,Savings,28-03-2022,Active,20849.59
A000036,C02717,BR008,Savings,10-09-2022,Active,20347.87
A000037,C02972,BR008,Savings,30-06-2023,Active,83328.09
A000038,C02177,BR009,Salary,04-02-2022,Active,7799.2
A000039,C02050,BR005,Savings,02-08-2023,Active,65525.91
A000040,C01842,BR008,Current,06-07-2022,Active,51934.14
A000041,C02050,BR005,Savings,15-06-2022,Active,32904.45
A000042,C00772,BR003,Savings,05-05-2025,Active,23915.02
A000043,C02446,BR008,Fixed Deposit,23-12-2024,Active,64429.78
A000044,C00562,BR013,Salary,28-10-2023,Active,24078.75
A000045,C01439,BR008,Salary,08-04-2024,Active,23894.25
A000046,C01123,BR005,Savings,03-03-2023,Active,36949
A000047,C02285,BR006,Savings,11-12-2023,Active,150978.93
A000048,C00766,BR011,Fixed Deposit,07-02-2025,Active,77300.8
A000049,C00620,BR002,Fixed Deposit,01-02-2024,Active,274243.58
A000050,C02426,BR008,Salary,05-03-2025,Active,30993.02
A000051,C01461,BR005,Savings,10-12-2023,Closed,29015.83
A000052,C02163,BR002,Savings,14-06-2023,Active,9558.42
A000053,C02637,BR005,Savings,31-07-2025,Active,7869.01
A000054,C02506,BR012,Savings,09-08-2025,Active,46725.51
A000055,C01200,BR013,Savings,01-12-2022,Active,11898.44
A000056,C00514,BR007,Savings,08-11-2023,Active,83035.08
A000057,C02881,BR015,Savings,02-02-2025,Active,14759.22
A000058,C00930,BR005,Current,17-01-2023,Active,106354.02
A000059,C02308,BR008,Current,30-12-2024,Active,48724.04
A000060,C02306,BR008,Current,07-08-2025,Active,19320.53
A000061,C01328,BR011,Savings,11-12-2022,Active,16096.01
A000062,C00491,BR005,Current,12-08-2022,Active,20968.37
A000063,C01417,BR015,Fixed Deposit,12-10-2025,Active,82857.84
A000064,C00437,BR008,Savings,26-12-2025,Active,26766.35
A000065,C01057,BR005,Fixed Deposit,08-06-2025,Active,146759.75
A000066,C01150,BR005,Savings,14-06-2024,Active,35377.11
A000067,C01555,BR012,Current,05-05-2022,Active,27293.33
A000068,C00560,BR003,Savings,30-08-2025,Active,48284.05
A000069,C02538,BR008,Salary,18-10-2022,Active,27109.7
A000070,C00237,BR008,Fixed Deposit,19-09-2022,Inactive,75597.32
A000071,C02957,BR012,Savings,13-11-2024,Active,25108.13
A000072,C00939,BR006,Salary,23-07-2023,Active,8296.82
A000073,C01469,BR012,Fixed Deposit,21-06-2025,Active,46867.66
A000074,C02627,BR012,Salary,29-06-2025,Active,28324.84
A000075,C01963,BR014,Savings,22-03-2025,Active,32832.28
A000076,C00170,BR004,Savings,08-05-2025,Active,17211.07
A000077,C01813,BR002,Fixed Deposit,08-03-2024,Inactive,57755.98
A000078,C01699,BR005,Salary,27-06-2025,Active,31753.55
A000079,C02798,BR005,Fixed Deposit,30-08-2025,Active,103921.16
A000080,C01690,BR015,Savings,14-02-2023,Active,36315.4
A000081,C02977,BR003,Salary,14-09-2023,Active,97480.09
A000082,C01593,BR001,Salary,21-06-2024,Inactive,5627.01
A000083,C00577,BR008,Fixed Deposit,09-06-2025,Active,52767.83
A000084,C01517,BR006,Salary,24-07-2023,Active,20722.12
A000085,C02753,BR005,Savings,16-01-2023,Active,18052.16
A000086,C00052,BR003,Salary,14-04-2023,Active,24865.95
A000087,C01197,BR004,Current,14-03-2025,Active,63218.04
A000088,C00143,BR006,Savings,30-01-2024,Active,14454.84
A000089,C02526,BR005,Savings,08-01-2023,Active,71890.91
A000090,C01534,BR014,Fixed Deposit,10-11-2024,Active,147565.15
A000091,C02149,BR005,Savings,22-08-2024,Active,6857.28
A000092,C02905,BR008,Savings,28-01-2024,Active,62074.9
A000093,C02497,BR002,Current,24-06-2024,Active,58998.06
A000094,C01224,BR008,Fixed Deposit,03-12-2022,Active,184573.72
A000095,C02805,BR004,Salary,24-09-2022,Active,40795.34
A000096,C01417,BR015,Savings,25-03-2025,Active,59307.65
A000097,C02936,BR005,Savings,20-09-2024,Active,8950.38
A000098,C02947,BR003,Savings,29-11-2025,Active,44604.77
A000099,C00665,BR015,Savings,03-10-2025,Active,19717.68
A000100,C02338,BR012,Salary,15-06-2023,Active,55490.44
A000101,C02094,BR005,Savings,07-11-2023,Active,15827.47
A000102,C02311,BR003,Savings,25-05-2025,Active,84881.39
A000103,C00504,BR015,Fixed Deposit,05-01-2022,Inactive,81081.68
A000104,C01515,BR010,Savings,16-06-2025,Active,20752.95
A000105,C00455,BR008,Savings,03-09-2022,Active,18938.67
A000106,C02694,BR007,Savings,16-01-2023,Active,73571.97
A000107,C02620,BR008,Savings,06-12-2023,Inactive,18928.32
A000108,C01744,BR015,Savings,27-10-2024,Closed,86204.9
A000109,C00390,BR001,Fixed Deposit,02-06-2023,Active,156318.16
A000110,C01971,BR002,Fixed Deposit,03-10-2025,Active,130416.34
A000111,C01318,BR003,Salary,17-02-2025,Active,35781.48
A000112,C02363,BR010,Salary,16-12-2024,Active,36422.21
A000113,C00298,BR013,Savings,02-02-2025,Inactive,10484.69
A000114,C01220,BR005,Salary,13-02-2022,Active,35247.27
A000115,C01085,BR006,Savings,17-04-2025,Active,55489.9
A000116,C02860,BR008,Savings,02-06-2024,Active,91311.61
A000117,C00895,BR001,Savings,30-09-2022,Active,87973.29
A000118,C02965,BR008,Current,11-02-2025,Active,62484.36
A000119,C02767,BR006,Savings,04-06-2022,Active,35017.39
A000120,C01762,BR005,Savings,22-06-2024,Active,56040.77
A000121,C00525,BR002,Savings,11-04-2024,Active,20906.26
A000122,C00667,BR008,Savings,11-02-2022,Active,173632.88
A000123,C00052,BR003,Savings,02-07-2023,Active,16412.66
A000124,C02325,BR012,Current,25-06-2022,Inactive,189261.48
A000125,C02177,BR009,Savings,14-10-2025,Active,149851.51
A000126,C00967,BR011,Current,17-03-2025,Active,70254.72
A000127,C02194,BR003,Savings,26-12-2025,Active,84455.61
A000128,C01732,BR005,Savings,15-12-2023,Inactive,51602.44
A000129,C02450,BR010,Current,26-04-2023,Active,137943.2
A000130,C00261,BR005,Current,31-10-2025,Closed,98074.58
A000131,C00597,BR001,Savings,25-03-2023,Active,43860.05
A000132,C02423,BR008,Current,30-08-2023,Active,27490.36
A000133,C01109,BR007,Salary,15-07-2022,Active,124637.7
A000134,C02878,BR006,Savings,15-04-2025,Active,56876.93
A000135,C02643,BR011,Current,25-06-2022,Active,87292.14
A000136,C00283,BR006,Savings,21-02-2022,Active,65852.98
A000137,C01211,BR009,Fixed Deposit,02-05-2025,Active,152018.44
A000138,C02195,BR014,Savings,13-05-2025,Active,25197.63
A000139,C00410,BR009,Fixed Deposit,01-06-2025,Active,49724.01
A000140,C02583,BR001,Current,09-06-2025,Active,12720.48
A000141,C00295,BR009,Current,27-07-2022,Active,27014.58
A000142,C00329,BR001,Savings,13-06-2023,Active,42114.32
A000143,C01631,BR004,Current,22-01-2025,Active,43199.26
A000144,C00741,BR002,Savings,29-03-2023,Active,19332.93
A000145,C01918,BR005,Savings,11-02-2025,Inactive,71174.4
A000146,C01176,BR005,Savings,22-08-2025,Active,29658.16
A000147,C00813,BR008,Salary,05-11-2025,Active,22819.73
A000148,C02511,BR001,Salary,10-02-2025,Active,78566.25
A000149,C00479,BR013,Fixed Deposit,10-03-2025,Active,189335.39
A000150,C01481,BR006,Savings,23-05-2024,Active,15485.33
A000151,C00506,BR011,Fixed Deposit,25-04-2022,Active,101201.08
A000152,C00411,BR012,Fixed Deposit,30-09-2023,Active,102732.34
A000153,C00616,BR011,Fixed Deposit,24-10-2025,Active,43466.37
A000154,C00770,BR005,Salary,25-08-2025,Active,11820.67
A000155,C01237,BR015,Savings,15-12-2022,Active,14451.38
A000156,C01403,BR006,Fixed Deposit,27-12-2024,Active,107290.06
A000157,C00417,BR008,Current,25-03-2023,Active,117404.21
A000158,C00118,BR007,Salary,01-09-2023,Active,282648.75
A000159,C00284,BR006,Savings,06-08-2024,Active,20280.92
A000160,C01893,BR001,Savings,27-12-2023,Active,108387.02
A000161,C02922,BR005,Savings,01-06-2024,Active,53243.25
A000162,C00076,BR002,Current,24-05-2022,Inactive,52875.14
A000163,C00105,BR001,Savings,10-03-2023,Active,30897.46
A000164,C02343,BR009,Fixed Deposit,30-03-2025,Active,210320.57
A000165,C02175,BR007,Savings,23-06-2024,Active,43608.98
A000166,C02202,BR013,Savings,14-05-2025,Active,80967.22
A000167,C00520,BR012,Savings,11-11-2025,Active,25586.44
A000168,C02597,BR013,Savings,04-06-2023,Active,71986.22
A000169,C01871,BR002,Savings,22-01-2023,Active,103120.06
A000170,C00474,BR006,Salary,29-03-2023,Active,124608.58
A000171,C00347,BR013,Fixed Deposit,16-04-2024,Active,111731.39
A000172,C01808,BR006,Savings,04-01-2023,Active,33567.87
A000173,C02338,BR012,Savings,25-07-2023,Active,63966.91
A000174,C02344,BR005,Salary,11-09-2022,Active,13896.31
A000175,C01763,BR012,Savings,18-07-2023,Active,11498.4
A000176,C01548,BR006,Salary,16-10-2025,Active,34223.03
A000177,C02087,BR001,Current,12-09-2023,Inactive,40215.61
A000178,C00393,BR005,Fixed Deposit,13-01-2025,Active,484603.53
A000179,C01095,BR011,Savings,21-09-2023,Active,23446.06
A000180,C00297,BR014,Fixed Deposit,26-09-2023,Active,57860.48
A000181,C02517,BR007,Fixed Deposit,20-08-2024,Inactive,541928.02
A000182,C01818,BR001,Savings,10-06-2022,Active,57577.57
A000183,C02332,BR006,Savings,04-06-2023,Active,54388.62
A000184,C01493,BR005,Savings,23-07-2022,Active,8329.93
A000185,C02790,BR009,Savings,18-10-2022,Active,121698.83
A000186,C02789,BR012,Fixed Deposit,03-11-2024,Active,115959.21
A000187,C01850,BR015,Savings,13-09-2022,Active,39995.1
A000188,C02502,BR013,Savings,24-10-2022,Closed,85984.44
A000189,C01979,BR006,Savings,16-04-2024,Active,33606.97
A000190,C02172,BR008,Current,24-05-2023,Active,109706.86
A000191,C00742,BR013,Fixed Deposit,29-06-2022,Active,182913.9
A000192,C02948,BR006,Current,30-10-2025,Active,27013.71
A000193,C00554,BR013,Current,10-09-2025,Inactive,130953.87
A000194,C02084,BR010,Savings,29-04-2024,Active,41459.8
A000195,C01821,BR014,Salary,06-02-2024,Active,17105.59
A000196,C00278,BR011,Savings,26-03-2025,Active,29059.45
A000197,C02324,BR012,Savings,23-11-2025,Active,28344.85
A000198,C00233,BR010,Current,01-06-2022,Inactive,29108.03
A000199,C01529,BR006,Fixed Deposit,23-05-2022,Active,311531.81
A000200,C02448,BR006,Salary,28-04-2023,Active,133292.95
A000201,C00376,BR006,Salary,21-03-2023,Active,10456.8
A000202,C01083,BR011,Savings,01-08-2025,Active,53093.59
A000203,C01525,BR010,Savings,13-01-2024,Active,24482.92
A000204,C02773,BR008,Current,30-03-2025,Active,77753.17
A000205,C01146,BR011,Salary,01-09-2024,Active,37296.42
A000206,C00355,BR006,Salary,22-11-2024,Active,37780.01
A000207,C00395,BR011,Current,29-10-2025,Active,58088.57
A000208,C00597,BR001,Savings,08-05-2024,Active,13384.7
A000209,C02600,BR005,Savings,08-02-2025,Active,88392.17
A000210,C02320,BR010,Savings,28-01-2023,Active,37499.04
A000211,C01254,BR003,Salary,15-01-2023,Active,57980.11
A000212,C02543,BR006,Fixed Deposit,05-05-2024,Active,200606.5
A000213,C02756,BR005,Current,10-08-2025,Active,69448.76
A000214,C02602,BR008,Salary,16-03-2022,Active,59813.92
A000215,C00014,BR002,Salary,03-01-2024,Active,30441.08
A000216,C00298,BR013,Savings,23-10-2022,Active,83212.05
A000217,C02177,BR009,Savings,16-07-2025,Active,17711.51
A000218,C01146,BR011,Savings,28-01-2024,Active,77508.87
A000219,C00477,BR007,Fixed Deposit,03-03-2022,Active,71734.88
A000220,C01940,BR008,Savings,03-01-2022,Active,49265.77
A000221,C01067,BR006,Current,23-07-2024,Active,279724.43
A000222,C02757,BR002,Savings,06-12-2022,Active,30668.59
A000223,C01731,BR011,Current,02-03-2022,Active,18825
A000224,C00718,BR001,Savings,11-08-2022,Active,25583.68
A000225,C02804,BR006,Fixed Deposit,14-08-2022,Active,56572.37
A000226,C01802,BR010,Savings,20-05-2023,Active,123959.6
A000227,C00889,BR012,Fixed Deposit,15-11-2024,Closed,93632.6
A000228,C00431,BR001,Current,08-06-2025,Active,92522.58
A000229,C01666,BR008,Savings,17-02-2024,Active,43339.33
A000230,C02242,BR008,Salary,16-10-2025,Closed,51261.15
A000231,C02508,BR008,Current,02-03-2025,Active,112742
A000232,C00383,BR012,Savings,30-08-2022,Active,54482.35
A000233,C01297,BR012,Salary,10-12-2024,Inactive,37692.88
A000234,C03000,BR007,Current,04-12-2022,Active,28120.62
A000235,C01983,BR013,Current,08-11-2025,Active,70869.31
A000236,C00277,BR009,Salary,22-05-2025,Active,48607.96
A000237,C02752,BR010,Current,04-04-2022,Closed,234437.05
A000238,C02057,BR001,Savings,10-09-2022,Active,20550.3
A000239,C01381,BR005,Savings,07-10-2023,Active,33151.91
A000240,C02332,BR006,Savings,19-12-2024,Active,23836.55
A000241,C01946,BR007,Current,17-03-2024,Closed,46243.03
A000242,C00774,BR003,Savings,05-05-2022,Active,62065.1
A000243,C02390,BR006,Savings,07-07-2024,Active,43749.71
A000244,C00765,BR005,Salary,05-08-2024,Active,53077.75
A000245,C00687,BR007,Savings,20-09-2025,Active,38679.22
A000246,C01789,BR006,Savings,24-01-2023,Active,1393.65
A000247,C00056,BR008,Fixed Deposit,25-02-2022,Active,147079.82
A000248,C01892,BR002,Salary,31-12-2024,Active,63853.48
A000249,C01652,BR011,Salary,23-10-2024,Active,17156.1
A000250,C02162,BR007,Savings,29-01-2024,Active,72417.77
A000251,C00478,BR010,Current,08-10-2024,Active,288957.35
A000252,C01741,BR004,Fixed Deposit,19-09-2022,Active,1346064.2
A000253,C01325,BR005,Savings,03-07-2022,Active,21186.96
A000254,C00524,BR006,Savings,11-08-2023,Active,35286.5
A000255,C01356,BR008,Savings,30-07-2025,Active,33714.85
A000256,C02773,BR008,Fixed Deposit,22-01-2024,Active,472341.31
A000257,C02473,BR007,Savings,22-07-2024,Active,4784.61
A000258,C00500,BR001,Savings,26-12-2025,Active,18753.66
A000259,C02541,BR007,Current,19-03-2023,Active,80027.1
A000260,C01696,BR009,Fixed Deposit,03-12-2023,Active,61033.85
A000261,C00142,BR008,Savings,28-09-2024,Active,22983.04
A000262,C02761,BR005,Current,09-08-2022,Closed,24205.69
A000263,C01578,BR013,Fixed Deposit,11-08-2023,Active,137335.27
A000264,C02739,BR013,Savings,22-03-2024,Closed,23117.32
A000265,C00296,BR005,Current,20-03-2023,Active,77377.4
A000266,C00504,BR015,Savings,18-11-2022,Active,28295.62
A000267,C02706,BR006,Savings,02-10-2023,Active,8311.2
A000268,C00716,BR006,Savings,09-07-2025,Inactive,46988.64
A000269,C01649,BR008,Savings,31-08-2023,Inactive,273760.64
A000270,C01806,BR014,Savings,03-05-2025,Active,87283.88
A000271,C02845,BR008,Salary,15-09-2024,Active,62345.94
A000272,C01012,BR006,Savings,07-07-2022,Active,29642.57
A000273,C02262,BR001,Savings,28-08-2025,Active,23059.48
A000274,C02193,BR001,Salary,09-05-2024,Closed,21738.97
A000275,C02103,BR006,Fixed Deposit,11-04-2024,Active,102597.61
A000276,C01568,BR004,Savings,14-10-2024,Active,13327.16
A000277,C00214,BR006,Savings,02-03-2022,Active,42209.46
A000278,C00799,BR008,Savings,03-01-2023,Active,19910.74
A000279,C01683,BR015,Fixed Deposit,07-03-2025,Active,147581.79
A000280,C01234,BR010,Fixed Deposit,04-07-2024,Active,105904.27
A000281,C00554,BR013,Savings,23-07-2023,Active,101378.99
A000282,C02074,BR002,Savings,07-11-2023,Active,39368.64
A000283,C01384,BR015,Current,24-06-2024,Active,86656.21
A000284,C02356,BR003,Salary,06-12-2023,Closed,19742.32
A000285,C01645,BR005,Savings,31-10-2023,Active,75423.53
A000286,C01109,BR007,Savings,16-03-2024,Closed,27159.76
A000287,C00327,BR002,Savings,16-02-2023,Active,54629.42
A000288,C00315,BR010,Salary,12-04-2024,Inactive,25011.82
A000289,C01522,BR006,Fixed Deposit,08-10-2024,Active,127515
A000290,C01060,BR014,Savings,03-11-2024,Active,36065.95
A000291,C02155,BR012,Fixed Deposit,25-06-2024,Active,122822.87
A000292,C01892,BR002,Savings,23-10-2023,Active,56889.28
A000293,C00853,BR013,Salary,15-08-2024,Active,128657.82
A000294,C02280,BR007,Fixed Deposit,21-11-2024,Active,312725.63
A000295,C01698,BR002,Current,30-03-2023,Inactive,45415.23
A000296,C02639,BR006,Savings,11-12-2023,Active,17092.66
A000297,C02860,BR008,Savings,17-09-2024,Active,77697.9
A000298,C02886,BR014,Salary,26-08-2024,Active,22667.97
A000299,C00381,BR002,Current,26-12-2023,Active,207158.95
A000300,C01589,BR011,Savings,20-01-2023,Inactive,66872.75
A000301,C00087,BR013,Current,22-08-2025,Active,232142.66
A000302,C02641,BR005,Savings,02-03-2024,Active,82315.21
A000303,C02108,BR004,Savings,01-03-2024,Active,79823.11
A000304,C00787,BR015,Salary,15-11-2023,Active,12031.86
A000305,C01822,BR001,Savings,15-01-2025,Active,16863.17
A000306,C01679,BR015,Savings,18-03-2023,Active,10899.8
A000307,C01630,BR005,Savings,01-10-2025,Active,10293.38
A000308,C01619,BR002,Fixed Deposit,02-04-2022,Active,72658.6
A000309,C02953,BR011,Savings,19-01-2022,Active,15139.52
A000310,C02307,BR007,Savings,16-01-2024,Active,13434.12
A000311,C01208,BR001,Savings,09-06-2025,Active,33376.75
A000312,C02320,BR010,Savings,15-01-2022,Active,18564.82
A000313,C00423,BR009,Savings,18-09-2024,Active,239359.46
A000314,C00857,BR008,Savings,24-07-2023,Inactive,27741.7
A000315,C00353,BR002,Savings,01-02-2022,Active,51098.01
A000316,C02658,BR011,Current,26-06-2023,Inactive,81232.84
A000317,C00072,BR005,Savings,02-08-2024,Active,8521.72
A000318,C02675,BR003,Savings,14-07-2024,Active,18839.24
A000319,C02497,BR002,Salary,25-05-2025,Active,19011.94
A000320,C02845,BR008,Savings,13-12-2025,Active,18899.06
A000321,C02298,BR001,Savings,21-03-2022,Active,8982.69
A000322,C01373,BR001,Fixed Deposit,07-06-2025,Active,62509.25
A000323,C02435,BR002,Current,15-01-2022,Active,37342.78
A000324,C02963,BR005,Current,25-11-2025,Active,43977.57
A000325,C02678,BR009,Current,04-02-2025,Active,58673.74
A000326,C02355,BR008,Fixed Deposit,21-10-2025,Active,36166.74
A000327,C02301,BR004,Savings,09-04-2022,Active,
A000328,C01960,BR012,Savings,19-04-2022,Active,4473.19
A000329,C02676,BR006,Salary,10-12-2025,Active,18804.25
A000330,C01297,BR012,Savings,16-02-2023,Active,10915.54
A000331,C01503,BR004,Current,12-07-2023,Active,16259.1
A000332,C02528,BR008,Savings,10-03-2023,Active,113933.83
A000333,C00788,BR003,Savings,18-08-2022,Active,18863.19
A000334,C02293,BR005,Current,14-04-2022,Active,6012.08
A000335,C00332,BR006,Current,17-07-2022,Active,173122.11
A000336,C01757,BR006,Current,21-05-2025,Active,64987.03
A000337,C00105,BR001,Savings,09-02-2022,Active,4955.75
A000338,C02992,BR005,Savings,01-08-2025,Active,21811.48
A000339,C02527,BR005,Salary,18-11-2022,Active,16769.86
A000340,C00749,BR008,Savings,02-06-2024,Active,8103.96
A000341,C00451,BR001,Current,12-01-2023,Active,43031
A000342,C01926,BR003,Current,25-07-2025,Inactive,25330.94
A000343,C02705,BR001,Savings,01-03-2022,Inactive,23684.44
A000344,C00964,BR005,Savings,09-11-2024,Active,32734.38
A000345,C02885,BR004,Salary,27-09-2025,Active,18486.95
A000346,C01374,BR007,Savings,06-10-2023,Inactive,8014.27
A000347,C01326,BR006,Savings,21-10-2023,Active,30335.75
A000348,C01017,BR001,Fixed Deposit,07-08-2022,Closed,213816.02
A000349,C00813,BR008,Savings,07-07-2025,Active,69595.46
A000350,C01004,BR014,Salary,01-11-2025,Closed,54273.86
A000351,C00519,BR008,Savings,27-12-2023,Active,182725.19
A000352,C01131,BR003,Savings,08-10-2024,Active,38429.59
A000353,C00870,BR005,Current,12-01-2025,Active,272759.68
A000354,C00171,BR012,Savings,02-06-2023,Active,25796.88
A000355,C01088,BR001,Salary,06-01-2022,Active,149952.41
A000356,C00120,BR014,Savings,07-07-2022,Active,35306.84
A000357,C00543,BR009,Current,03-08-2025,Active,24932.69
A000358,C02175,BR007,Salary,13-03-2025,Inactive,55414.38
A000359,C00076,BR002,Current,19-05-2022,Closed,33685.54
A000360,C00933,BR013,Savings,17-03-2025,Inactive,22889.39
A000361,C02053,BR007,Savings,14-07-2025,Closed,55380.51
A000362,C00064,BR010,Savings,04-03-2024,Active,65218.74
A000363,C02213,BR012,Fixed Deposit,22-10-2023,Inactive,29627.05
A000364,C00245,BR004,Current,31-12-2025,Active,34382.14
A000365,C00166,BR010,Current,27-06-2025,Active,91478.63
A000366,C00588,BR008,Savings,19-07-2023,Inactive,79178.69
A000367,C02582,BR001,Savings,28-11-2023,Active,13811.05
A000368,C00145,BR011,Savings,08-10-2025,Active,35041.46
A000369,C00297,BR014,Savings,08-09-2025,Active,2946.62
A000370,C02839,BR007,Savings,09-07-2024,Active,65663.82
A000371,C01831,BR010,Savings,05-08-2024,Active,17995.59
A000372,C01706,BR001,Savings,11-12-2024,Active,18406.39
A000373,C00122,BR007,Current,27-02-2023,Active,200570.7
A000374,C01183,BR004,Savings,01-09-2025,Active,59239.39
A000375,C01730,BR013,Savings,06-03-2023,Active,267309.62
A000376,C01599,BR007,Salary,29-04-2025,Active,9348.99
A000377,C01564,BR005,Current,13-04-2025,Active,57682.7
A000378,C00339,BR001,Savings,26-02-2023,Active,42509.63
A000379,C02967,BR008,Salary,25-03-2025,Active,18871.1
A000380,C02106,BR001,Savings,21-06-2025,Inactive,71228.68
A000381,C00725,BR006,Current,27-12-2023,Active,53001.7
A000382,C02909,BR001,Fixed Deposit,28-02-2024,Closed,177726.02
A000383,C00905,BR012,Savings,15-01-2024,Active,28335.95
A000384,C00392,BR001,Current,07-03-2022,Inactive,122389.02
A000385,C02680,BR006,Savings,29-02-2024,Active,15514.7
A000386,C00458,BR006,Savings,11-09-2024,Active,181663.55
A000387,C00183,BR005,Savings,30-03-2024,Active,8253.5
A000388,C01886,BR011,Savings,01-01-2024,Active,19177.71
A000389,C00793,BR013,Savings,03-01-2024,Active,10464.85
A000390,C00456,BR008,Savings,24-02-2024,Active,69103.25
A000391,C00308,BR010,Savings,19-09-2025,Active,55368.84
A000392,C00379,BR013,Savings,25-08-2023,Active,12427.21
A000393,C02883,BR009,Savings,24-11-2022,Active,81687
A000394,C02012,BR003,Savings,04-04-2022,Active,19328.63
A000395,C02529,BR007,Savings,26-06-2025,Active,48645.97
A000396,C01856,BR008,Savings,21-09-2022,Active,59391.86
A000397,C01631,BR004,Salary,02-09-2023,Active,28423.26
A000398,C00654,BR013,Fixed Deposit,10-01-2025,Inactive,41556.96
A000399,C02902,BR003,Savings,18-09-2022,Active,30964.95
A000400,C02470,BR003,Savings,09-12-2022,Inactive,46678.02
A000401,C01585,BR005,Fixed Deposit,17-07-2024,Active,264014.06
A000402,C00316,BR003,Current,06-07-2024,Active,54107.48
A000403,C02281,BR007,Fixed Deposit,22-12-2022,Active,114040.08
A000404,C00998,BR013,Salary,02-03-2024,Active,16655.36
A000405,C00628,BR006,Salary,25-10-2024,Active,114294.31
A000406,C02217,BR007,Savings,20-11-2022,Active,10976.96
A000407,C02512,BR015,Savings,10-10-2023,Active,99148.04
A000408,C01842,BR008,Current,14-02-2023,Active,47394.83
A000409,C00222,BR008,Current,05-10-2025,Active,154804.38
A000410,C01801,BR008,Salary,15-07-2023,Inactive,10831.07
A000411,C02757,BR002,Fixed Deposit,04-06-2025,Active,109305.16
A000412,C02059,BR001,Savings,09-07-2025,Active,19894.06
A000413,C00797,BR005,Savings,03-09-2022,Active,209160.97
A000414,C01940,BR008,Fixed Deposit,07-10-2025,Active,91296.29
A000415,C00747,BR008,Salary,13-03-2022,Active,93290.49
A000416,C02623,BR013,Salary,20-07-2023,Active,94406.33
A000417,C02538,BR008,Current,21-08-2022,Active,49067.18
A000418,C01707,BR006,Fixed Deposit,09-03-2022,Active,134918.97
A000419,C00406,BR003,Savings,17-03-2024,Active,162310.28
A000420,C01204,BR006,Savings,27-05-2024,Active,193582.2
A000421,C00363,BR015,Savings,30-04-2024,Active,47817.75
A000422,C02299,BR001,Savings,03-09-2023,Closed,23564.92
A000423,C02042,BR006,Salary,23-02-2025,Active,16840.7
A000424,C00778,BR010,Savings,21-12-2023,Active,52265.86
A000425,C02569,BR013,Current,21-02-2024,Active,108409.88
A000426,C02279,BR010,Savings,08-10-2023,Active,40880.61
A000427,C02810,BR006,Salary,30-10-2022,Active,11130.18
A000428,C00840,BR011,Savings,14-08-2024,Closed,35994.12
A000429,C00525,BR002,Current,26-04-2025,Active,69564.81
A000430,C01442,BR009,Savings,21-03-2023,Active,69983.19
A000431,C00796,BR008,Savings,09-11-2023,Inactive,24614.71
A000432,C02218,BR005,Savings,28-07-2025,Active,31901.81
A000433,C01277,BR006,Current,29-10-2022,Active,373955.58
A000434,C01883,BR006,Current,08-09-2023,Inactive,34021.8
A000435,C00516,BR004,Fixed Deposit,29-01-2023,Active,347844.21
A000436,C00258,BR004,Fixed Deposit,15-05-2023,Active,
A000437,C02813,BR009,Savings,02-11-2023,Active,19200.81
A000438,C01340,BR008,Savings,10-09-2025,Active,14508.88
A000439,C00419,BR003,Savings,19-01-2022,Active,66644.68
A000440,C02436,BR005,Savings,08-06-2023,Active,24437.87
A000441,C00399,BR002,Savings,19-06-2025,Closed,17154.23
A000442,C02991,BR009,Fixed Deposit,02-05-2022,Active,103729.83
A000443,C01159,BR001,Fixed Deposit,10-01-2024,Active,212859.83
A000444,C01401,BR006,Savings,15-08-2022,Active,29341.34
A000445,C00779,BR005,Salary,28-03-2024,Active,25965.26
A000446,C00258,BR004,Salary,09-11-2024,Active,48324.9
A000447,C01227,BR014,Savings,17-07-2024,Active,55329.09
A000448,C01099,BR004,Fixed Deposit,01-04-2024,Active,185200.43
A000449,C01345,BR003,Fixed Deposit,21-12-2024,Active,354259.46
A000450,C01470,BR009,Fixed Deposit,21-02-2024,Active,230394.18
A000451,C01892,BR002,Salary,14-06-2024,Active,21991.4
A000452,C00221,BR007,Savings,30-04-2022,Active,30243.98
A000453,C01088,BR001,Savings,01-02-2022,Active,15462.42
A000454,C02593,BR007,Fixed Deposit,28-08-2022,Active,254160.65
A000455,C02856,BR007,Savings,28-02-2024,Active,32429.71
A000456,C01617,BR010,Savings,02-08-2023,Active,81156.31
A000457,C01099,BR004,Savings,19-06-2023,Active,6009.69
A000458,C01249,BR006,Savings,17-10-2023,Active,25093.91
A000459,C02347,BR007,Savings,16-12-2025,Active,44123.33
A000460,C01192,BR005,Salary,05-07-2023,Active,87078.31
A000461,C02835,BR006,Current,11-10-2023,Closed,22228.59
A000462,C00085,BR005,Savings,05-01-2024,Active,28111.73
A000463,C01818,BR001,Savings,05-02-2025,Active,187165.45
A000464,C01557,BR012,Current,07-12-2024,Active,53973.24
A000465,C01355,BR012,Salary,01-12-2025,Active,69926.34
A000466,C01427,BR001,Fixed Deposit,17-07-2024,Active,73433.12
A000467,C00477,BR007,Fixed Deposit,25-10-2025,Active,67929.75
A000468,C01038,BR015,Savings,12-06-2024,Active,75250.78
A000469,C01061,BR012,Salary,26-02-2024,Inactive,19480.17
A000470,C01977,BR007,Current,25-03-2024,Active,48057.04
A000471,C01795,BR007,Current,03-12-2023,Active,60070.28
A000472,C01234,BR010,Salary,21-10-2022,Active,29155.8
A000473,C01552,BR003,Savings,20-06-2023,Closed,109723.43
A000474,C01716,BR007,Savings,02-06-2024,Active,22148.8
A000475,C00142,BR008,Salary,04-06-2024,Closed,19222.66
A000476,C02656,BR010,Savings,20-08-2022,Closed,12931.16
A000477,C02678,BR009,Salary,19-03-2025,Active,20486.72
A000478,C01092,BR015,Savings,07-11-2024,Active,337734.23
A000479,C02284,BR007,Current,07-02-2024,Active,296534.49
A000480,C01194,BR005,Salary,23-10-2023,Active,11249.8
A000481,C00203,BR014,Savings,25-03-2024,Active,33421.21
A000482,C02598,BR012,Savings,29-04-2024,Active,187490.57
A000483,C00803,BR003,Current,18-09-2023,Inactive,78314.31
A000484,C01075,BR011,Savings,14-06-2025,Active,130951.55
A000485,C01728,BR009,Savings,20-08-2022,Active,25230.5
A000486,C01319,BR011,Salary,30-06-2023,Active,10737.68
A000487,C00798,BR004,Savings,04-08-2023,Active,23891.31
A000488,C02403,BR010,Current,26-05-2022,Active,23042.01
A000489,C01069,BR009,Savings,11-05-2022,Inactive,35327.5
A000490,C01776,BR008,Savings,26-07-2025,Active,29179.33
A000491,C01997,BR006,Savings,05-02-2025,Active,57827.96
A000492,C02802,BR015,Fixed Deposit,18-06-2023,Active,127322.98
A000493,C01437,BR006,Current,24-01-2023,Active,67335.65
A000494,C01412,BR003,Savings,17-08-2023,Inactive,12571.37
A000495,C02740,BR001,Savings,26-10-2024,Inactive,41663.29
A000496,C01438,BR011,Current,09-03-2023,Active,98422.49
A000497,C00894,BR002,Current,07-04-2022,Active,42075.61
A000498,C00129,BR013,Savings,06-09-2023,Active,130358.68
A000499,C00975,BR003,Savings,24-05-2024,Active,12541.96
A000500,C00592,BR005,Savings,01-02-2024,Active,35706.81
A000501,C00915,BR001,Current,09-09-2022,Closed,39838.83
A000502,C01620,BR006,Salary,17-05-2025,Active,9479.47
A000503,C01575,BR001,Current,11-07-2024,Active,169964.42
A000504,C00562,BR013,Salary,18-11-2024,Active,132551.72
A000505,C01393,BR011,Savings,31-10-2025,Active,20441.17
A000506,C01361,BR015,Current,20-01-2024,Active,87656.57
A000507,C00129,BR013,Current,25-04-2024,Active,53865.82
A000508,C00850,BR015,Savings,20-01-2025,Active,75965.96
A000509,C02169,BR008,Fixed Deposit,04-02-2025,Active,55493.67
A000510,C00063,BR002,Savings,23-05-2025,Active,39012.48
A000511,C00903,BR005,Current,26-10-2024,Active,167108.96
A000512,C01426,BR008,Current,26-03-2022,Active,81469.95
A000513,C00500,BR001,Fixed Deposit,27-05-2023,Active,77997.31
A000514,C01939,BR006,Savings,15-05-2024,Active,74241.73
A000515,C02148,BR006,Fixed Deposit,12-10-2023,Active,39355.09
A000516,C01015,BR006,Savings,05-03-2022,Active,27064.89
A000517,C00691,BR013,Savings,26-01-2023,Active,79432.11
A000518,C02330,BR005,Fixed Deposit,27-03-2023,Active,256250.89
A000519,C00646,BR005,Savings,22-02-2022,Active,36552.27
A000520,C00439,BR002,Current,18-01-2025,Active,297184.95
A000521,C00100,BR001,Savings,07-07-2023,Inactive,25228.98
A000522,C00274,BR015,Fixed Deposit,02-03-2025,Active,112847.07
A000523,C02615,BR002,Salary,25-06-2025,Active,10438.12
A000524,C02805,BR004,Savings,15-07-2025,Active,33535.8
A000525,C01638,BR004,Salary,19-08-2025,Active,43351.69
A000526,C02765,BR007,Savings,29-12-2023,Active,77690.55
A000527,C02121,BR011,Current,21-12-2022,Active,334540.96
A000528,C01220,BR005,Salary,03-05-2022,Active,79749.98
A000529,C02140,BR006,Salary,30-06-2024,Active,33411.89
A000530,C01260,BR006,Current,05-07-2022,Active,76094.27
A000531,C02886,BR014,Salary,19-12-2022,Active,37505.44
A000532,C02554,BR009,Current,23-12-2022,Active,18603.87
A000533,C02535,BR005,Fixed Deposit,04-02-2023,Closed,104105.85
A000534,C01592,BR012,Savings,28-06-2023,Active,13588.82
A000535,C01555,BR012,Savings,30-04-2023,Active,42090.26
A000536,C00352,BR002,Salary,09-02-2024,Active,55418.33
A000537,C01959,BR006,Savings,30-10-2025,Active,121245.73
A000538,C00345,BR009,Savings,01-08-2024,Active,14849.85
A000539,C01622,BR003,Salary,14-09-2024,Closed,55314.1
A000540,C00394,BR003,Current,26-08-2022,Active,243782.26
A000541,C01428,BR011,Savings,16-06-2022,Active,41199.53
A000542,C02343,BR009,Savings,04-10-2022,Active,14053.55
A000543,C00926,BR012,Savings,24-05-2025,Active,34604.12
A000544,C01806,BR014,Savings,10-09-2022,Active,45898.61
A000545,C00780,BR013,Savings,08-12-2025,Inactive,15344.25
A000546,C00900,BR008,Salary,07-01-2025,Active,119916.4
A000547,C00549,BR012,Savings,26-04-2025,Active,9419.28
A000548,C00487,BR002,Salary,18-03-2023,Active,55272.26
A000549,C01117,BR009,Fixed Deposit,17-08-2022,Active,85650.18
A000550,C00371,BR009,Savings,01-09-2022,Active,28179.99
A000551,C02675,BR003,Fixed Deposit,07-06-2025,Active,141717.07
A000552,C02225,BR008,Savings,23-09-2023,Active,64140.9
A000553,C00665,BR015,Current,21-08-2023,Active,148150.75
A000554,C02658,BR011,Fixed Deposit,28-12-2022,Inactive,123928.44
A000555,C01096,BR005,Salary,05-06-2023,Active,56694.36
A000556,C01594,BR001,Savings,24-06-2023,Active,78524.54
A000557,C02097,BR005,Savings,30-12-2024,Inactive,113071.41
A000558,C02319,BR001,Savings,18-04-2025,Active,11683.26
A000559,C00024,BR006,Fixed Deposit,14-11-2023,Active,222564.68
A000560,C00850,BR015,Savings,03-05-2023,Inactive,5424.07
A000561,C01010,BR007,Current,22-10-2023,Active,71401.32
A000562,C01757,BR006,Savings,13-09-2022,Active,19237.22
A000563,C02618,BR010,Savings,11-04-2022,Active,73010.86
A000564,C01315,BR008,Savings,06-12-2022,Active,23256.6
A000565,C01391,BR014,Savings,05-02-2022,Active,27377.68
A000566,C00264,BR002,Current,20-02-2022,Active,17258.86
A000567,C01579,BR001,Savings,15-12-2022,Active,19793.84
A000568,C01463,BR002,Savings,09-08-2025,Active,6422.92
A000569,C01911,BR011,Current,28-09-2022,Active,54833.79
A000570,C02541,BR007,Savings,15-10-2024,Active,31586.61
A000571,C01702,BR007,Salary,03-08-2022,Active,52119.62
A000572,C00156,BR013,Current,08-11-2023,Active,150992.78
A000573,C02452,BR005,Current,05-06-2024,Active,257091.56
A000574,C01432,BR005,Savings,30-03-2024,Closed,76811.03
A000575,C01460,BR008,Savings,14-03-2025,Active,90724.38
A000576,C02620,BR008,Salary,07-01-2023,Active,40520.62
A000577,C01770,BR004,Fixed Deposit,21-12-2024,Active,116566.2
A000578,C02371,BR001,Savings,13-08-2023,Active,12147.04
A000579,C02641,BR005,Savings,13-10-2023,Inactive,13147.87
A000580,C01481,BR006,Savings,13-04-2023,Active,14036.97
A000581,C02948,BR006,Salary,27-12-2025,Active,38085.86
A000582,C00515,BR004,Savings,19-04-2025,Active,174107.73
A000583,C02614,BR006,Fixed Deposit,08-11-2023,Active,92625.4
A000584,C02546,BR009,Savings,22-12-2024,Active,32588.27
A000585,C00300,BR005,Fixed Deposit,30-08-2025,Active,189584.34
A000586,C00460,BR008,Savings,19-02-2023,Closed,17306.27
A000587,C00111,BR005,Savings,22-04-2023,Active,84866.36
A000588,C00831,BR013,Savings,18-01-2025,Active,79684.53
A000589,C02975,BR001,Savings,19-02-2023,Active,36799.92
A000590,C00373,BR006,Fixed Deposit,18-05-2022,Active,233388.29
A000591,C00102,BR004,Savings,19-05-2024,Active,90314.19
A000592,C01378,BR006,Savings,23-10-2022,Active,36376.74
A000593,C01061,BR012,Fixed Deposit,07-05-2024,Active,100154.48
A000594,C01888,BR004,Savings,05-06-2022,Active,24245.32
A000595,C01820,BR002,Savings,30-11-2023,Active,31318.82
A000596,C02482,BR005,Savings,15-12-2022,Active,32098.83
A000597,C01245,BR015,Savings,12-02-2024,Active,26676.45
A000598,C01385,BR004,Fixed Deposit,27-11-2022,Active,164343.09
A000599,C00068,BR002,Savings,03-01-2023,Active,12701.61
A000600,C02913,BR007,Salary,08-08-2025,Active,21594.33
A000601,C00640,BR002,Savings,05-12-2025,Active,9004.08
A000602,C01788,BR005,Savings,24-04-2023,Active,49780.12
A000603,C02642,BR007,Salary,01-08-2024,Active,37464.66
A000604,C01814,BR002,Salary,03-06-2023,Active,31536.63
A000605,C01877,BR001,Current,06-09-2022,Active,220013.97
A000606,C00526,BR010,Savings,26-05-2022,Active,16799.28
A000607,C02128,BR009,Savings,25-07-2025,Inactive,19127.81
A000608,C00571,BR008,Salary,07-04-2022,Active,9937.52
A000609,C02076,BR003,Current,20-12-2023,Active,193907.65
A000610,C01730,BR013,Savings,17-11-2022,Active,58559.94
A000611,C01469,BR012,Savings,15-01-2025,Active,108364.07
A000612,C02163,BR002,Salary,16-07-2022,Inactive,134361.37
A000613,C02160,BR012,Savings,22-04-2024,Active,24401.36
A000614,C00615,BR010,Current,19-05-2023,Active,44299.01
A000615,C01127,BR013,Salary,01-02-2024,Active,7608.01
A000616,C01453,BR007,Savings,29-09-2022,Inactive,13764.04
A000617,C00456,BR008,Savings,20-06-2022,Active,26553.94
A000618,C01069,BR009,Current,18-09-2022,Inactive,235922.75
A000619,C00125,BR007,Current,22-04-2024,Active,
A000620,C01317,BR006,Fixed Deposit,04-08-2024,Inactive,85745.67
A000621,C00618,BR010,Current,14-08-2025,Inactive,35799.95
A000622,C00667,BR008,Savings,08-10-2025,Active,19026.46
A000623,C02456,BR006,Savings,04-01-2025,Inactive,39022.21
A000624,C00423,BR009,Current,19-01-2022,Closed,49187.4
A000625,C00363,BR015,Savings,24-10-2024,Inactive,7539.92
A000626,C00962,BR004,Salary,27-10-2024,Active,88088.31
A000627,C00071,BR006,Savings,28-10-2024,Active,48376.05
A000628,C02607,BR005,Savings,21-08-2024,Active,102708.99
A000629,C02961,BR008,Savings,01-10-2024,Active,79615.32
A000630,C02416,BR006,Fixed Deposit,04-05-2024,Active,265755.6
A000631,C02398,BR002,Salary,24-06-2024,Active,35053.64
A000632,C00305,BR007,Current,08-10-2024,Inactive,45743.24
A000633,C01664,BR007,Savings,05-03-2022,Active,22440.16
A000634,C00264,BR002,Fixed Deposit,14-01-2024,Active,203673.92
A000635,C00903,BR005,Fixed Deposit,06-07-2022,Active,40669.6
A000636,C01479,BR015,Savings,16-09-2025,Active,68468.15
A000637,C02045,BR015,Salary,17-12-2025,Active,134402.09
A000638,C00833,BR006,Fixed Deposit,20-08-2022,Active,105731.06
A000639,C00769,BR006,Savings,26-07-2025,Active,92610.37
A000640,C02471,BR014,Savings,23-11-2023,Active,43928.15
A000641,C00673,BR007,Current,09-09-2024,Active,71184.97
A000642,C01459,BR004,Savings,12-08-2024,Active,30799.71
A000643,C00861,BR006,Salary,21-06-2022,Active,38622.93
A000644,C02559,BR012,Current,20-08-2025,Active,128422.57
A000645,C01605,BR001,Savings,24-07-2024,Active,14452.5
A000646,C00325,BR005,Savings,14-12-2023,Active,14045.66
A000647,C00444,BR009,Salary,17-06-2024,Active,22050.41
A000648,C02911,BR013,Savings,28-11-2025,Active,16783.77
A000649,C02822,BR004,Savings,03-08-2024,Active,99603.24
A000650,C02302,BR005,Savings,17-08-2024,Active,4357.52
A000651,C00233,BR010,Salary,04-07-2025,Active,38471.93
A000652,C02196,BR014,Savings,18-10-2024,Active,54839.75
A000653,C01983,BR013,Savings,28-07-2022,Active,15439.77
A000654,C02821,BR005,Salary,10-04-2025,Active,28738.03
A000655,C01459,BR004,Savings,07-08-2025,Active,26168.62
A000656,C01411,BR001,Salary,08-12-2024,Active,32772.07
A000657,C01898,BR007,Savings,11-08-2022,Active,61488.01
A000658,C00447,BR007,Salary,03-02-2024,Active,56981.24
A000659,C02237,BR006,Savings,20-03-2022,Active,21017.74
A000660,C01491,BR010,Savings,02-02-2025,Active,9743.14
A000661,C00564,BR004,Savings,30-10-2025,Active,40272
A000662,C02446,BR008,Fixed Deposit,22-02-2022,Active,88730.09
A000663,C00794,BR013,Salary,09-06-2022,Active,22348.43
A000664,C02579,BR009,Savings,24-09-2025,Active,42320.75
A000665,C00819,BR011,Savings,14-03-2025,Active,24180.27
A000666,C01466,BR013,Savings,17-04-2025,Active,45424.73
A000667,C01311,BR015,Savings,01-11-2022,Active,296271.44
A000668,C02197,BR005,Savings,20-07-2024,Active,62697.13
A000669,C00559,BR007,Fixed Deposit,25-04-2025,Active,215655.62
A000670,C00741,BR002,Savings,11-04-2022,Active,54033.66
A000671,C00578,BR007,Fixed Deposit,19-02-2023,Active,142836.05
A000672,C00692,BR011,Savings,07-03-2023,Active,54734.98
A000673,C01359,BR004,Salary,02-03-2024,Active,52512.96
A000674,C01759,BR011,Savings,06-01-2023,Active,72874.06
A000675,C02592,BR005,Savings,15-05-2023,Closed,36811.47
A000676,C01266,BR006,Salary,11-01-2023,Active,11510.73
A000677,C01230,BR001,Savings,03-04-2022,Active,10048.55
A000678,C00484,BR005,Fixed Deposit,08-09-2024,Inactive,140629.42
A000679,C00297,BR014,Salary,22-07-2024,Active,13437.94
A000680,C02285,BR006,Fixed Deposit,04-07-2025,Active,135348.05
A000681,C01899,BR005,Salary,21-04-2024,Active,109202.51
A000682,C01597,BR001,Savings,22-09-2024,Active,29014.25
A000683,C01333,BR003,Savings,09-06-2023,Inactive,98002.44
A000684,C01562,BR008,Salary,22-07-2023,Closed,43616.93
A000685,C02538,BR008,Savings,26-08-2023,Active,35779.68
A000686,C00568,BR014,Current,17-11-2025,Inactive,125920.86
A000687,C01497,BR003,Savings,22-11-2023,Active,17272.67
A000688,C00724,BR005,Salary,14-06-2025,Active,15494.86
A000689,C00315,BR010,Savings,14-04-2023,Active,8653.06
A000690,C02079,BR001,Savings,28-09-2024,Active,18769.18
A000691,C02115,BR011,Fixed Deposit,05-02-2023,Active,86958.52
A000692,C02556,BR003,Fixed Deposit,04-08-2023,Active,283568.21
A000693,C00065,BR006,Savings,08-06-2025,Closed,12875.05
A000694,C00532,BR002,Savings,26-09-2024,Active,17647.54
A000695,C01724,BR010,Salary,12-12-2023,Inactive,18365.82
A000696,C02438,BR012,Savings,20-08-2023,Active,44003.68
A000697,C02821,BR005,Current,14-03-2025,Active,68203.96
A000698,C02365,BR001,Salary,15-08-2022,Active,29565.55
A000699,C02715,BR007,Savings,24-05-2025,Active,17001
A000700,C02445,BR008,Savings,23-06-2024,Active,23368.97
A000701,C00948,BR005,Savings,26-04-2023,Active,33268.96
A000702,C01746,BR003,Savings,16-10-2024,Active,31217.42
A000703,C01907,BR006,Current,18-12-2025,Active,79681.99
A000704,C01056,BR008,Savings,26-05-2023,Active,34171.41
A000705,C02657,BR005,Fixed Deposit,29-07-2023,Active,141802.89
A000706,C02314,BR012,Salary,19-09-2025,Active,4190.95
A000707,C01551,BR012,Savings,19-05-2023,Active,42917.71
A000708,C01440,BR002,Current,02-06-2025,Active,38679.51
A000709,C02378,BR008,Savings,07-08-2025,Active,55940.52
A000710,C00666,BR010,Savings,01-05-2024,Inactive,39504.04
A000711,C00656,BR002,Current,01-05-2022,Active,102447.25
A000712,C01208,BR001,Savings,30-03-2022,Active,20411.19
A000713,C00383,BR012,Savings,15-02-2023,Active,35811.92
A000714,C01374,BR007,Savings,26-01-2022,Active,62162.33
A000715,C01298,BR007,Savings,19-01-2025,Active,15882.73
A000716,C01517,BR006,Current,23-07-2024,Active,17214.76
A000717,C01385,BR004,Fixed Deposit,27-10-2023,Active,171416.15
A000718,C02693,BR005,Current,03-04-2025,Active,96511.13
A000719,C00824,BR006,Fixed Deposit,15-07-2022,Active,51005.98
A000720,C01234,BR010,Current,02-01-2024,Active,29421.74
A000721,C02215,BR005,Savings,10-05-2023,Active,8434.4
A000722,C00855,BR005,Fixed Deposit,04-02-2022,Active,92754.08
A000723,C01970,BR005,Savings,30-11-2023,Active,20004.47
A000724,C02888,BR009,Savings,31-07-2022,Active,68949.69
A000725,C01127,BR013,Fixed Deposit,08-03-2022,Active,143069.51
A000726,C00726,BR011,Current,05-11-2022,Closed,294183.15
A000727,C00571,BR008,Fixed Deposit,12-10-2022,Active,70128.23
A000728,C00034,BR006,Savings,06-07-2024,Active,28989.69
A000729,C00853,BR013,Salary,04-03-2025,Active,23684.44
A000730,C02550,BR010,Savings,12-12-2023,Active,24446.32
A000731,C00765,BR005,Savings,25-07-2024,Inactive,68435.73
A000732,C02864,BR003,Fixed Deposit,30-05-2022,Closed,155268.3
A000733,C02859,BR003,Savings,23-02-2025,Active,90164.59
A000734,C02047,BR007,Salary,03-01-2024,Active,9618.09
A000735,C02943,BR008,Fixed Deposit,18-09-2023,Active,157018.49
A000736,C01223,BR005,Fixed Deposit,24-06-2025,Active,48816.31
A000737,C02869,BR015,Savings,04-04-2023,Active,66092.92
A000738,C01632,BR014,Savings,04-10-2023,Active,40927.99
A000739,C00243,BR001,Fixed Deposit,14-09-2025,Active,124469.47
A000740,C02497,BR002,Current,07-08-2022,Active,157578.93
A000741,C02852,BR002,Savings,02-02-2024,Active,12382.58
A000742,C02657,BR005,Savings,24-04-2024,Active,19541.27
A000743,C01251,BR008,Savings,19-10-2024,Active,15458.76
A000744,C00308,BR010,Fixed Deposit,19-09-2025,Active,73901.17
A000745,C01757,BR006,Savings,18-05-2023,Active,162146.78
A000746,C02604,BR008,Salary,19-06-2022,Active,8115.98
A000747,C02523,BR006,Savings,07-08-2023,Active,91106.7
A000748,C01853,BR011,Savings,17-08-2022,Active,12235.25
A000749,C02360,BR003,Current,29-11-2024,Active,145242.38
A000750,C00097,BR008,Fixed Deposit,08-04-2024,Active,216775.16
A000751,C01871,BR002,Savings,11-01-2025,Inactive,13618.7
A000752,C00326,BR008,Savings,12-05-2023,Inactive,76690.27
A000753,C02249,BR008,Current,26-10-2025,Active,67884.34
A000754,C00137,BR010,Savings,01-08-2025,Active,28721.29
A000755,C01785,BR006,Savings,30-08-2025,Active,349534.27
A000756,C02846,BR014,Current,07-11-2024,Active,161758.08
A000757,C00336,BR007,Savings,01-10-2022,Active,36827.43
A000758,C01280,BR010,Current,03-08-2022,Active,10689.93
A000759,C00123,BR005,Savings,30-10-2025,Active,17660.39
A000760,C02147,BR007,Salary,26-06-2025,Active,22246.88
A000761,C02777,BR011,Salary,10-07-2025,Active,72191.18
A000762,C00006,BR003,Salary,27-07-2024,Closed,56871.94
A000763,C01638,BR004,Salary,05-06-2025,Active,104832.06
A000764,C02380,BR010,Current,23-12-2023,Active,93203.4
A000765,C00077,BR015,Savings,25-08-2022,Active,57767.76
A000766,C01447,BR003,Savings,10-01-2023,Inactive,45378.12
A000767,C00387,BR015,Savings,29-05-2025,Active,50623.7
A000768,C02771,BR015,Salary,07-08-2024,Active,16795.97
A000769,C01529,BR006,Savings,28-12-2025,Closed,14475.03
A000770,C01563,BR014,Savings,05-08-2025,Closed,55346.62
A000771,C02992,BR005,Current,14-01-2025,Closed,72767.71
A000772,C02367,BR002,Current,26-02-2022,Active,18060.6
A000773,C00942,BR015,Savings,28-09-2022,Active,58734.54
A000774,C01889,BR001,Savings,03-07-2023,Active,97010.23
A000775,C00891,BR015,Current,22-02-2022,Active,66596.82
A000776,C01562,BR008,Fixed Deposit,28-09-2025,Active,104053.04
A000777,C02437,BR007,Salary,30-11-2022,Active,11457.29
A000778,C02845,BR008,Savings,14-07-2023,Closed,19693.8
A000779,C02855,BR006,Fixed Deposit,12-09-2024,Active,42103.35
A000780,C01487,BR010,Savings,22-02-2022,Active,33941.22
A000781,C02686,BR001,Savings,18-07-2024,Active,34532.56
A000782,C02678,BR009,Savings,29-05-2022,Active,27766.81
A000783,C01640,BR011,Savings,11-08-2025,Active,62345.89
A000784,C00109,BR014,Current,06-10-2024,Active,192268.96
A000785,C00358,BR008,Current,06-05-2023,Active,122858.81
A000786,C01973,BR010,Salary,19-10-2024,Active,77820.43
A000787,C02492,BR005,Current,04-04-2023,Active,18094.92
A000788,C02735,BR009,Savings,18-06-2022,Active,19980.74
A000789,C00730,BR005,Current,15-01-2022,Active,77464.89
A000790,C02698,BR007,Salary,17-11-2022,Active,64700.24
A000791,C02480,BR015,Current,31-10-2024,Inactive,29248.19
A000792,C01456,BR007,Savings,03-04-2024,Active,19318.64
A000793,C01123,BR005,Current,03-02-2023,Active,90863.9
A000794,C01417,BR015,Current,30-09-2024,Active,41733.28
A000795,C02027,BR005,Savings,22-07-2023,Active,13046.92
A000796,C02432,BR008,Fixed Deposit,18-08-2022,Active,99810.7
A000797,C00515,BR004,Savings,19-09-2024,Active,6658.38
A000798,C01006,BR010,Savings,29-10-2023,Active,15205.79
A000799,C00361,BR007,Salary,28-08-2024,Active,58088.51
A000800,C02812,BR009,Fixed Deposit,01-04-2024,Active,46206.46
A000801,C01222,BR005,Current,29-05-2022,Active,143852.11
A000802,C00753,BR012,Savings,14-03-2022,Active,48972.49
A000803,C00610,BR002,Fixed Deposit,28-05-2022,Active,110225.97
A000804,C00224,BR008,Savings,23-11-2022,Active,27741.84
A000805,C01414,BR002,Savings,24-11-2022,Inactive,76636.38
A000806,C02316,BR008,Current,04-09-2025,Inactive,24874.01
A000807,C00970,BR011,Savings,18-02-2025,Active,20910.84
A000808,C01215,BR006,Current,09-07-2025,Active,23760.12
A000809,C01910,BR011,Fixed Deposit,24-11-2023,Inactive,39186.11
A000810,C01068,BR005,Savings,17-04-2023,Active,15406.12
A000811,C02218,BR005,Savings,12-08-2023,Active,13264.91
A000812,C00963,BR014,Savings,22-06-2025,Active,46783.93
A000813,C01339,BR006,Current,04-06-2023,Active,50420.08
A000814,C02942,BR005,Salary,13-07-2024,Active,19004.58
A000815,C02509,BR008,Fixed Deposit,31-07-2022,Active,29536.47
A000816,C01716,BR007,Salary,05-12-2025,Active,22613.32
A000817,C01176,BR005,Fixed Deposit,26-07-2024,Active,151654.72
A000818,C02976,BR015,Savings,12-11-2025,Active,26367.37
A000819,C01388,BR012,Savings,07-03-2023,Active,94711.56
A000820,C01031,BR004,Savings,20-06-2024,Active,31178.51
A000821,C01789,BR006,Salary,05-02-2023,Active,58359.8
A000822,C01242,BR008,Savings,15-11-2023,Active,44347.26
A000823,C02669,BR006,Savings,17-04-2023,Closed,24834.43
A000824,C00636,BR008,Savings,27-07-2022,Active,71058.12
A000825,C00151,BR014,Savings,08-10-2023,Active,12436.75
A000826,C01292,BR003,Current,14-02-2024,Active,64923.9
A000827,C02845,BR008,Fixed Deposit,18-08-2022,Active,110409.21
A000828,C00187,BR007,Savings,05-08-2023,Inactive,48407.56
A000829,C02425,BR006,Current,17-05-2022,Closed,90168.92
A000830,C00002,BR011,Savings,01-08-2024,Active,17504.28
A000831,C01673,BR007,Savings,03-04-2023,Active,15528.34
A000832,C01360,BR007,Savings,11-05-2022,Active,37417.41
A000833,C00480,BR014,Current,20-01-2024,Active,79926.85
A000834,C02239,BR015,Current,04-05-2025,Active,53478.09
A000835,C00526,BR010,Current,19-12-2025,Active,95408.71
A000836,C01312,BR015,Salary,13-11-2025,Active,12951.85
A000837,C01675,BR011,Savings,11-09-2022,Active,12735.85
A000838,C01555,BR012,Salary,02-11-2022,Inactive,45673.23
A000839,C00096,BR006,Salary,28-07-2025,Active,44634.69
A000840,C01337,BR001,Savings,13-07-2024,Active,18213.79
A000841,C01965,BR009,Savings,04-03-2024,Active,31771.06
A000842,C01581,BR011,Savings,17-03-2025,Active,13403.6
A000843,C02191,BR007,Savings,05-04-2022,Inactive,28097.92
A000844,C02327,BR002,Savings,20-03-2024,Active,122677.5
A000845,C00539,BR005,Savings,16-04-2024,Active,214074.63
A000846,C02412,BR009,Fixed Deposit,28-09-2025,Active,155929.24
A000847,C02685,BR005,Fixed Deposit,14-11-2023,Active,210398.52
A000848,C02515,BR006,Current,18-01-2024,Active,155420.41
A000849,C02554,BR009,Salary,15-03-2025,Active,8104.89
A000850,C00638,BR005,Fixed Deposit,31-01-2023,Active,134404.35
A000851,C01957,BR004,Savings,13-04-2022,Inactive,4889.32
A000852,C01374,BR007,Current,21-11-2023,Active,102223.97
A000853,C02953,BR011,Current,11-06-2024,Active,195085.46
A000854,C02494,BR001,Fixed Deposit,14-12-2023,Active,294280.87
A000855,C00485,BR012,Salary,29-10-2024,Inactive,36349.21
A000856,C02826,BR010,Savings,06-01-2023,Active,32244.17
A000857,C02092,BR001,Salary,21-01-2022,Inactive,25941.25
A000858,C01629,BR005,Savings,23-02-2025,Active,86147.92
A000859,C01339,BR006,Savings,27-05-2025,Active,42041.48
A000860,C01479,BR015,Current,21-06-2024,Active,94922.82
A000861,C02313,BR009,Salary,04-04-2023,Active,13702.27
A000862,C02294,BR001,Savings,26-06-2023,Active,58338.55
A000863,C01657,BR007,Savings,02-12-2023,Inactive,30810.68
A000864,C02976,BR015,Salary,09-09-2023,Active,49046.63
A000865,C00697,BR015,Savings,23-11-2022,Active,81823.4
A000866,C01278,BR003,Fixed Deposit,28-06-2023,Active,821506.02
A000867,C01797,BR008,Savings,12-03-2023,Active,27223.49
A000868,C00496,BR001,Current,17-10-2023,Active,29398.54
A000869,C01497,BR003,Savings,03-07-2023,Active,22329.51
A000870,C02503,BR002,Fixed Deposit,11-02-2024,Closed,277083.64
A000871,C02027,BR005,Fixed Deposit,24-03-2025,Active,244663.51
A000872,C02132,BR008,Savings,29-04-2023,Active,13758.61
A000873,C00486,BR007,Salary,26-03-2022,Active,70564.28
A000874,C00436,BR011,Salary,10-04-2025,Active,48238.2
A000875,C01326,BR006,Savings,30-09-2022,Active,45477.37
A000876,C00971,BR004,Current,18-09-2025,Active,48870.56
A000877,C00031,BR009,Fixed Deposit,12-02-2024,Active,194340.51
A000878,C01660,BR010,Current,03-02-2024,Closed,166184.08
A000879,C02263,BR003,Fixed Deposit,21-08-2023,Inactive,190536.35
A000880,C02195,BR014,Savings,05-11-2024,Active,66162.27
A000881,C00310,BR009,Fixed Deposit,12-08-2024,Closed,118645.35
A000882,C02342,BR009,Fixed Deposit,21-09-2025,Active,276520.56
A000883,C01143,BR012,Savings,25-01-2022,Active,56691.33
A000884,C00468,BR009,Savings,08-10-2022,Inactive,28825.37
A000885,C01416,BR014,Current,10-02-2023,Closed,101019.14
A000886,C00651,BR009,Fixed Deposit,05-10-2022,Active,154897.48
A000887,C02019,BR011,Savings,17-10-2025,Active,22182.74
A000888,C02233,BR007,Savings,17-04-2022,Active,25370.01
A000889,C02177,BR009,Salary,27-06-2022,Active,21071.92
A000890,C00349,BR005,Savings,08-10-2023,Active,18412.89
A000891,C01046,BR001,Current,22-01-2023,Active,33786.17
A000892,C01495,BR015,Current,29-04-2023,Active,202965.58
A000893,C02955,BR010,Fixed Deposit,01-06-2024,Active,279476.12
A000894,C01638,BR004,Savings,29-03-2024,Active,42750.34
A000895,C01961,BR005,Fixed Deposit,16-06-2025,Active,162626.61
A000896,C01019,BR009,Current,22-10-2023,Active,112022.55
A000897,C00887,BR005,Fixed Deposit,01-10-2025,Active,174571.4
A000898,C02390,BR006,Savings,05-10-2022,Active,160125.68
A000899,C02504,BR013,Current,12-10-2022,Active,19987.35
A000900,C00167,BR005,Fixed Deposit,26-07-2023,Active,127532.76
A000901,C01617,BR010,Salary,20-06-2022,Inactive,41479.85
A000902,C02333,BR011,Savings,12-02-2022,Active,16486.76
A000903,C00474,BR006,Savings,27-06-2023,Active,38188.18
A000904,C01939,BR006,Savings,25-02-2024,Active,14025.68
A000905,C01421,BR003,Savings,10-02-2023,Active,96677.71
A000906,C01522,BR006,Salary,01-02-2023,Active,18523.11
A000907,C01782,BR009,Fixed Deposit,23-05-2022,Active,98526.47
A000908,C02618,BR010,Current,14-06-2022,Active,148622.37
A000909,C00261,BR005,Savings,14-07-2025,Inactive,19332.32
A000910,C00607,BR011,Savings,07-04-2022,Active,29053.86
A000911,C01036,BR008,Savings,23-10-2024,Active,3718.46
A000912,C02403,BR010,Savings,09-11-2024,Active,26606.06
A000913,C01777,BR008,Fixed Deposit,24-10-2022,Active,38488.58
A000914,C00564,BR004,Savings,28-12-2022,Active,20550.95
A000915,C00071,BR006,Savings,22-06-2023,Active,56302.32
A000916,C02972,BR008,Salary,20-08-2024,Inactive,34522.59
A000917,C00414,BR004,Savings,23-02-2022,Active,88235.33
A000918,C00099,BR009,Savings,06-04-2025,Active,18739.14
A000919,C01220,BR005,Current,14-05-2023,Active,93686.31
A000920,C01660,BR010,Savings,01-01-2024,Active,10035.62
A000921,C00776,BR010,Current,22-08-2025,Inactive,49610.31
A000922,C00505,BR015,Savings,14-07-2022,Active,24459.7
A000923,C00260,BR005,Salary,16-10-2025,Active,79158.16
A000924,C01224,BR008,Savings,16-06-2024,Active,20580.07
A000925,C02856,BR007,Savings,16-09-2023,Active,24414.53
A000926,C00444,BR009,Current,15-04-2022,Active,88617.22
A000927,C01719,BR005,Savings,09-04-2022,Active,35817.55
A000928,C00582,BR015,Savings,08-04-2025,Inactive,189726.89
A000929,C02022,BR015,Savings,11-08-2023,Active,1790.13
A000930,C00183,BR005,Savings,17-01-2025,Active,33605.81
A000931,C00610,BR002,Savings,02-05-2025,Active,94971.74
A000932,C00025,BR005,Fixed Deposit,11-08-2023,Active,116561.91
A000933,C01946,BR007,Savings,08-04-2023,Active,54778.36
A000934,C02158,BR011,Current,29-01-2023,Active,267363.05
A000935,C00515,BR004,Savings,19-07-2024,Closed,27676.94
A000936,C01361,BR015,Savings,02-11-2024,Active,20098.86
A000937,C00880,BR002,Salary,26-05-2023,Active,77513.28
A000938,C00137,BR010,Salary,08-04-2024,Active,53325.44
A000939,C00112,BR008,Fixed Deposit,28-02-2024,Active,62505.62
A000940,C02817,BR002,Savings,31-07-2022,Active,58845.1
A000941,C01943,BR002,Savings,08-02-2024,Active,79172.58
A000942,C01997,BR006,Salary,14-01-2025,Active,33457.67
A000943,C00887,BR005,Savings,06-11-2025,Active,45376.17
A000944,C00793,BR013,Savings,03-05-2023,Inactive,54567.89
A000945,C02385,BR005,Savings,15-12-2022,Active,23635.75
A000946,C01317,BR006,Savings,29-07-2025,Active,96074.54
A000947,C00307,BR005,Salary,05-09-2025,Inactive,14571.64
A000948,C01468,BR002,Fixed Deposit,26-04-2025,Active,218739.83
A000949,C01565,BR008,Current,06-05-2023,Active,193734.79
A000950,C01710,BR010,Savings,07-02-2023,Active,14258.93
A000951,C01611,BR009,Salary,01-07-2024,Active,73403.95
A000952,C02573,BR013,Current,08-01-2023,Active,48697.69
A000953,C00734,BR005,Salary,29-01-2025,Active,107958.83
A000954,C01770,BR004,Current,05-08-2023,Active,123995.52
A000955,C02664,BR005,Fixed Deposit,23-04-2023,Active,438680.08
A000956,C02937,BR013,Savings,21-03-2025,Active,42615.25
A000957,C02895,BR012,Current,03-06-2023,Active,234301.83
A000958,C02181,BR004,Salary,10-07-2022,Active,195416.85
A000959,C00321,BR008,Fixed Deposit,07-03-2025,Active,141597.75
A000960,C02966,BR003,Fixed Deposit,07-04-2023,Active,73763.82
A000961,C00097,BR008,Savings,15-08-2024,Active,29642.21
A000962,C01653,BR014,Salary,20-08-2024,Active,41094.55
A000963,C01341,BR001,Savings,02-05-2022,Active,13345.54
A000964,C02036,BR003,Current,18-02-2022,Active,45493.84
A000965,C02349,BR005,Savings,13-04-2025,Active,14806.01
A000966,C02214,BR003,Savings,23-03-2022,Active,16545.32
A000967,C00681,BR012,Fixed Deposit,30-04-2023,Active,339516.24
A000968,C02265,BR010,Salary,18-01-2025,Active,35790.36
A000969,C02274,BR010,Savings,17-09-2022,Active,18629.94
A000970,C00074,BR005,Savings,03-02-2024,Active,30802.91
A000971,C01912,BR010,Savings,18-06-2022,Active,28394.72
A000972,C00383,BR012,Savings,25-03-2024,Active,36603.23
A000973,C01687,BR005,Savings,08-11-2024,Active,9721.2
A000974,C00684,BR011,Fixed Deposit,30-12-2022,Active,319851.87
A000975,C01076,BR012,Savings,16-02-2023,Active,10279.04
A000976,C00815,BR015,Savings,16-02-2024,Active,16292.31
A000977,C02587,BR005,Salary,02-03-2025,Active,18935.42
A000978,C02717,BR008,Savings,07-03-2024,Active,14526.63
A000979,C02395,BR007,Savings,21-10-2024,Active,67027.42
A000980,C02168,BR004,Savings,28-08-2023,Active,167219.03
A000981,C01090,BR008,Savings,08-07-2022,Active,70604.4
A000982,C00430,BR009,Current,10-11-2025,Active,475850.07
A000983,C01705,BR012,Salary,09-03-2025,Active,41846.46
A000984,C01280,BR010,Savings,13-03-2022,Active,33078.95
A000985,C00848,BR010,Salary,08-02-2023,Active,20860.36
A000986,C00730,BR005,Fixed Deposit,30-08-2023,Inactive,86114.48
A000987,C00483,BR011,Salary,30-04-2022,Closed,192766.42
A000988,C02490,BR001,Fixed Deposit,06-06-2025,Active,61409
A000989,C00965,BR003,Fixed Deposit,10-09-2022,Active,291967.59
A000990,C02754,BR009,Salary,29-10-2022,Active,21179.08
A000991,C02010,BR005,Savings,08-04-2023,Active,28004.85
A000992,C00493,BR001,Savings,28-09-2025,Active,44506
A000993,C00188,BR009,Salary,27-11-2022,Active,130432.65
A000994,C01250,BR006,Fixed Deposit,14-09-2023,Active,184123.12
A000995,C00245,BR004,Salary,23-09-2024,Active,49696.62
A000996,C02859,BR003,Current,17-08-2022,Active,134831.58
A000997,C02722,BR005,Salary,11-05-2022,Active,82666.79
A000998,C01972,BR007,Salary,17-05-2022,Inactive,54044.75
A000999,C00879,BR005,Salary,26-09-2022,Active,83103.65
A001000,C02605,BR005,Savings,23-04-2023,Active,21055.06
A001001,C01942,BR010,Savings,06-10-2025,Active,8012.79
A001002,C01074,BR002,Savings,05-09-2025,Active,165107.45
A001003,C02640,BR006,Savings,11-04-2024,Active,14487.93
A001004,C00630,BR009,Current,04-10-2025,Active,69978.35
A001005,C01704,BR005,Savings,12-02-2022,Inactive,26404.91
A001006,C02074,BR002,Fixed Deposit,02-04-2024,Inactive,55929.5
A001007,C02724,BR004,Savings,11-10-2023,Active,18880.37
A001008,C00413,BR001,Salary,22-06-2022,Active,51903.96
A001009,C00863,BR006,Savings,19-03-2024,Active,52375.68
A001010,C02520,BR005,Fixed Deposit,30-10-2023,Inactive,46114.32
A001011,C01499,BR007,Savings,20-01-2025,Active,56202.88
A001012,C02265,BR010,Current,03-09-2023,Active,70251.77
A001013,C02321,BR005,Current,19-09-2023,Active,82280.23
A001014,C00915,BR001,Current,04-12-2022,Active,18687.96
A001015,C00995,BR012,Current,22-11-2023,Active,20045.81
A001016,C01497,BR003,Salary,22-04-2022,Active,22093.52
A001017,C00084,BR006,Salary,07-04-2024,Active,77124.5
A001018,C02398,BR002,Savings,12-07-2023,Active,34451.47
A001019,C00347,BR013,Fixed Deposit,04-02-2023,Active,97068.13
A001020,C02805,BR004,Savings,28-06-2023,Active,22967.36
A001021,C02337,BR002,Savings,27-07-2025,Active,90982.4
A001022,C01057,BR005,Savings,25-10-2024,Active,57596.87
A001023,C00217,BR004,Savings,30-05-2025,Active,42794.24
A001024,C02370,BR005,Savings,30-07-2023,Inactive,12987.14
A001025,C01346,BR004,Fixed Deposit,30-07-2023,Active,349565.41
A001026,C00584,BR012,Current,20-01-2022,Active,66051.26
A001027,C01289,BR014,Fixed Deposit,23-09-2024,Inactive,143158.43
A001028,C02711,BR005,Savings,30-01-2022,Active,20988.88
A001029,C02066,BR010,Current,21-11-2025,Closed,53919.22
A001030,C02059,BR001,Savings,01-10-2024,Active,100625.67
A001031,C01544,BR004,Savings,12-11-2023,Active,14247.06
A001032,C00459,BR003,Savings,23-08-2024,Active,15859.52
A001033,C02849,BR006,Salary,22-12-2025,Active,63140.53
A001034,C02220,BR005,Salary,23-08-2022,Active,24718.06
A001035,C01546,BR007,Savings,25-12-2024,Inactive,55990.79
A001036,C02173,BR011,Savings,19-06-2025,Closed,24437.08
A001037,C01089,BR006,Savings,06-05-2024,Active,57156.52
A001038,C02227,BR005,Savings,26-08-2024,Active,10888.17
A001039,C02904,BR009,Salary,10-01-2024,Active,55828.15
A001040,C01035,BR001,Current,14-08-2022,Active,70512.65
A001041,C00026,BR009,Salary,04-12-2025,Active,76851.48
A001042,C02220,BR005,Fixed Deposit,25-02-2023,Active,160560.88
A001043,C02557,BR014,Savings,18-07-2023,Active,50927.12
A001044,C02480,BR015,Fixed Deposit,23-11-2025,Active,128548.2
A001045,C02926,BR015,Salary,24-03-2022,Active,8210.21
A001046,C01042,BR005,Savings,19-08-2023,Active,111849.19
A001047,C02755,BR007,Salary,23-03-2024,Closed,46509.71
A001048,C00624,BR004,Savings,12-12-2022,Active,66568.23
A001049,C01762,BR005,Salary,05-09-2024,Active,17743.4
A001050,C02664,BR005,Salary,05-02-2024,Active,42948.74
A001051,C02747,BR015,Fixed Deposit,18-01-2023,Active,129349.85
A001052,C01863,BR005,Salary,28-10-2022,Active,39733.34
A001053,C01639,BR008,Salary,23-02-2023,Closed,15748.07
A001054,C01382,BR001,Savings,02-03-2025,Active,2468825.99
A001055,C02603,BR006,Fixed Deposit,01-02-2024,Active,83177.1
A001056,C02640,BR006,Salary,06-03-2025,Active,108481.43
A001057,C00719,BR003,Salary,15-11-2024,Active,28309.55
A001058,C00409,BR011,Fixed Deposit,16-03-2025,Inactive,488524.96
A001059,C02442,BR005,Savings,03-06-2025,Inactive,75557.17
A001060,C02432,BR008,Savings,20-06-2024,Closed,14062.4
A001061,C00300,BR005,Salary,11-06-2023,Active,19759.9
A001062,C01473,BR008,Fixed Deposit,10-10-2024,Active,108976.42
A001063,C01520,BR005,Salary,11-10-2025,Active,29078.64
A001064,C00128,BR012,Savings,15-04-2023,Active,18538.23
A001065,C01993,BR007,Savings,14-12-2023,Active,20471.24
A001066,C02918,BR015,Current,08-07-2025,Inactive,88707.72
A001067,C00635,BR005,Savings,22-05-2024,Active,6618.74
A001068,C02335,BR007,Fixed Deposit,30-07-2022,Inactive,113295.32
A001069,C00243,BR001,Current,28-05-2023,Active,68749.67
A001070,C00645,BR015,Savings,07-01-2023,Active,61943.45
A001071,C01696,BR009,Savings,29-11-2023,Active,297806.12
A001072,C02772,BR012,Fixed Deposit,21-12-2025,Active,201613.05
A001073,C02657,BR005,Current,11-05-2025,Active,110775.56
A001074,C02807,BR010,Savings,04-11-2025,Active,34163.4
A001075,C02963,BR005,Current,19-12-2024,Active,12048.98
A001076,C02402,BR013,Savings,12-01-2024,Active,84015.51
A001077,C01091,BR014,Savings,22-08-2024,Inactive,77362.27
A001078,C00382,BR015,Salary,31-12-2023,Closed,56951.88
A001079,C02467,BR008,Savings,01-03-2022,Active,37952.97
A001080,C00560,BR003,Savings,20-06-2022,Active,65473
A001081,C01562,BR008,Savings,21-03-2024,Active,12784.71
A001082,C02263,BR003,Savings,21-08-2024,Active,6349.68
A001083,C00104,BR005,Current,06-01-2023,Closed,126286.6
A001084,C02742,BR001,Salary,15-02-2022,Active,33628.74
A001085,C00911,BR010,Savings,12-04-2022,Active,55100.65
A001086,C00646,BR005,Savings,05-04-2023,Active,3234.47
A001087,C01116,BR002,Salary,12-06-2025,Active,130127.18
A001088,C01383,BR005,Fixed Deposit,04-09-2023,Active,116027.96
A001089,C01364,BR009,Savings,23-11-2025,Active,9249.63
A001090,C00465,BR005,Savings,30-07-2025,Active,26726.01
A001091,C00569,BR006,Fixed Deposit,07-06-2025,Inactive,114015.56
A001092,C01435,BR006,Savings,15-11-2025,Active,11954.79
A001093,C00680,BR001,Fixed Deposit,20-12-2022,Active,134605.25
A001094,C01928,BR015,Salary,24-11-2025,Active,85125.78
A001095,C02698,BR007,Savings,11-09-2025,Active,46104.97
A001096,C00056,BR008,Savings,13-03-2025,Active,9244.76
A001097,C00109,BR014,Fixed Deposit,09-10-2022,Active,66909.61
A001098,C01929,BR003,Savings,28-02-2023,Active,31504.18
A001099,C00086,BR002,Current,11-08-2024,Active,78033.94
A001100,C01920,BR006,Savings,08-03-2022,Active,28802.98
A001101,C01472,BR006,Current,15-04-2025,Active,48976.02
A001102,C01366,BR013,Fixed Deposit,14-09-2023,Active,309712.3
A001103,C01820,BR002,Current,01-02-2022,Active,145082.55
A001104,C02687,BR009,Savings,11-03-2023,Active,59651.26
A001105,C00383,BR012,Current,01-08-2023,Active,96631.21
A001106,C00405,BR012,Salary,15-08-2024,Active,50431
A001107,C02090,BR001,Savings,29-05-2024,Active,27490.88
A001108,C00154,BR006,Salary,27-06-2023,Active,20891.4
A001109,C01287,BR014,Current,23-06-2024,Active,52871.84
A001110,C01488,BR003,Savings,25-07-2025,Active,129909.11
A001111,C01176,BR005,Fixed Deposit,27-05-2023,Active,182636.31
A001112,C01600,BR011,Savings,01-07-2023,Active,8532.27
A001113,C00341,BR004,Savings,29-05-2022,Active,34141.59
A001114,C00801,BR009,Savings,07-07-2023,Active,5952
A001115,C00016,BR005,Savings,19-02-2023,Active,43213.63
A001116,C02885,BR004,Savings,14-01-2025,Active,39522.91
A001117,C02496,BR008,Savings,15-06-2022,Active,22080.96
A001118,C00762,BR015,Salary,12-05-2024,Active,15749.08
A001119,C00110,BR008,Current,02-02-2025,Active,61451.56
A001120,C00811,BR009,Savings,08-01-2023,Inactive,32615.38
A001121,C02869,BR015,Salary,09-04-2022,Active,6718.77
A001122,C02433,BR007,Salary,15-09-2024,Active,97383.23
A001123,C01978,BR012,Current,09-05-2024,Active,57757.06
A001124,C02769,BR001,Fixed Deposit,02-04-2024,Active,36289.08
A001125,C00530,BR001,Savings,09-07-2025,Inactive,111076.73
A001126,C01609,BR012,Savings,02-06-2022,Active,86141.68
A001127,C02382,BR011,Savings,16-10-2022,Inactive,24481.45
A001128,C00058,BR009,Savings,14-11-2023,Active,12070.15
A001129,C01306,BR005,Savings,01-04-2024,Active,16152.67
A001130,C01067,BR006,Savings,04-09-2025,Active,24130.44
A001131,C00531,BR013,Current,22-06-2024,Active,62357.98
A001132,C00672,BR013,Fixed Deposit,06-11-2022,Active,136028.97
A001133,C02905,BR008,Salary,29-05-2025,Active,40303.18
A001134,C01534,BR014,Salary,29-08-2023,Active,60821.83
A001135,C00245,BR004,Salary,22-06-2025,Active,29294.15
A001136,C02048,BR012,Salary,08-02-2023,Active,16667.28
A001137,C01774,BR008,Savings,02-03-2025,Inactive,9775.11
A001138,C01178,BR008,Savings,24-02-2024,Active,46054.62
A001139,C01192,BR005,Savings,22-03-2024,Active,75238.69
A001140,C01613,BR006,Savings,25-11-2025,Active,22675.73
A001141,C02787,BR002,Current,14-08-2022,Inactive,103209.19
A001142,C02280,BR007,Savings,29-03-2023,Active,25232.99
A001143,C01202,BR004,Savings,25-09-2022,Active,37582.32
A001144,C00739,BR003,Savings,01-05-2025,Active,29004.12
A001145,C00327,BR002,Salary,27-05-2025,Active,100117.21
A001146,C00588,BR008,Savings,09-05-2025,Active,53203.15
A001147,C00413,BR001,Savings,14-12-2022,Active,33305.92
A001148,C02417,BR010,Savings,15-01-2023,Active,37354.78
A001149,C01728,BR009,Savings,11-08-2023,Active,12740.51
A001150,C00112,BR008,Salary,02-02-2025,Active,5243.15
A001151,C02779,BR007,Savings,02-01-2025,Active,22277.66
A001152,C00452,BR005,Savings,14-12-2025,Active,29678.95
A001153,C01937,BR008,Fixed Deposit,19-02-2025,Closed,186451.95
A001154,C00038,BR009,Savings,25-10-2025,Active,30468.82
A001155,C01767,BR004,Current,24-01-2023,Active,105286
A001156,C01667,BR006,Current,03-06-2024,Active,46261.55
A001157,C02727,BR003,Savings,18-02-2024,Closed,54787.23
A001158,C01801,BR008,Savings,10-08-2022,Inactive,41876.12
A001159,C01468,BR002,Savings,15-10-2025,Active,69903.28
A001160,C01594,BR001,Savings,24-06-2022,Active,35820.53
A001161,C01900,BR007,Savings,02-06-2025,Closed,92775.37
A001162,C01243,BR011,Current,25-01-2023,Active,65593.49
A001163,C02142,BR012,Savings,20-11-2022,Active,33813.96
A001164,C01588,BR005,Savings,28-05-2024,Active,42938.97
A001165,C02908,BR008,Current,14-11-2023,Active,51449.58
A001166,C00582,BR015,Savings,19-07-2023,Active,49863.93
A001167,C02188,BR015,Current,12-08-2025,Active,51585.37
A001168,C02479,BR009,Savings,18-10-2024,Active,43984.22
A001169,C02155,BR012,Salary,08-06-2024,Active,29711.97
A001170,C02943,BR008,Fixed Deposit,24-02-2025,Active,193150.97
A001171,C01303,BR012,Current,19-03-2025,Active,29234.86
A001172,C01622,BR003,Fixed Deposit,21-09-2022,Active,53193.23
A001173,C00462,BR004,Savings,07-10-2023,Closed,135424.41
A001174,C01124,BR010,Savings,15-08-2025,Active,19759.81
A001175,C00480,BR014,Savings,04-04-2025,Active,32750.5
A001176,C02376,BR002,Savings,30-03-2022,Active,113861.21
A001177,C02347,BR007,Fixed Deposit,26-12-2022,Active,286633.3
A001178,C00580,BR013,Savings,23-01-2023,Active,17228.21
A001179,C02409,BR010,Savings,20-01-2024,Active,96926.65
A001180,C00963,BR014,Fixed Deposit,05-04-2025,Active,143425.1
A001181,C02190,BR012,Savings,07-12-2023,Active,29004.76
A001182,C02820,BR006,Current,26-09-2022,Active,19032.78
A001183,C02489,BR006,Savings,25-03-2024,Active,31409.43
A001184,C00559,BR007,Fixed Deposit,18-11-2022,Active,61063.44
A001185,C00541,BR008,Savings,17-09-2024,Active,24267.15
A001186,C00337,BR008,Salary,26-11-2025,Active,11777.61
A001187,C02526,BR005,Current,12-07-2024,Inactive,206861.03
A001188,C01640,BR011,Fixed Deposit,25-08-2025,Active,60031.17
A001189,C00468,BR009,Fixed Deposit,06-03-2024,Active,86432.77
A001190,C01763,BR012,Salary,02-04-2025,Active,22542.16
A001191,C01590,BR011,Savings,05-10-2025,Inactive,144061.81
A001192,C01792,BR012,Savings,11-09-2022,Inactive,45256.56
A001193,C01905,BR010,Fixed Deposit,30-08-2024,Active,124623.65
A001194,C00494,BR005,Current,08-01-2023,Active,113734.2
A001195,C01162,BR004,Fixed Deposit,04-05-2022,Active,292708.71
A001196,C02164,BR011,Salary,10-12-2022,Active,96607.05
A001197,C02728,BR005,Savings,28-07-2022,Active,30653.21
A001198,C00727,BR012,Savings,04-10-2022,Active,29913.77
A001199,C01714,BR013,Savings,10-01-2022,Active,170527.4
A001200,C02845,BR008,Salary,18-11-2025,Active,14109.57
A001201,C01804,BR007,Savings,06-10-2023,Active,68949.87
A001202,C00684,BR011,Savings,31-08-2022,Active,36953.3
A001203,C01752,BR008,Salary,17-05-2023,Active,22865.27
A001204,C00052,BR003,Savings,26-12-2024,Active,20175.13
A001205,C01468,BR002,Savings,12-07-2024,Active,111046.3
A001206,C01704,BR005,Savings,16-03-2022,Active,51979.96
A001207,C00170,BR004,Current,05-08-2022,Active,39283.72
A001208,C00609,BR012,Savings,05-03-2024,Active,74563.82
A001209,C02967,BR008,Salary,17-11-2025,Active,46803.9
A001210,C01886,BR011,Fixed Deposit,14-04-2022,Active,223574.51
A001211,C01376,BR008,Salary,13-06-2025,Inactive,9201.71
A001212,C00688,BR015,Fixed Deposit,01-04-2022,Active,90569.42
A001213,C00373,BR006,Savings,25-12-2023,Active,
A001214,C01285,BR009,Savings,03-12-2022,Active,37439.34
A001215,C01637,BR004,Savings,11-09-2023,Active,162266.53
A001216,C00539,BR005,Salary,14-09-2025,Active,14163.14
A001217,C02403,BR010,Savings,12-11-2022,Active,4097.53
A001218,C01287,BR014,Fixed Deposit,22-07-2024,Active,128937.01
A001219,C00168,BR014,Current,02-05-2023,Active,72589.88
A001220,C00410,BR009,Salary,09-08-2024,Active,38665.42
A001221,C02585,BR005,Savings,22-03-2022,Active,114233.53
A001222,C01014,BR005,Salary,11-03-2023,Active,71670.73
A001223,C01119,BR011,Savings,31-10-2025,Active,3966.35
A001224,C00597,BR001,Current,23-11-2024,Active,66185.2
A001225,C02424,BR004,Salary,30-09-2025,Active,24689.89
A001226,C02449,BR012,Savings,22-09-2024,Active,99383.04
A001227,C00728,BR005,Fixed Deposit,28-09-2022,Active,111583.94
A001228,C02189,BR006,Salary,06-11-2023,Active,35159.42
A001229,C01357,BR006,Salary,06-07-2025,Active,28612.81
A001230,C00501,BR008,Savings,24-09-2024,Active,13596.82
A001231,C02388,BR009,Savings,31-01-2024,Active,11712.57
A001232,C00249,BR003,Savings,20-06-2025,Active,30387.95
A001233,C02624,BR010,Current,15-06-2022,Active,38396.48
A001234,C00078,BR013,Savings,04-11-2025,Active,142035.15
A001235,C00970,BR011,Fixed Deposit,04-07-2022,Active,96927.36
A001236,C00681,BR012,Fixed Deposit,27-12-2025,Active,76229.19
A001237,C00706,BR006,Savings,21-03-2025,Active,24169.12
A001238,C01441,BR005,Salary,15-12-2023,Active,21187.4
A001239,C02256,BR012,Savings,27-11-2023,Active,57834.58
A001240,C01200,BR013,Savings,17-02-2022,Active,28077.24
A001241,C01548,BR006,Savings,08-04-2023,Inactive,80035.44
A001242,C02915,BR004,Salary,01-12-2022,Active,118846.5
A001243,C01494,BR003,Fixed Deposit,29-10-2024,Active,258082.82
A001244,C02377,BR008,Savings,15-10-2022,Active,111620.44
A001245,C01155,BR005,Savings,23-03-2025,Active,70126.19
A001246,C00235,BR001,Savings,16-03-2023,Active,21947.55
A001247,C00768,BR002,Current,27-05-2025,Inactive,89302.67
A001248,C00477,BR007,Savings,11-06-2023,Active,63326.8
A001249,C02722,BR005,Salary,04-01-2025,Closed,20703.01
A001250,C00080,BR005,Fixed Deposit,03-09-2024,Active,341506.88
A001251,C02468,BR015,Savings,16-12-2025,Active,32372.49
A001252,C00415,BR007,Fixed Deposit,08-02-2024,Active,229342.56
A001253,C00452,BR005,Salary,31-05-2023,Active,38657.39
A001254,C01589,BR011,Current,07-08-2024,Active,53490.45
A001255,C00244,BR005,Salary,13-02-2022,Active,30571.54
A001256,C00231,BR005,Savings,20-11-2025,Active,25919.68
A001257,C02327,BR002,Current,17-09-2024,Active,34389.62
A001258,C00180,BR007,Savings,13-03-2022,Active,68805.88
A001259,C01792,BR012,Salary,10-09-2022,Active,14739.77
A001260,C00355,BR006,Savings,22-01-2022,Active,37070.8
A001261,C00257,BR012,Savings,01-09-2024,Active,24725.21
A001262,C02009,BR007,Savings,30-08-2024,Active,67137.02
A001263,C01177,BR010,Savings,27-08-2022,Active,26170.79
A001264,C00059,BR006,Savings,09-03-2024,Closed,14880.36
A001265,C02045,BR015,Savings,17-12-2023,Inactive,81146.86
A001266,C02909,BR001,Fixed Deposit,07-12-2023,Active,154593.94
A001267,C01684,BR002,Current,21-06-2024,Active,28070.05
A001268,C01143,BR012,Savings,31-05-2025,Active,103345.59
A001269,C02532,BR005,Fixed Deposit,29-08-2025,Inactive,84989.3
A001270,C01010,BR007,Salary,21-08-2022,Active,32052.03
A001271,C01840,BR015,Savings,11-10-2025,Inactive,24260.37
A001272,C01425,BR007,Current,18-04-2024,Closed,55481.07
A001273,C02179,BR014,Savings,22-09-2022,Active,33021.28
A001274,C01554,BR011,Current,23-09-2025,Active,80210.23
A001275,C01446,BR010,Salary,25-06-2023,Active,20650.44
A001276,C01261,BR008,Savings,14-10-2023,Active,103379.36
A001277,C00888,BR010,Current,13-11-2025,Active,124276.58
A001278,C01459,BR004,Savings,27-04-2024,Active,43528.29
A001279,C00183,BR005,Current,28-07-2022,Active,109088.55
A001280,C01020,BR009,Savings,13-04-2022,Active,33798.13
A001281,C00230,BR006,Salary,13-04-2025,Active,31475.23
A001282,C00967,BR011,Current,26-05-2023,Active,54832.85
A001283,C01055,BR007,Savings,26-05-2022,Inactive,32061.42
A001284,C00082,BR011,Salary,02-03-2022,Active,113377.83
A001285,C00889,BR012,Savings,13-10-2025,Active,38477.82
A001286,C02016,BR008,Current,16-04-2024,Active,27818.86
A001287,C02910,BR008,Current,05-02-2024,Inactive,31758.13
A001288,C01852,BR013,Savings,12-05-2024,Active,28034.04
A001289,C02136,BR006,Savings,04-09-2023,Active,74560.14
A001290,C02007,BR008,Savings,21-10-2025,Active,18809.01
A001291,C02834,BR009,Salary,29-05-2024,Active,79132.61
A001292,C02824,BR005,Salary,21-07-2024,Active,119115.12
A001293,C00343,BR006,Savings,29-07-2025,Active,21163.91
A001294,C01420,BR001,Savings,05-01-2022,Active,97721.75
A001295,C02724,BR004,Fixed Deposit,12-04-2023,Active,72858.06
A001296,C02646,BR008,Savings,02-05-2025,Inactive,73271.92
A001297,C01604,BR006,Savings,21-05-2022,Active,20382.87
A001298,C01332,BR012,Salary,27-04-2023,Active,31621.95
A001299,C00175,BR012,Savings,27-08-2022,Active,31585.36
A001300,C01433,BR003,Fixed Deposit,09-11-2024,Active,115117.66
A001301,C01519,BR005,Savings,17-05-2025,Active,34701.91
A001302,C01899,BR005,Fixed Deposit,21-01-2023,Active,87344.99
A001303,C01566,BR005,Savings,01-10-2024,Active,13191.9
A001304,C00648,BR002,Savings,15-01-2025,Active,15321.71
A001305,C02905,BR008,Savings,15-08-2025,Inactive,19566.56
A001306,C00653,BR006,Fixed Deposit,17-09-2025,Inactive,126686.33
A001307,C01148,BR006,Current,28-10-2023,Active,71681.76
A001308,C01530,BR005,Savings,26-04-2022,Active,19872.79
A001309,C00880,BR002,Fixed Deposit,23-12-2024,Closed,53407.64
A001310,C00206,BR008,Savings,06-03-2024,Active,115234.21
A001311,C01834,BR005,Savings,02-11-2023,Active,38313.21
A001312,C00710,BR004,Savings,29-02-2024,Active,45567.65
A001313,C02638,BR012,Salary,29-07-2024,Active,13857.95
A001314,C02381,BR013,Savings,23-02-2023,Active,93920.37
A001315,C01285,BR009,Savings,25-04-2023,Active,125580.89
A001316,C01392,BR003,Fixed Deposit,15-05-2023,Active,36446.72
A001317,C02850,BR004,Current,22-12-2023,Active,76794.62
A001318,C00080,BR005,Savings,14-09-2024,Active,55966.68
A001319,C01137,BR011,Current,03-03-2022,Active,15782.28
A001320,C00183,BR005,Savings,04-03-2023,Active,73341.94
A001321,C00416,BR010,Savings,29-11-2024,Active,61538.02
A001322,C02759,BR001,Savings,14-02-2022,Active,79419.32
A001323,C00305,BR007,Current,08-03-2025,Active,55568.95
A001324,C02871,BR008,Salary,28-01-2025,Active,75979.94
A001325,C02352,BR005,Savings,12-04-2023,Active,23798.37
A001326,C01924,BR004,Savings,02-07-2024,Active,4145.02
A001327,C02226,BR006,Savings,18-12-2023,Active,23613.34
A001328,C00555,BR008,Salary,01-01-2023,Active,21857.2
A001329,C00352,BR002,Salary,07-08-2022,Active,42958.29
A001330,C01105,BR009,Salary,05-11-2025,Active,71353.07
A001331,C02294,BR001,Fixed Deposit,09-06-2025,Active,76056.55
A001332,C00917,BR002,Salary,05-08-2025,Active,193000.01
A001333,C00528,BR006,Fixed Deposit,25-07-2022,Active,164879.54
A001334,C02356,BR003,Current,09-11-2025,Active,113665.11
A001335,C01903,BR002,Savings,03-07-2024,Active,44329.17
A001336,C01612,BR015,Current,19-01-2024,Active,407139.28
A001337,C01238,BR003,Savings,15-05-2023,Active,13908.72
A001338,C02339,BR003,Savings,10-12-2022,Active,27179
A001339,C02204,BR009,Savings,21-04-2023,Closed,17983.38
A001340,C01082,BR003,Savings,11-09-2022,Active,19555.92
A001341,C00389,BR009,Salary,28-02-2025,Active,127673.51
A001342,C02609,BR007,Savings,17-10-2025,Active,38901.15
A001343,C00411,BR012,Savings,13-11-2025,Closed,27932.5
A001344,C01288,BR006,Fixed Deposit,25-07-2025,Active,112286.73
A001345,C02688,BR015,Current,13-07-2022,Active,23519.84
A001346,C01253,BR005,Savings,18-12-2024,Active,12301.72
A001347,C02494,BR001,Savings,07-06-2025,Active,11334.6
A001348,C01468,BR002,Savings,16-01-2024,Active,32699.23
A001349,C02236,BR002,Fixed Deposit,26-03-2024,Active,125856.28
A001350,C01776,BR008,Savings,16-07-2023,Active,12919.78
A001351,C00841,BR008,Fixed Deposit,16-04-2025,Inactive,82423.41
A001352,C02683,BR006,Savings,24-10-2024,Active,91605.91
A001353,C01403,BR006,Salary,08-07-2024,Inactive,104940.02
A001354,C01374,BR007,Savings,14-01-2022,Active,61316.45
A001355,C01976,BR012,Savings,04-11-2025,Active,34884.89
A001356,C02791,BR003,Savings,05-02-2024,Active,21552.75
A001357,C02615,BR002,Savings,28-10-2025,Active,48688.98
A001358,C01182,BR002,Fixed Deposit,18-09-2024,Active,99762.34
A001359,C00694,BR008,Salary,31-01-2024,Active,39470.46
A001360,C00974,BR008,Savings,06-01-2025,Closed,23633.09
A001361,C00788,BR003,Salary,27-12-2022,Active,30610.18
A001362,C00886,BR005,Savings,22-10-2023,Active,27900.92
A001363,C01293,BR009,Fixed Deposit,06-02-2022,Active,66526.73
A001364,C00064,BR010,Savings,24-12-2024,Active,18287.64
A001365,C01600,BR011,Savings,19-04-2023,Active,49432.26
A001366,C02548,BR004,Savings,21-05-2022,Closed,56728.99
A001367,C01292,BR003,Savings,09-03-2025,Active,46889.22
A001368,C00238,BR004,Fixed Deposit,07-12-2022,Active,117769.12
A001369,C01170,BR012,Savings,23-11-2022,Active,30824.07
A001370,C01003,BR005,Savings,31-07-2022,Active,22366.65
A001371,C01784,BR003,Salary,31-05-2024,Active,32870.4
A001372,C00752,BR002,Savings,12-05-2023,Active,19860.43
A001373,C00903,BR005,Savings,13-04-2024,Active,100704.32
A001374,C02234,BR013,Salary,18-05-2023,Active,41025.86
A001375,C00527,BR006,Savings,05-01-2025,Active,8845.7
A001376,C02798,BR005,Salary,01-07-2023,Inactive,11303.23
A001377,C00893,BR015,Current,04-03-2025,Active,122969.79
A001378,C02451,BR007,Savings,12-11-2023,Active,30032.69
A001379,C00247,BR001,Savings,22-01-2022,Active,25128.65
A001380,C00960,BR010,Savings,30-09-2023,Active,91341.73
A001381,C01132,BR007,Current,25-12-2022,Active,85522.59
A001382,C01368,BR014,Current,18-12-2023,Active,17968.58
A001383,C00276,BR011,Salary,02-07-2022,Active,13421.44
A001384,C00742,BR013,Savings,04-01-2025,Active,59664.29
A001385,C02632,BR006,Salary,01-07-2024,Active,196446.53
A001386,C02772,BR012,Savings,27-07-2022,Active,71448.64
A001387,C01323,BR008,Fixed Deposit,30-11-2025,Active,81666.28
A001388,C00357,BR010,Savings,28-05-2023,Active,28865.22
A001389,C00827,BR015,Salary,03-11-2022,Active,36472.29
A001390,C02856,BR007,Savings,01-01-2022,Active,6286.31
A001391,C02757,BR002,Savings,27-12-2022,Active,35705.21
A001392,C02441,BR008,Savings,11-02-2022,Active,57502.32
A001393,C02589,BR011,Fixed Deposit,07-12-2023,Active,69526.87
A001394,C02135,BR005,Salary,04-06-2024,Active,88453.11
A001395,C01871,BR002,Salary,25-06-2023,Active,180509.51
A001396,C02322,BR010,Savings,03-07-2025,Active,146034.46
A001397,C01939,BR006,Current,12-11-2025,Active,93664.42
A001398,C01019,BR009,Savings,23-03-2023,Active,35788.24
A001399,C01924,BR004,Current,20-07-2024,Active,28883.09
A001400,C00888,BR010,Savings,11-08-2023,Active,8462.99
A001401,C01876,BR003,Salary,04-02-2023,Closed,39100.86
A001402,C01145,BR007,Salary,03-11-2022,Active,56632.58
A001403,C01463,BR002,Savings,01-02-2024,Active,27508.39
A001404,C00545,BR003,Current,28-07-2022,Active,98303.24
A001405,C02872,BR015,Savings,09-09-2024,Active,134387.86
A001406,C02240,BR006,Savings,15-07-2025,Active,49427.52
A001407,C00322,BR011,Savings,22-06-2023,Inactive,151088.65
A001408,C01426,BR008,Savings,15-04-2024,Active,65772.08
A001409,C01363,BR002,Savings,27-11-2025,Active,112002.91
A001410,C02658,BR011,Salary,26-10-2024,Active,94063.81
A001411,C02266,BR003,Salary,14-08-2023,Active,19645.32
A001412,C02636,BR001,Savings,12-07-2025,Active,22708.13
A001413,C01401,BR006,Fixed Deposit,04-03-2022,Active,178600.28
A001414,C00468,BR009,Fixed Deposit,09-05-2024,Active,155787.83
A001415,C02164,BR011,Savings,04-01-2023,Active,156914.29
A001416,C00657,BR005,Savings,21-09-2022,Inactive,36280.39
A001417,C01910,BR011,Fixed Deposit,26-01-2024,Closed,138624.25
A001418,C01232,BR004,Savings,08-11-2024,Active,11290.63
A001419,C01049,BR008,Savings,14-12-2024,Active,70185.7
A001420,C00357,BR010,Fixed Deposit,28-12-2024,Active,47411.23
A001421,C02401,BR002,Salary,26-02-2023,Active,102224.74
A001422,C02069,BR012,Salary,28-08-2023,Inactive,19545.57
A001423,C01026,BR012,Fixed Deposit,15-06-2022,Active,214408.93
A001424,C02213,BR012,Savings,20-06-2024,Active,77872.98
A001425,C02960,BR004,Salary,20-03-2025,Active,23559.09
A001426,C02165,BR008,Salary,09-12-2023,Active,116805.8
A001427,C02849,BR006,Savings,02-04-2023,Active,92928.39
A001428,C01411,BR001,Savings,02-05-2023,Active,53065.94
A001429,C01131,BR003,Savings,07-08-2024,Active,15040.9
A001430,C02530,BR009,Salary,09-09-2024,Active,69092.32
A001431,C01989,BR005,Salary,27-11-2023,Active,37019.94
A001432,C01818,BR001,Fixed Deposit,28-12-2022,Closed,145956.67
A001433,C01926,BR003,Savings,23-08-2023,Active,37266.82
A001434,C02981,BR010,Current,24-04-2023,Active,86892.59
A001435,C02063,BR005,Savings,24-05-2022,Active,16769.61
A001436,C02447,BR005,Fixed Deposit,16-08-2023,Active,166780.59
A001437,C00108,BR003,Current,25-05-2025,Active,48132.84
A001438,C02167,BR014,Salary,16-06-2024,Active,45140.92
A001439,C00954,BR006,Savings,15-07-2022,Active,4459.82
A001440,C00370,BR008,Savings,30-05-2025,Active,64886.36
A001441,C00830,BR012,Savings,08-11-2022,Inactive,53816.99
A001442,C02498,BR003,Salary,17-06-2024,Active,27059.3
A001443,C02453,BR002,Savings,09-04-2024,Active,83755.03
A001444,C00917,BR002,Salary,26-11-2024,Active,28058.37
A001445,C00577,BR008,Savings,24-01-2025,Active,49955.36
A001446,C01257,BR008,Current,04-03-2023,Active,34412.55
A001447,C00996,BR002,Savings,10-02-2025,Active,5205.93
A001448,C01389,BR015,Savings,08-05-2024,Active,28654.76
A001449,C02353,BR003,Current,26-05-2023,Closed,35405.53
A001450,C00994,BR009,Savings,01-06-2022,Active,78497.75
A001451,C00521,BR015,Savings,10-04-2024,Active,30104.53
A001452,C00326,BR008,Current,08-11-2023,Active,10414.28
A001453,C02056,BR005,Savings,19-11-2023,Active,68282.36
A001454,C00599,BR007,Current,04-10-2024,Inactive,149405.38
A001455,C00659,BR002,Current,01-11-2024,Active,58560.21
A001456,C02411,BR005,Savings,20-09-2022,Active,13408.11
A001457,C00279,BR004,Savings,10-03-2023,Inactive,8562.41
A001458,C01957,BR004,Savings,10-08-2025,Inactive,22232.69
A001459,C00034,BR006,Savings,17-05-2024,Active,67618.8
A001460,C02829,BR006,Savings,02-09-2023,Active,19124.3
A001461,C02141,BR006,Current,21-11-2025,Active,141733.35
A001462,C02464,BR011,Savings,07-09-2024,Active,14620.42
A001463,C02000,BR004,Fixed Deposit,26-05-2025,Active,61154.8
A001464,C01207,BR001,Salary,18-11-2023,Active,42994.93
A001465,C02986,BR001,Savings,27-08-2022,Active,19846.76
A001466,C02359,BR005,Current,05-12-2024,Active,121918.73
A001467,C00267,BR003,Savings,07-04-2025,Active,3812.16
A001468,C01730,BR013,Savings,03-05-2024,Active,71429.24
A001469,C01628,BR005,Fixed Deposit,25-09-2023,Inactive,70670.25
A001470,C00859,BR008,Savings,29-06-2022,Inactive,15671.12
A001471,C01369,BR012,Savings,25-12-2022,Active,166178.47
A001472,C02926,BR015,Fixed Deposit,13-09-2025,Inactive,131435.34
A001473,C00260,BR005,Fixed Deposit,04-09-2022,Active,176306.45
A001474,C02786,BR001,Current,22-08-2024,Active,79834.84
A001475,C02102,BR006,Salary,26-08-2024,Active,89438.68
A001476,C00337,BR008,Salary,21-11-2023,Active,118400.18
A001477,C00916,BR013,Salary,27-12-2025,Active,108761.49
A001478,C02519,BR006,Savings,15-09-2024,Active,107883.8
A001479,C02111,BR014,Salary,13-11-2025,Closed,21065.46
A001480,C00234,BR011,Current,17-01-2023,Active,14222.33
A001481,C00443,BR009,Savings,18-12-2024,Active,29638.78
A001482,C02787,BR002,Savings,28-01-2025,Active,9431.98
A001483,C00473,BR008,Savings,04-09-2025,Active,24357.43
A001484,C01873,BR001,Savings,24-08-2023,Closed,46173.59
A001485,C02987,BR010,Savings,01-05-2023,Active,20231.62
A001486,C00500,BR001,Savings,22-03-2025,Active,39654.76
A001487,C00134,BR005,Fixed Deposit,16-11-2024,Active,203578.11
A001488,C02452,BR005,Savings,05-02-2023,Active,49618.78
A001489,C02850,BR004,Savings,21-03-2023,Active,61081.62
A001490,C01548,BR006,Salary,28-02-2025,Active,30033.3
A001491,C00700,BR001,Savings,12-04-2024,Active,
A001492,C00179,BR015,Salary,17-08-2025,Active,10031.22
A001493,C02734,BR012,Current,10-07-2024,Active,104914.72
A001494,C02396,BR004,Current,03-12-2025,Active,94759.01
A001495,C02690,BR005,Savings,24-04-2023,Active,31648.56
A001496,C02366,BR010,Savings,08-02-2025,Active,6021.57
A001497,C01299,BR006,Current,05-10-2022,Active,132069.34
A001498,C01447,BR003,Savings,25-10-2024,Active,53991.73
A001499,C01147,BR002,Savings,03-09-2023,Active,8716.25
A001500,C02194,BR003,Savings,30-01-2024,Active,29779.44
A001501,C00301,BR007,Salary,26-03-2025,Active,17273.47
A001502,C00121,BR008,Current,04-06-2022,Active,163803.5
A001503,C02884,BR015,Salary,23-11-2022,Active,37632.17
A001504,C00955,BR006,Salary,28-03-2024,Active,35860.07
A001505,C00104,BR005,Savings,29-08-2023,Active,55683.57
A001506,C02020,BR008,Fixed Deposit,02-04-2024,Inactive,42763.85
A001507,C01197,BR004,Salary,22-09-2023,Active,16503.29
A001508,C00692,BR011,Savings,05-04-2022,Active,90930.37
A001509,C01304,BR006,Savings,30-09-2025,Active,28916.45
A001510,C01352,BR015,Savings,06-10-2024,Active,47767.91
A001511,C01836,BR005,Fixed Deposit,10-06-2024,Inactive,82205.57
A001512,C02796,BR006,Savings,06-08-2022,Active,51537.31
A001513,C02644,BR013,Savings,16-10-2022,Active,4220.32
A001514,C02481,BR012,Fixed Deposit,21-05-2024,Active,70911.76
A001515,C01477,BR009,Current,18-03-2022,Active,158021.75
A001516,C01674,BR003,Savings,22-11-2023,Active,12106.78
A001517,C00397,BR013,Current,23-07-2025,Active,21674.27
A001518,C01731,BR011,Salary,02-07-2025,Active,27974.64
A001519,C02015,BR002,Savings,23-01-2024,Active,31865.12
A001520,C02662,BR005,Current,06-12-2022,Active,127127.54
A001521,C00139,BR013,Current,19-04-2022,Active,60572.55
A001522,C02590,BR007,Current,08-09-2022,Active,170358.53
A001523,C01556,BR015,Fixed Deposit,14-02-2023,Inactive,258997.91
A001524,C00265,BR006,Current,16-03-2024,Active,35955.75
A001525,C02987,BR010,Current,26-11-2024,Active,344516.09
A001526,C01397,BR015,Salary,04-11-2023,Active,61482.64
A001527,C01235,BR011,Savings,22-04-2025,Active,34005.85
A001528,C00573,BR005,Savings,24-08-2022,Inactive,22073.02
A001529,C00221,BR007,Fixed Deposit,11-09-2023,Active,40431.59
A001530,C00250,BR003,Salary,15-06-2024,Inactive,98655.17
A001531,C00802,BR012,Savings,20-03-2022,Active,85833.89
A001532,C00878,BR006,Savings,16-08-2025,Active,47765.87
A001533,C01390,BR012,Savings,24-12-2025,Active,39712.5
A001534,C01832,BR012,Savings,17-12-2024,Active,250113.23
A001535,C02976,BR015,Savings,23-10-2024,Active,51900.86
A001536,C02384,BR008,Current,03-11-2022,Active,40467.44
A001537,C01458,BR006,Savings,25-09-2022,Active,29476.02
A001538,C02738,BR009,Current,15-12-2022,Active,39368.77
A001539,C01674,BR003,Fixed Deposit,17-07-2022,Active,406621.03
A001540,C01269,BR009,Fixed Deposit,25-03-2024,Active,196119.38
A001541,C00653,BR006,Salary,30-10-2025,Active,11873.92
A001542,C01267,BR008,Savings,16-09-2024,Active,19010.3
A001543,C00124,BR005,Current,11-07-2025,Inactive,92667.78
A001544,C00460,BR008,Current,01-12-2025,Active,133598.45
A001545,C02835,BR006,Savings,25-08-2024,Active,26208.18
A001546,C00585,BR001,Fixed Deposit,03-06-2022,Active,423911.51
A001547,C01702,BR007,Salary,21-09-2025,Active,104695.18
A001548,C00308,BR010,Current,09-03-2024,Inactive,31310.16
A001549,C01804,BR007,Savings,10-03-2024,Active,38177.64
A001550,C02928,BR002,Savings,13-12-2025,Active,29053.65
A001551,C01374,BR007,Fixed Deposit,26-09-2024,Active,126360.68
A001552,C00383,BR012,Savings,12-06-2022,Active,16934.04
A001553,C00069,BR009,Savings,22-01-2025,Active,15400.12
A001554,C02270,BR008,Current,21-11-2025,Active,17221.45
A001555,C00309,BR003,Salary,13-12-2022,Active,34007.56
A001556,C00954,BR006,Savings,07-11-2023,Active,6040.71
A001557,C02531,BR015,Savings,01-06-2022,Active,86682.77
A001558,C01612,BR015,Salary,14-11-2024,Active,42923.15
A001559,C02620,BR008,Fixed Deposit,28-07-2022,Active,87560.88
A001560,C02619,BR010,Savings,14-09-2023,Active,9211.34
A001561,C01985,BR004,Salary,08-08-2024,Active,19886.48
A001562,C02809,BR006,Savings,13-05-2025,Closed,19047.54
A001563,C00110,BR008,Salary,12-04-2023,Active,29459.5
A001564,C00721,BR003,Current,20-08-2025,Inactive,60831.35
A001565,C00831,BR013,Fixed Deposit,05-02-2022,Active,90502.8
A001566,C02734,BR012,Salary,01-09-2022,Inactive,38064.93
A001567,C01865,BR003,Savings,23-06-2022,Active,18637.66
A001568,C00757,BR012,Savings,27-12-2024,Active,224731.13
A001569,C00626,BR009,Salary,13-06-2023,Active,27927.57
A001570,C02415,BR009,Savings,31-01-2022,Active,16192.54
A001571,C02577,BR015,Salary,25-02-2025,Active,7049.59
A001572,C00046,BR004,Savings,09-02-2023,Active,37795.74
A001573,C01097,BR013,Savings,23-09-2024,Active,62960.05
A001574,C01606,BR003,Salary,17-03-2024,Active,13281.52
A001575,C00706,BR006,Savings,12-06-2022,Active,59536.52
A001576,C02178,BR004,Fixed Deposit,31-05-2024,Active,172489.43
A001577,C02274,BR010,Savings,12-06-2025,Active,7752.26
A001578,C02517,BR007,Savings,18-06-2023,Active,59571.73
A001579,C02359,BR005,Savings,02-05-2025,Active,27939.89
A001580,C02524,BR015,Savings,31-01-2023,Active,13438.92
A001581,C01098,BR009,Current,18-02-2023,Active,182773.42
A001582,C00897,BR008,Savings,08-09-2022,Active,77675
A001583,C00949,BR002,Savings,06-11-2022,Active,13193.52
A001584,C02560,BR002,Fixed Deposit,17-12-2022,Active,161460.54
A001585,C01948,BR005,Savings,07-08-2024,Active,41601.28
A001586,C00971,BR004,Savings,10-07-2022,Active,33036.6
A001587,C02165,BR008,Fixed Deposit,06-03-2024,Inactive,58610.54
A001588,C00702,BR001,Current,17-01-2023,Active,92698.6
A001589,C00800,BR005,Savings,03-08-2022,Active,77717.15
A001590,C00005,BR001,Fixed Deposit,14-04-2025,Active,193818.04
A001591,C02899,BR004,Current,28-02-2024,Active,54110.65
A001592,C00708,BR005,Savings,25-02-2023,Active,5659.91
A001593,C02257,BR009,Savings,21-07-2024,Closed,7219.62
A001594,C00356,BR006,Fixed Deposit,19-08-2025,Active,75301.02
A001595,C00109,BR014,Savings,18-02-2023,Active,18420.28
A001596,C02025,BR008,Salary,25-12-2022,Active,23820.6
A001597,C00296,BR005,Savings,24-09-2024,Active,33102.93
A001598,C00435,BR006,Savings,20-12-2023,Active,34007.65
A001599,C00992,BR005,Fixed Deposit,11-09-2024,Active,133179.37
A001600,C01757,BR006,Fixed Deposit,02-09-2022,Active,299681.41
A001601,C00055,BR009,Savings,25-09-2025,Active,8416.18
A001602,C00380,BR011,Savings,25-01-2022,Active,46488.78
A001603,C01014,BR005,Salary,04-02-2023,Inactive,46297.25
A001604,C02114,BR005,Current,02-07-2024,Active,84273.47
A001605,C00293,BR005,Savings,31-01-2024,Active,55095.33
A001606,C00857,BR008,Savings,09-05-2023,Active,48040
A001607,C00579,BR010,Fixed Deposit,28-11-2025,Active,88135.58
A001608,C00927,BR005,Savings,20-05-2023,Active,4483.07
A001609,C00774,BR003,Savings,18-09-2024,Active,79405.28
A001610,C01922,BR012,Savings,19-08-2023,Active,42437.48
A001611,C00202,BR005,Savings,06-10-2023,Active,49322.96
A001612,C02817,BR002,Current,10-02-2025,Active,69217.12
A001613,C00734,BR005,Savings,02-06-2023,Active,22277.08
A001614,C02975,BR001,Current,08-08-2023,Inactive,56422.71
A001615,C02188,BR015,Savings,16-02-2025,Inactive,105083.65
A001616,C01072,BR008,Savings,07-05-2022,Active,13681.99
A001617,C00907,BR010,Fixed Deposit,24-09-2023,Active,227819.72
A001618,C02839,BR007,Current,12-02-2023,Active,83656.4
A001619,C02990,BR010,Savings,06-12-2023,Active,42245.39
A001620,C01837,BR005,Savings,21-04-2024,Inactive,91875.01
A001621,C00142,BR008,Current,19-09-2023,Active,24531.13
A001622,C02720,BR001,Salary,22-12-2025,Active,18262.91
A001623,C01431,BR014,Current,26-08-2025,Active,23267.29
A001624,C00084,BR006,Salary,29-07-2022,Active,15744.75
A001625,C02406,BR008,Savings,28-07-2024,Active,11340.77
A001626,C00100,BR001,Fixed Deposit,18-04-2023,Active,135240.35
A001627,C01116,BR002,Savings,10-11-2024,Active,16535.82
A001628,C00224,BR008,Savings,11-12-2023,Active,170873.88
A001629,C01311,BR015,Current,25-10-2025,Active,42487.77
A001630,C02414,BR008,Savings,12-10-2025,Active,21450.78
A001631,C00388,BR009,Savings,24-03-2022,Active,14942.15
A001632,C00414,BR004,Savings,08-06-2022,Active,46675.2
A001633,C02870,BR008,Salary,03-02-2022,Active,96039.62
A001634,C00530,BR001,Salary,05-03-2025,Active,44818.51
A001635,C00338,BR014,Current,01-12-2022,Active,38257.62
A001636,C01757,BR006,Savings,22-11-2024,Active,10320.69
A001637,C00831,BR013,Savings,01-05-2023,Active,25380.26
A001638,C02873,BR004,Salary,24-03-2023,Active,45778.99
A001639,C00492,BR005,Current,01-06-2024,Active,113076.31
A001640,C01702,BR007,Savings,04-02-2025,Active,82426.25
A001641,C02763,BR009,Savings,07-04-2024,Active,54786.56
A001642,C02198,BR005,Savings,19-04-2024,Active,42823.85
A001643,C00087,BR013,Savings,12-12-2024,Inactive,53875.68
A001644,C00564,BR004,Salary,08-09-2022,Active,10746.41
A001645,C00376,BR006,Fixed Deposit,14-05-2024,Active,382694.25
A001646,C02743,BR014,Fixed Deposit,22-02-2023,Active,90013.91
A001647,C00606,BR008,Savings,15-08-2022,Active,48524.91
A001648,C00168,BR014,Savings,25-04-2023,Active,14644.85
A001649,C01149,BR010,Salary,09-10-2022,Active,37524.53
A001650,C00849,BR002,Savings,17-04-2023,Active,30432.57
A001651,C00492,BR005,Current,04-02-2022,Active,58788.86
A001652,C01362,BR015,Salary,26-12-2024,Active,12656.59
A001653,C02702,BR003,Savings,24-05-2023,Active,51384.94
A001654,C00679,BR005,Savings,22-08-2024,Active,14101.66
A001655,C02945,BR005,Savings,30-12-2024,Closed,15420.17
A001656,C01992,BR006,Current,12-04-2025,Active,209732.27
A001657,C01147,BR002,Savings,24-04-2022,Active,96595.15
A001658,C02037,BR001,Savings,17-01-2024,Active,17115.54
A001659,C01046,BR001,Savings,01-09-2023,Active,7723.07
A001660,C00636,BR008,Salary,28-05-2023,Active,15671.83
A001661,C00704,BR005,Fixed Deposit,24-03-2025,Active,122248.61
A001662,C00026,BR009,Fixed Deposit,09-04-2022,Active,83947.81
A001663,C01946,BR007,Salary,30-03-2023,Active,48687.84
A001664,C00223,BR012,Savings,06-03-2025,Active,18450.37
A001665,C00596,BR004,Savings,31-07-2023,Inactive,31039.74
A001666,C00002,BR011,Savings,20-04-2022,Active,133042.85
A001667,C00196,BR014,Current,11-09-2022,Inactive,14268.96
A001668,C02717,BR008,Salary,17-03-2023,Active,28824.6
A001669,C00072,BR005,Savings,29-12-2022,Active,24797.08
A001670,C01865,BR003,Fixed Deposit,04-09-2024,Active,237608
A001671,C00984,BR014,Savings,08-09-2022,Closed,22393.25
A001672,C00416,BR010,Current,21-01-2025,Active,63860.43
A001673,C00900,BR008,Fixed Deposit,01-04-2023,Active,96217.39
A001674,C00278,BR011,Current,11-04-2022,Active,161413.6
A001675,C00939,BR006,Salary,17-01-2022,Active,28926.91
A001676,C02453,BR002,Salary,06-06-2024,Active,10661.61
A001677,C01862,BR005,Salary,09-12-2024,Active,28932.63
A001678,C02434,BR008,Salary,20-07-2022,Inactive,19827.33
A001679,C02090,BR001,Savings,28-03-2023,Active,18050.65
A001680,C02783,BR005,Savings,11-01-2025,Inactive,28556.52
A001681,C00325,BR005,Salary,21-06-2025,Active,52599.06
A001682,C00478,BR010,Current,02-12-2024,Active,48069.5
A001683,C01235,BR011,Current,21-06-2024,Active,52187.39
A001684,C01567,BR003,Savings,28-12-2024,Active,15493.39
A001685,C02352,BR005,Savings,10-03-2023,Active,147251.49
A001686,C00365,BR015,Savings,04-04-2022,Active,55800.19
A001687,C00332,BR006,Fixed Deposit,04-04-2024,Active,119840.22
A001688,C02387,BR014,Savings,28-03-2024,Active,104689.8
A001689,C01648,BR005,Savings,19-03-2025,Active,28542.17
A001690,C01238,BR003,Savings,18-12-2022,Active,242662.12
A001691,C00667,BR008,Savings,22-07-2025,Active,43732.54
A001692,C02088,BR007,Savings,26-12-2023,Closed,56601.71
A001693,C02407,BR010,Salary,08-10-2023,Active,71310.48
A001694,C00091,BR008,Savings,16-12-2025,Inactive,123770.49
A001695,C00162,BR011,Savings,05-03-2024,Closed,24099.54
A001696,C02334,BR007,Savings,13-05-2022,Active,115004.11
A001697,C02652,BR008,Savings,06-01-2023,Active,20596.57
A001698,C00689,BR009,Salary,17-05-2024,Active,25741.88
A001699,C02118,BR013,Fixed Deposit,03-12-2022,Active,48868.61
A001700,C02529,BR007,Salary,30-08-2022,Active,76532.38
A001701,C00340,BR001,Fixed Deposit,10-03-2023,Active,144684.53
A001702,C00558,BR007,Savings,16-01-2024,Active,142374.54
A001703,C00392,BR001,Fixed Deposit,16-05-2022,Active,85840.12
A001704,C02371,BR001,Savings,01-02-2024,Active,36198.05
A001705,C02315,BR005,Salary,28-11-2024,Active,15397.47
A001706,C00403,BR011,Current,29-10-2023,Inactive,36537.08
A001707,C00524,BR006,Savings,11-10-2024,Active,5894.76
A001708,C01991,BR006,Savings,23-07-2024,Active,65722.95
A001709,C02693,BR005,Savings,27-12-2023,Active,17376.2
A001710,C02338,BR012,Savings,24-11-2025,Inactive,101816.51
A001711,C00503,BR005,Savings,12-06-2024,Active,10776.91
A001712,C01159,BR001,Fixed Deposit,22-03-2025,Active,185737.63
A001713,C00200,BR009,Savings,25-07-2024,Active,50793.61
A001714,C00733,BR005,Current,01-11-2025,Active,53123.06
A001715,C01691,BR013,Current,22-09-2023,Active,40152.73
A001716,C01034,BR013,Savings,04-10-2022,Active,26391.5
A001717,C01821,BR014,Savings,23-09-2022,Inactive,78656.39
A001718,C00890,BR013,Savings,22-12-2025,Active,82362.01
A001719,C01691,BR013,Savings,12-03-2025,Active,25954.65
A001720,C01900,BR007,Savings,22-03-2023,Active,20890.32
A001721,C00584,BR012,Savings,16-10-2023,Closed,10931.86
A001722,C00134,BR005,Savings,19-02-2022,Active,43420.83
A001723,C01015,BR006,Salary,24-10-2025,Inactive,69831.33
A001724,C00125,BR007,Salary,30-09-2023,Active,39805.33
A001725,C00479,BR013,Savings,16-07-2023,Active,15944.3
A001726,C00864,BR006,Current,26-12-2022,Active,102086.02
A001727,C01015,BR006,Fixed Deposit,01-05-2022,Active,134912.4
A001728,C00831,BR013,Savings,18-01-2025,Inactive,73835.57
A001729,C00161,BR005,Savings,22-11-2022,Active,42079.18
A001730,C00532,BR002,Savings,08-05-2022,Active,52129.19
A001731,C02648,BR008,Savings,30-11-2025,Closed,17931.21
A001732,C02151,BR004,Salary,11-03-2024,Active,30747.06
A001733,C01333,BR003,Salary,23-04-2022,Active,44911.6
A001734,C00072,BR005,Current,27-02-2023,Active,150592.63
A001735,C01075,BR011,Savings,19-03-2024,Active,7619.04
A001736,C02773,BR008,Salary,30-10-2022,Active,150050.82
A001737,C02429,BR010,Savings,17-12-2025,Active,60825.92
A001738,C02273,BR002,Savings,03-07-2025,Active,36044.42
A001739,C00746,BR002,Savings,18-07-2025,Active,38075.65
A001740,C01209,BR008,Fixed Deposit,24-01-2024,Active,171686.49
A001741,C00086,BR002,Salary,14-12-2025,Active,18616.13
A001742,C02577,BR015,Current,21-04-2023,Active,64376.49
A001743,C00340,BR001,Salary,22-03-2024,Active,72089.87
A001744,C01855,BR005,Savings,26-12-2024,Active,51864.51
A001745,C00847,BR004,Savings,09-01-2024,Active,14834.35
A001746,C01711,BR005,Salary,31-05-2025,Active,88298.97
A001747,C02482,BR005,Fixed Deposit,01-06-2022,Active,70757.85
A001748,C00940,BR003,Current,08-10-2023,Active,42779.32
A001749,C00051,BR005,Savings,27-04-2025,Active,53097.16
A001750,C01990,BR002,Fixed Deposit,24-09-2022,Active,54154.92
A001751,C01597,BR001,Savings,17-07-2023,Active,32476.28
A001752,C00420,BR010,Savings,23-12-2025,Active,48521.75
A001753,C00146,BR005,Savings,15-06-2024,Active,59597.29
A001754,C01575,BR001,Savings,09-06-2023,Active,76127.61
A001755,C01841,BR007,Current,15-06-2023,Active,176320.31
A001756,C00349,BR005,Current,28-10-2022,Active,96690.42
A001757,C01798,BR014,Savings,09-12-2024,Active,42886.19
A001758,C01336,BR009,Savings,31-05-2022,Active,96312.25
A001759,C00412,BR004,Current,31-10-2022,Active,43427.62
A001760,C01849,BR006,Savings,30-06-2022,Active,26512.85
A001761,C01937,BR008,Savings,06-01-2025,Inactive,36695.45
A001762,C00467,BR008,Savings,09-10-2025,Active,144193.89
A001763,C02021,BR014,Fixed Deposit,08-05-2022,Active,357839.64
A001764,C00667,BR008,Fixed Deposit,15-10-2025,Active,43582.46
A001765,C01792,BR012,Savings,31-08-2025,Active,92265.44
A001766,C02440,BR002,Salary,13-01-2024,Active,22059.01
A001767,C02812,BR009,Fixed Deposit,24-02-2022,Active,42321.93
A001768,C00768,BR002,Savings,08-10-2024,Closed,172367.1
A001769,C01017,BR001,Fixed Deposit,06-02-2024,Active,101426.81
A001770,C00287,BR001,Savings,01-05-2025,Active,138805.11
A001771,C02908,BR008,Current,07-03-2023,Active,43791.2
A001772,C00993,BR001,Current,25-03-2024,Active,13528.03
A001773,C02407,BR010,Savings,26-07-2025,Active,93834.55
A001774,C02806,BR011,Salary,01-09-2024,Active,7398.51
A001775,C01428,BR011,Salary,02-08-2024,Inactive,40792.97
A001776,C02082,BR008,Savings,13-11-2025,Active,84065.22
A001777,C01417,BR015,Current,17-12-2023,Active,21735.49
A001778,C01727,BR006,Fixed Deposit,10-09-2022,Active,148214.6
A001779,C00749,BR008,Fixed Deposit,27-11-2025,Active,142155.58
A001780,C02522,BR007,Current,22-07-2022,Active,144285.24
A001781,C00370,BR008,Savings,16-03-2024,Active,52404.05
A001782,C01981,BR009,Savings,05-01-2025,Closed,54182.54
A001783,C02760,BR008,Savings,23-02-2025,Active,34817.1
A001784,C02434,BR008,Salary,24-10-2024,Active,65108.3
A001785,C02277,BR010,Salary,14-09-2023,Active,50739.71
A001786,C01972,BR007,Fixed Deposit,29-09-2022,Active,83308.26
A001787,C02838,BR006,Savings,25-02-2022,Active,55274.31
A001788,C02593,BR007,Fixed Deposit,18-03-2023,Active,39717.26
A001789,C00825,BR009,Fixed Deposit,21-11-2025,Active,79461.89
A001790,C01873,BR001,Salary,28-09-2024,Active,17038.59
A001791,C01287,BR014,Fixed Deposit,18-08-2023,Inactive,129597.18
A001792,C00795,BR007,Savings,24-12-2023,Inactive,51871.79
A001793,C02455,BR004,Savings,04-05-2023,Active,27148.05
A001794,C00124,BR005,Savings,29-07-2025,Inactive,60042.69
A001795,C00385,BR012,Savings,25-10-2023,Active,129883.98
A001796,C00316,BR003,Savings,08-05-2025,Active,14707.18
A001797,C00607,BR011,Salary,16-03-2022,Active,78760.87
A001798,C01538,BR015,Savings,13-12-2023,Active,88134.8
A001799,C02827,BR006,Savings,30-05-2024,Active,29346.62
A001800,C02916,BR005,Savings,01-09-2024,Active,69138.69
A001801,C02701,BR006,Salary,04-02-2022,Active,28189.83
A001802,C02279,BR010,Fixed Deposit,29-07-2024,Active,58111.03
A001803,C01380,BR015,Savings,11-05-2025,Active,3411.8
A001804,C02327,BR002,Salary,15-05-2022,Closed,119522.41
A001805,C00805,BR005,Fixed Deposit,29-04-2023,Active,85505.53
A001806,C01992,BR006,Salary,14-09-2023,Active,37781.61
A001807,C00025,BR005,Salary,07-01-2023,Active,17522.58
A001808,C02711,BR005,Current,05-10-2023,Closed,23975.49
A001809,C02915,BR004,Fixed Deposit,28-07-2025,Active,108865.1
A001810,C02207,BR009,Savings,04-08-2025,Active,22077.51
A001811,C00525,BR002,Salary,28-05-2024,Active,90694.79
A001812,C00776,BR010,Savings,17-07-2025,Active,65213.38
A001813,C02220,BR005,Savings,05-04-2025,Active,26357.65
A001814,C01499,BR007,Salary,26-03-2022,Inactive,15071.98
A001815,C01643,BR012,Salary,20-07-2023,Active,13437.38
A001816,C01214,BR001,Fixed Deposit,19-05-2025,Active,62991.23
A001817,C02508,BR008,Fixed Deposit,09-10-2023,Closed,194118.07
A001818,C00497,BR012,Salary,12-06-2024,Active,40558.57
A001819,C01326,BR006,Current,25-08-2023,Active,79301.06
A001820,C00668,BR005,Fixed Deposit,24-01-2022,Active,136050.89
A001821,C02076,BR003,Savings,05-04-2024,Active,26562.52
A001822,C00856,BR008,Savings,12-07-2023,Active,27168.95
A001823,C00899,BR012,Savings,04-02-2025,Active,80602.24
A001824,C00521,BR015,Current,21-07-2025,Active,139291.58
A001825,C02591,BR011,Salary,02-06-2022,Closed,85708.31
A001826,C00652,BR008,Salary,08-06-2023,Active,160871.75
A001827,C02606,BR005,Savings,28-07-2023,Active,8118.3
A001828,C02750,BR013,Salary,15-09-2024,Active,35498.96
A001829,C02893,BR002,Current,02-08-2023,Active,49424.65
A001830,C01030,BR005,Fixed Deposit,06-04-2024,Active,73555.43
A001831,C01965,BR009,Savings,20-08-2025,Active,5559.43
A001832,C02483,BR004,Current,11-05-2024,Inactive,151523.92
A001833,C00235,BR001,Salary,24-05-2022,Active,29061.58
A001834,C00194,BR001,Current,04-12-2023,Active,50619.32
A001835,C00621,BR005,Savings,19-07-2025,Active,203170.15
A001836,C02946,BR008,Savings,06-12-2023,Active,29140.3
A001837,C00270,BR014,Savings,07-12-2025,Active,51301.78
A001838,C02295,BR010,Savings,11-08-2025,Closed,31597.13
A001839,C02517,BR007,Current,21-01-2023,Active,74646.57
A001840,C02721,BR010,Current,28-08-2023,Active,40752.43
A001841,C01587,BR006,Salary,28-09-2022,Active,74790.19
A001842,C01578,BR013,Savings,07-10-2022,Active,18082.1
A001843,C02228,BR007,Savings,22-06-2023,Active,39848.33
A001844,C01904,BR005,Salary,06-09-2023,Active,41063.35
A001845,C02360,BR003,Salary,27-05-2023,Active,8623.69
A001846,C01083,BR011,Salary,06-12-2024,Active,15560.49
A001847,C02801,BR015,Salary,11-08-2022,Active,74636.75
A001848,C01297,BR012,Fixed Deposit,26-11-2023,Active,108837.31
A001849,C00745,BR004,Fixed Deposit,22-07-2025,Active,25129.15
A001850,C02253,BR001,Current,05-12-2024,Active,128763.63
A001851,C01863,BR005,Savings,26-10-2022,Active,51388.73
A001852,C00150,BR005,Savings,17-12-2022,Active,126366.38
A001853,C00500,BR001,Current,14-09-2025,Active,112768.49
A001854,C00110,BR008,Savings,01-05-2024,Active,40933.29
A001855,C01728,BR009,Savings,09-07-2025,Active,10520.31
A001856,C02625,BR011,Savings,16-06-2025,Active,61613.74
A001857,C00968,BR008,Fixed Deposit,08-10-2023,Active,318282.68
A001858,C00331,BR008,Savings,13-02-2024,Active,21145.09
A001859,C02554,BR009,Salary,23-06-2023,Active,7412.94
A001860,C02164,BR011,Fixed Deposit,19-07-2024,Active,37070.18
A001861,C01636,BR006,Salary,07-08-2024,Active,156104.6
A001862,C00599,BR007,Savings,18-09-2024,Active,37469.13
A001863,C02017,BR010,Fixed Deposit,11-06-2025,Active,72191.72
A001864,C01099,BR004,Current,16-12-2024,Active,180634.89
A001865,C00736,BR002,Savings,29-05-2022,Closed,22949.68
A001866,C00881,BR007,Current,27-05-2023,Active,67844.35
A001867,C00185,BR009,Savings,12-04-2024,Active,25520.26
A001868,C01472,BR006,Salary,04-07-2024,Inactive,28322.01
A001869,C02260,BR005,Fixed Deposit,16-06-2025,Active,94531.41
A001870,C02480,BR015,Current,01-09-2023,Active,38870.61
A001871,C02173,BR011,Fixed Deposit,15-04-2025,Active,152136.73
A001872,C02627,BR012,Savings,26-07-2023,Active,51131.1
A001873,C02891,BR009,Fixed Deposit,02-08-2022,Active,247566.39
A001874,C00667,BR008,Salary,26-11-2023,Active,20722.1
A001875,C01301,BR011,Savings,06-08-2022,Active,8519.08
A001876,C01013,BR009,Fixed Deposit,19-08-2023,Closed,82919.76
A001877,C02055,BR004,Fixed Deposit,21-12-2022,Active,38026.33
A001878,C02511,BR001,Savings,07-02-2022,Active,44884.16
A001879,C02670,BR012,Salary,27-08-2024,Active,17505.72
A001880,C00269,BR001,Savings,20-12-2024,Active,10072.85
A001881,C01545,BR003,Savings,12-07-2022,Inactive,13206.94
A001882,C00351,BR005,Savings,03-05-2024,Active,48658.28
A001883,C00990,BR007,Savings,04-01-2024,Active,62781.07
A001884,C01439,BR008,Savings,21-07-2022,Active,22753.17
A001885,C01860,BR006,Savings,07-06-2024,Active,24910.44
A001886,C02371,BR001,Fixed Deposit,17-01-2023,Active,143732.48
A001887,C02984,BR008,Savings,15-04-2025,Active,40286.35
A001888,C01008,BR008,Salary,11-06-2024,Active,95919.5
A001889,C01679,BR015,Savings,13-06-2022,Active,30610.32
A001890,C00209,BR006,Savings,27-01-2024,Active,17264.04
A001891,C00335,BR011,Salary,20-06-2022,Active,88128.63
A001892,C02904,BR009,Savings,22-11-2024,Active,26862.94
A001893,C02816,BR006,Savings,11-03-2023,Inactive,17901.94
A001894,C02817,BR002,Fixed Deposit,16-12-2023,Active,61855.07
A001895,C00785,BR002,Savings,13-10-2024,Active,119966.02
A001896,C01956,BR010,Savings,19-05-2025,Active,40899.06
A001897,C00688,BR015,Current,19-01-2024,Active,96692.67
A001898,C02046,BR005,Savings,24-04-2022,Active,129012.99
A001899,C01454,BR006,Salary,14-01-2023,Active,48209.71
A001900,C02802,BR015,Savings,14-06-2024,Inactive,42187.53
A001901,C01122,BR006,Savings,03-03-2022,Active,24827.99
A001902,C01932,BR013,Savings,27-06-2023,Active,91441.62
A001903,C01978,BR012,Savings,18-04-2023,Active,13641.99
A001904,C02366,BR010,Current,25-03-2023,Active,10258.1
A001905,C00157,BR010,Fixed Deposit,25-10-2025,Active,77137.19
A001906,C01391,BR014,Salary,10-10-2025,Inactive,16815.28
A001907,C01357,BR006,Savings,03-08-2025,Active,79128.92
A001908,C00685,BR011,Fixed Deposit,16-06-2025,Inactive,50604.17
A001909,C02415,BR009,Salary,29-07-2025,Active,41845.62
A001910,C02498,BR003,Savings,26-09-2022,Active,16551.6
A001911,C00245,BR004,Savings,29-07-2023,Active,59779.29
A001912,C02054,BR015,Savings,25-03-2022,Active,114246.3
A001913,C02585,BR005,Savings,10-03-2025,Active,46826.98
A001914,C00869,BR015,Savings,21-06-2025,Active,18557.29
A001915,C01897,BR015,Savings,12-02-2022,Active,45399.71
A001916,C01870,BR008,Fixed Deposit,05-09-2022,Active,719121.89
A001917,C00056,BR008,Savings,04-09-2022,Active,15298.16
A001918,C02450,BR010,Savings,18-09-2025,Active,28092.5
A001919,C02251,BR012,Fixed Deposit,28-02-2025,Closed,268967.9
A001920,C00812,BR010,Current,10-02-2023,Active,45688.35
A001921,C00943,BR007,Savings,08-03-2022,Active,43277.1
A001922,C02305,BR001,Savings,25-08-2023,Active,54530.36
A001923,C02406,BR008,Salary,03-05-2024,Active,29161
A001924,C00218,BR012,Savings,07-03-2022,Active,5589.44
A001925,C01077,BR004,Current,17-11-2023,Closed,49298.61
A001926,C01875,BR005,Fixed Deposit,25-02-2024,Inactive,63624.48
A001927,C00382,BR015,Salary,04-12-2025,Active,51646
A001928,C02997,BR005,Fixed Deposit,03-10-2022,Active,112087.69
A001929,C00628,BR006,Salary,25-09-2022,Active,25502.23
A001930,C02600,BR005,Salary,22-09-2023,Inactive,57162.5
A001931,C00194,BR001,Savings,12-04-2023,Active,41784.44
A001932,C02627,BR012,Savings,05-09-2025,Active,63851.7
A001933,C00121,BR008,Savings,23-02-2025,Closed,13783.38
A001934,C02042,BR006,Current,05-01-2023,Active,53644.79
A001935,C01082,BR003,Savings,05-05-2023,Active,23649.26
A001936,C01384,BR015,Current,16-07-2024,Active,165359.07
A001937,C00326,BR008,Savings,27-06-2025,Active,6696.67
A001938,C02032,BR005,Current,23-10-2022,Active,66006.03
A001939,C01868,BR005,Savings,09-03-2023,Active,55502.68
A001940,C00964,BR005,Fixed Deposit,09-06-2024,Active,81548.52
A001941,C01417,BR015,Savings,10-06-2025,Active,34104.59
A001942,C01659,BR012,Salary,27-02-2023,Active,5578.95
A001943,C02064,BR005,Current,15-11-2023,Active,117287.81
A001944,C01620,BR006,Savings,22-09-2024,Active,134540.85
A001945,C00178,BR011,Salary,14-09-2023,Active,17156.58
A001946,C01632,BR014,Fixed Deposit,30-01-2025,Active,314672.57
A001947,C01046,BR001,Salary,23-01-2024,Active,69470.87
A001948,C01236,BR007,Fixed Deposit,10-07-2025,Active,110356.64
A001949,C01113,BR005,Savings,06-06-2024,Active,88928.06
A001950,C01059,BR013,Fixed Deposit,04-09-2025,Active,171573.66
A001951,C00709,BR003,Fixed Deposit,09-06-2025,Active,118643.92
A001952,C00992,BR005,Salary,19-12-2022,Active,23286.48
A001953,C02138,BR006,Salary,03-08-2025,Active,59609.83
A001954,C00675,BR008,Salary,08-07-2022,Active,32528.16
A001955,C02277,BR010,Current,18-02-2023,Active,44270.4
A001956,C01316,BR012,Current,12-03-2022,Active,88293.39
A001957,C01832,BR012,Savings,02-06-2022,Active,24164.36
A001958,C00354,BR014,Salary,18-11-2024,Active,28495.78
A001959,C00622,BR008,Savings,12-06-2022,Active,13487.94
A001960,C02705,BR001,Salary,01-10-2022,Active,18923.51
A001961,C02494,BR001,Current,20-08-2023,Closed,64809
A001962,C00210,BR015,Savings,15-03-2025,Active,33579.33
A001963,C02711,BR005,Savings,30-03-2025,Active,56700.04
A001964,C02513,BR008,Savings,10-11-2025,Active,27466.16
A001965,C00412,BR004,Current,22-03-2022,Active,48777.56
A001966,C00724,BR005,Savings,05-08-2022,Active,99562.38
A001967,C00533,BR005,Savings,06-08-2023,Active,22836.01
A001968,C02560,BR002,Savings,18-02-2023,Active,41408.57
A001969,C02562,BR001,Savings,22-05-2022,Active,98127.11
A001970,C02161,BR004,Savings,05-02-2024,Inactive,20302.6
A001971,C00751,BR012,Savings,16-11-2023,Active,18537.02
A001972,C02763,BR009,Salary,22-09-2023,Active,105614.56
A001973,C02543,BR006,Salary,02-02-2022,Active,62992.79
A001974,C02611,BR008,Fixed Deposit,15-09-2023,Active,152308.46
A001975,C01080,BR011,Savings,01-11-2023,Active,45762.49
A001976,C02104,BR005,Savings,14-11-2022,Active,28182.24
A001977,C02027,BR005,Savings,07-03-2025,Closed,11186.91
A001978,C00456,BR008,Current,23-07-2025,Active,114217.76
A001979,C01749,BR011,Savings,19-09-2025,Active,99746.04
A001980,C01648,BR005,Savings,22-09-2024,Closed,100743.83
A001981,C01754,BR010,Current,14-09-2024,Active,42105.26
A001982,C01020,BR009,Savings,13-08-2022,Active,68339.46
A001983,C02008,BR003,Current,30-07-2023,Active,51860.9
A001984,C02658,BR011,Current,07-01-2022,Active,61835.56
A001985,C01814,BR002,Salary,28-03-2024,Active,42591.3
A001986,C02617,BR002,Savings,19-01-2025,Active,15785.58
A001987,C02315,BR005,Savings,04-09-2024,Active,130963.96
A001988,C00943,BR007,Current,24-01-2022,Active,153264.89
A001989,C02208,BR005,Savings,23-03-2024,Inactive,82481.58
A001990,C02016,BR008,Savings,10-07-2025,Active,23888.82
A001991,C02832,BR010,Savings,30-05-2022,Active,50027.53
A001992,C01015,BR006,Savings,13-02-2024,Active,31916.04
A001993,C00492,BR005,Savings,01-01-2023,Active,34592.3
A001994,C02035,BR007,Salary,20-09-2025,Active,46475.93
A001995,C01897,BR015,Salary,15-03-2024,Active,76472.38
A001996,C01842,BR008,Savings,01-02-2025,Active,31894.39
A001997,C02220,BR005,Current,06-02-2024,Active,264756.85
A001998,C01533,BR010,Fixed Deposit,30-07-2025,Inactive,89172.37
A001999,C00091,BR008,Savings,24-02-2023,Active,24552.33
A002000,C02636,BR001,Salary,22-12-2024,Active,
A002001,C00833,BR006,Savings,20-09-2023,Active,65940.42
A002002,C00739,BR003,Fixed Deposit,22-04-2024,Active,55873.35
A002003,C02443,BR010,Savings,29-09-2024,Inactive,58984.1
A002004,C02393,BR004,Savings,10-09-2022,Active,84606.39
A002005,C01517,BR006,Fixed Deposit,22-06-2025,Active,251265.28
A002006,C02069,BR012,Salary,29-11-2024,Active,41551.76
A002007,C00243,BR001,Savings,21-08-2023,Active,1862.06
A002008,C00844,BR012,Salary,15-05-2024,Active,15380.44
A002009,C00729,BR005,Fixed Deposit,27-08-2024,Active,68079.24
A002010,C01266,BR006,Savings,27-10-2023,Active,15122.8
A002011,C01072,BR008,Savings,16-07-2024,Active,54170.28
A002012,C00208,BR003,Savings,27-03-2024,Active,74245.18
A002013,C02066,BR010,Fixed Deposit,12-02-2025,Active,90391.26
A002014,C01793,BR008,Savings,06-12-2022,Inactive,7809.82
A002015,C01138,BR001,Savings,07-01-2022,Active,18710.95
A002016,C02664,BR005,Savings,14-08-2023,Active,62640.23
A002017,C01083,BR011,Savings,19-04-2025,Active,101876.92
A002018,C00354,BR014,Current,01-07-2022,Active,127174.68
A002019,C02545,BR003,Savings,12-06-2025,Active,37488.62
A002020,C00396,BR001,Savings,22-08-2023,Active,10054.02
A002021,C00214,BR006,Savings,01-11-2022,Active,37797.03
A002022,C01424,BR013,Savings,14-11-2023,Active,30626.9
A002023,C01738,BR005,Savings,31-03-2025,Active,260259.72
A002024,C00844,BR012,Savings,07-06-2025,Active,22139.72
A002025,C02518,BR007,Salary,14-06-2024,Active,85355.37
A002026,C00831,BR013,Savings,10-02-2024,Active,82513.45
A002027,C02891,BR009,Savings,24-03-2025,Active,29656.82
A002028,C01917,BR003,Current,20-08-2025,Active,271298.95
A002029,C00554,BR013,Salary,08-03-2025,Active,35014.19
A002030,C01231,BR008,Salary,15-11-2025,Active,18599.8
A002031,C00228,BR009,Fixed Deposit,29-04-2025,Active,456261.96
A002032,C02534,BR004,Savings,13-03-2022,Active,24704.61
A002033,C01944,BR010,Savings,29-01-2022,Active,13299.18
A002034,C01287,BR014,Savings,22-05-2024,Inactive,22874.35
A002035,C02038,BR014,Savings,30-10-2025,Active,29642.28
A002036,C01846,BR007,Fixed Deposit,14-03-2023,Active,153208.68
A002037,C01800,BR007,Current,12-11-2025,Active,125038.43
A002038,C01194,BR005,Salary,28-05-2025,Active,29620.33
A002039,C01055,BR007,Fixed Deposit,25-07-2022,Active,209463.65
A002040,C00769,BR006,Fixed Deposit,23-12-2023,Active,221120.58
A002041,C02360,BR003,Savings,20-11-2022,Inactive,68557.3
A002042,C01414,BR002,Fixed Deposit,25-04-2022,Active,340466.54
A002043,C01407,BR006,Savings,06-10-2024,Active,15182.15
A002044,C02162,BR007,Savings,11-11-2022,Active,23951.31
A002045,C01594,BR001,Current,28-03-2024,Inactive,65628.52
A002046,C02859,BR003,Fixed Deposit,11-09-2024,Active,76305.6
A002047,C00723,BR007,Salary,24-09-2023,Active,63121.6
A002048,C00127,BR001,Savings,27-04-2022,Closed,34902.56
A002049,C01264,BR006,Fixed Deposit,11-04-2022,Active,132729.15
A002050,C01596,BR015,Savings,08-07-2023,Active,33980.37
A002051,C02464,BR011,Salary,04-03-2022,Active,116403.05
A002052,C01908,BR009,Savings,27-06-2025,Active,98832.01
A002053,C02818,BR011,Savings,31-08-2022,Active,93073.89
A002054,C00258,BR004,Savings,12-02-2022,Active,45985.92
A002055,C01613,BR006,Fixed Deposit,24-07-2022,Active,77333.95
A002056,C02488,BR006,Fixed Deposit,14-10-2024,Active,31127.97
A002057,C01507,BR005,Savings,10-05-2024,Active,72094.77
A002058,C00828,BR002,Savings,13-09-2024,Active,17893.34
A002059,C02306,BR008,Savings,22-05-2023,Active,27989.69
A002060,C02625,BR011,Salary,14-04-2023,Active,144353.96
A002061,C00778,BR010,Current,08-09-2024,Active,300685.83
A002062,C01658,BR010,Current,14-06-2022,Active,126538.48
A002063,C02415,BR009,Savings,31-07-2023,Active,12395.92
A002064,C00457,BR006,Savings,30-05-2022,Active,24242.52
A002065,C00033,BR011,Fixed Deposit,12-09-2023,Active,178995.94
A002066,C02218,BR005,Current,17-11-2025,Active,40700.14
A002067,C02257,BR009,Savings,27-05-2025,Inactive,12351.77
A002068,C00472,BR011,Savings,15-09-2024,Active,66762.42
A002069,C01791,BR005,Savings,18-08-2024,Active,87458.31
A002070,C02162,BR007,Savings,04-07-2023,Inactive,27461.92
A002071,C02889,BR004,Savings,27-10-2024,Active,68835.52
A002072,C02425,BR006,Salary,02-05-2025,Active,196384.95
A002073,C00660,BR001,Savings,28-03-2024,Active,127980.21
A002074,C01727,BR006,Savings,31-05-2022,Active,28526.81
A002075,C02200,BR006,Current,11-10-2024,Active,99710.65
A002076,C00814,BR010,Savings,05-07-2022,Inactive,42562.88
A002077,C00489,BR012,Savings,19-04-2023,Active,257308.16
A002078,C01313,BR012,Fixed Deposit,16-10-2022,Active,85347.73
A002079,C02159,BR015,Savings,15-03-2022,Active,34819.04
A002080,C01585,BR005,Salary,20-01-2025,Active,132060.13
A002081,C01814,BR002,Savings,31-07-2024,Active,94514.34
A002082,C01998,BR009,Savings,21-08-2023,Active,6964.52
A002083,C02867,BR003,Savings,12-07-2023,Active,86291.98
A002084,C01902,BR005,Salary,27-07-2024,Active,38717.63
A002085,C00405,BR012,Savings,16-02-2024,Active,16755.94
A002086,C01202,BR004,Salary,06-12-2022,Active,37822.8
A002087,C00510,BR006,Savings,03-12-2023,Inactive,49773.22
A002088,C02275,BR001,Current,09-02-2025,Active,107514.55
A002089,C02992,BR005,Savings,17-03-2024,Active,31608.79
A002090,C02315,BR005,Savings,17-03-2025,Active,26421.39
A002091,C00738,BR010,Current,13-01-2024,Active,201240.89
A002092,C02089,BR007,Savings,27-08-2023,Active,27090.07
A002093,C00064,BR010,Savings,20-12-2024,Active,8251.63
A002094,C00817,BR007,Current,02-11-2022,Active,37546.57
A002095,C00910,BR006,Salary,04-07-2024,Active,15657.57
A002096,C01409,BR008,Salary,09-07-2024,Active,11651.44
A002097,C00962,BR004,Savings,09-02-2023,Active,95455.39
A002098,C01299,BR006,Savings,10-01-2023,Inactive,69295.35
A002099,C00030,BR011,Savings,03-05-2022,Active,15385.89
A002100,C02451,BR007,Savings,05-08-2022,Active,11898.06
A002101,C01187,BR006,Savings,20-05-2022,Active,32075.69
A002102,C02425,BR006,Savings,18-06-2024,Active,11363.39
A002103,C00174,BR008,Savings,27-06-2022,Active,28490.32
A002104,C02599,BR015,Current,20-01-2024,Active,238731.46
A002105,C01880,BR012,Savings,12-06-2022,Active,45338.72
A002106,C00694,BR008,Savings,18-02-2025,Active,46733.6
A002107,C02258,BR006,Savings,16-09-2024,Active,18024.32
A002108,C02246,BR010,Savings,04-03-2023,Active,37163.39
A002109,C02180,BR013,Salary,10-12-2024,Active,103940.15
A002110,C02612,BR007,Savings,26-11-2022,Active,5887.37
A002111,C02862,BR008,Savings,17-07-2024,Active,46163.52
A002112,C00500,BR001,Fixed Deposit,24-07-2024,Active,239690.27
A002113,C00847,BR004,Savings,30-09-2023,Active,115429.24
A002114,C00120,BR014,Savings,21-10-2024,Active,70091.8
A002115,C00200,BR009,Salary,16-10-2025,Closed,68219.01
A002116,C00317,BR014,Current,27-08-2023,Closed,66301.13
A002117,C02076,BR003,Fixed Deposit,19-02-2023,Active,305765.79
A002118,C01819,BR008,Fixed Deposit,09-10-2023,Active,49473.94
A002119,C00105,BR001,Salary,09-04-2024,Active,4663.8
A002120,C01265,BR005,Savings,30-06-2022,Active,39641.69
A002121,C00332,BR006,Savings,03-11-2025,Active,58946.29
A002122,C00586,BR010,Savings,17-11-2023,Active,10521.3
A002123,C00167,BR005,Current,09-11-2025,Closed,76649.84
A002124,C01585,BR005,Fixed Deposit,05-11-2025,Active,196597.43
A002125,C00244,BR005,Savings,04-04-2022,Active,113230.56
A002126,C02357,BR009,Fixed Deposit,16-06-2022,Active,266031.56
A002127,C02797,BR014,Current,23-09-2022,Active,21470.51
A002128,C02568,BR010,Savings,09-04-2024,Inactive,46778.63
A002129,C02471,BR014,Fixed Deposit,01-06-2023,Active,84537.6
A002130,C02256,BR012,Current,27-01-2022,Active,96302.28
A002131,C02733,BR011,Savings,04-04-2024,Active,37663.85
A002132,C02657,BR005,Savings,21-04-2023,Active,4722.42
A002133,C00649,BR008,Savings,17-05-2025,Active,62080.45
A002134,C01813,BR002,Savings,17-01-2025,Active,37650.16
A002135,C00919,BR012,Salary,19-05-2025,Active,37470.02
A002136,C02512,BR015,Fixed Deposit,08-04-2024,Active,85613.25
A002137,C00032,BR009,Salary,13-10-2024,Active,24683.54
A002138,C01252,BR004,Fixed Deposit,29-04-2022,Active,730000.67
A002139,C01138,BR001,Fixed Deposit,14-01-2025,Active,146130.52
A002140,C02558,BR002,Savings,23-10-2023,Active,36689.91
A002141,C00884,BR007,Salary,07-01-2022,Active,7301.88
A002142,C02688,BR015,Salary,26-04-2022,Active,36568.04
A002143,C01490,BR008,Savings,27-03-2023,Active,36954.72
A002144,C02060,BR009,Savings,30-06-2023,Active,75251.59
A002145,C01593,BR001,Salary,01-11-2022,Active,26143.45
A002146,C01294,BR008,Fixed Deposit,28-01-2025,Inactive,110630.44
A002147,C00913,BR004,Fixed Deposit,15-10-2023,Active,40137.69
A002148,C00846,BR002,Savings,13-01-2023,Active,119291.54
A002149,C01921,BR004,Salary,11-09-2024,Active,44755.53
A002150,C00976,BR015,Savings,25-10-2023,Active,114223.04
A002151,C02593,BR007,Fixed Deposit,11-02-2025,Active,108346.84
A002152,C00398,BR009,Current,01-01-2024,Active,76165.85
A002153,C00647,BR006,Fixed Deposit,30-12-2024,Active,103290.57
A002154,C00142,BR008,Fixed Deposit,31-05-2025,Active,54642.24
A002155,C02591,BR011,Savings,26-04-2022,Active,59003.11
A002156,C01244,BR002,Fixed Deposit,27-06-2022,Closed,158983.18
A002157,C00106,BR003,Salary,03-12-2024,Active,51522.16
A002158,C00129,BR013,Savings,15-03-2024,Active,49351.03
A002159,C02755,BR007,Savings,18-12-2022,Active,13446.94
A002160,C02642,BR007,Salary,14-02-2022,Active,13853.81
A002161,C00831,BR013,Savings,27-10-2025,Closed,51068.67
A002162,C01950,BR010,Savings,17-05-2022,Active,203855.13
A002163,C00758,BR005,Current,07-11-2023,Active,16233.09
A002164,C02532,BR005,Savings,19-11-2022,Active,46322.83
A002165,C02147,BR007,Savings,01-08-2023,Active,20928.11
A002166,C01334,BR007,Salary,17-11-2024,Active,42792.51
A002167,C02786,BR001,Savings,14-01-2024,Active,20568.76
A002168,C00672,BR013,Current,02-03-2022,Closed,32456.63
A002169,C02991,BR009,Savings,08-05-2022,Active,280645.54
A002170,C00871,BR001,Fixed Deposit,12-10-2025,Active,35245.72
A002171,C02667,BR007,Savings,04-01-2023,Active,9260.9
A002172,C02565,BR001,Salary,17-09-2023,Active,60446.94
A002173,C01689,BR006,Salary,21-02-2025,Active,91402.97
A002174,C00366,BR001,Fixed Deposit,10-05-2025,Active,96009.11
A002175,C02254,BR008,Current,20-02-2023,Active,122231.36
A002176,C02095,BR001,Savings,21-11-2022,Active,16048.14
A002177,C02596,BR012,Savings,02-10-2023,Closed,16387
A002178,C00678,BR005,Current,09-05-2023,Inactive,83845.56
A002179,C00718,BR001,Current,21-10-2024,Active,147376.68
A002180,C01060,BR014,Current,28-11-2024,Active,154536.86
A002181,C01107,BR015,Savings,16-01-2023,Active,98333.79
A002182,C00010,BR005,Current,09-07-2023,Active,26912.4
A002183,C00461,BR005,Savings,03-12-2024,Active,102749.38
A002184,C01438,BR011,Current,12-01-2024,Active,56421.8
A002185,C02902,BR003,Salary,16-03-2024,Active,16001.3
A002186,C00386,BR003,Savings,28-03-2025,Active,37379.51
A002187,C00724,BR005,Current,10-08-2024,Active,50360.83
A002188,C02579,BR009,Savings,09-08-2024,Closed,37193.63
A002189,C00118,BR007,Salary,05-12-2023,Active,47000.91
A002190,C00294,BR006,Salary,06-05-2025,Active,134645.34
A002191,C02670,BR012,Savings,03-02-2022,Active,29070.31
A002192,C00752,BR002,Savings,07-05-2022,Active,69506.14
A002193,C00924,BR010,Salary,15-09-2024,Closed,54359.45
A002194,C00045,BR005,Salary,07-06-2024,Active,37953.86
A002195,C01220,BR005,Savings,13-02-2023,Active,66835.15
A002196,C02979,BR008,Savings,28-05-2024,Active,18221.22
A002197,C02957,BR012,Savings,06-06-2022,Active,15357.98
A002198,C01925,BR014,Salary,05-06-2024,Active,50566.42
A002199,C02026,BR004,Savings,12-06-2023,Closed,8697.41
A002200,C01931,BR015,Salary,10-05-2024,Active,54063.46
A002201,C02085,BR015,Salary,13-05-2023,Active,13415.44
A002202,C01557,BR012,Fixed Deposit,23-11-2024,Active,141448.61
A002203,C00618,BR010,Fixed Deposit,13-06-2022,Inactive,277883.25
A002204,C02605,BR005,Savings,18-05-2025,Active,120372.91
A002205,C02639,BR006,Salary,24-12-2023,Active,29257.98
A002206,C00433,BR003,Salary,02-12-2022,Active,28214.59
A002207,C00284,BR006,Fixed Deposit,06-11-2025,Active,198130.46
A002208,C02379,BR011,Current,02-06-2022,Active,109738.34
A002209,C00143,BR006,Savings,24-02-2024,Active,33070.85
A002210,C02422,BR007,Fixed Deposit,19-04-2022,Active,49356.7
A002211,C02946,BR008,Savings,07-08-2025,Active,25027.77
A002212,C00109,BR014,Fixed Deposit,20-08-2022,Active,32774.02
A002213,C02397,BR014,Savings,03-01-2023,Active,8426.21
A002214,C00399,BR002,Savings,16-08-2024,Active,12593.71
A002215,C00871,BR001,Fixed Deposit,16-07-2025,Active,264473.73
A002216,C01642,BR013,Salary,01-09-2023,Closed,89293.91
A002217,C02041,BR002,Current,16-01-2023,Active,143269.48
A002218,C00271,BR001,Savings,26-05-2023,Active,7891.52
A002219,C00328,BR008,Savings,02-09-2025,Active,103216.28
A002220,C00848,BR010,Savings,22-08-2025,Active,14376.16
A002221,C02046,BR005,Current,28-06-2022,Active,14099.12
A002222,C01212,BR001,Savings,08-08-2025,Active,37979.65
A002223,C00827,BR015,Savings,13-05-2025,Active,14064.19
A002224,C00472,BR011,Savings,27-02-2024,Active,76793.24
A002225,C02906,BR005,Fixed Deposit,09-01-2023,Active,170858.82
A002226,C02113,BR007,Fixed Deposit,01-11-2023,Active,342471.85
A002227,C02958,BR008,Savings,06-02-2025,Active,17823.41
A002228,C01486,BR003,Fixed Deposit,31-01-2023,Active,149384.4
A002229,C02457,BR014,Savings,18-05-2023,Inactive,27616.33
A002230,C01920,BR006,Savings,03-11-2023,Active,59006.57
A002231,C01576,BR011,Savings,09-04-2022,Active,34704.24
A002232,C01423,BR008,Fixed Deposit,24-08-2023,Active,31376.13
A002233,C01501,BR010,Savings,15-07-2022,Active,66033.72
A002234,C01238,BR003,Savings,11-01-2022,Active,87192.59
A002235,C01920,BR006,Fixed Deposit,20-07-2023,Closed,115574.04
A002236,C01478,BR009,Salary,13-01-2025,Inactive,6957.76
A002237,C02913,BR007,Salary,06-12-2025,Active,2388.49
A002238,C02699,BR011,Salary,03-10-2023,Active,60254
A002239,C01394,BR008,Salary,06-01-2025,Active,21029.44
A002240,C01189,BR012,Savings,22-11-2022,Active,10379.59
A002241,C02277,BR010,Salary,19-07-2024,Active,38349.81
A002242,C01927,BR014,Savings,31-08-2024,Inactive,23889.57
A002243,C00696,BR009,Savings,01-05-2023,Active,11829.38
A002244,C02502,BR013,Fixed Deposit,17-10-2023,Active,233679.17
A002245,C02047,BR007,Savings,05-09-2024,Closed,56649.04
A002246,C01864,BR001,Savings,04-04-2023,Active,40610.97
A002247,C02347,BR007,Savings,01-06-2024,Active,40873.42
A002248,C00679,BR005,Fixed Deposit,04-12-2022,Active,200440.36
A002249,C02400,BR010,Fixed Deposit,22-02-2024,Active,159325.01
A002250,C00366,BR001,Savings,28-03-2022,Active,33506.71
A002251,C02381,BR013,Savings,15-10-2023,Active,42918.94
A002252,C01773,BR005,Salary,05-01-2024,Active,25383.49
A002253,C01746,BR003,Current,23-04-2025,Active,214170.5
A002254,C02183,BR008,Savings,03-07-2023,Active,18561.61
A002255,C00933,BR013,Savings,09-01-2022,Active,27274.92
A002256,C02307,BR007,Current,28-02-2022,Active,83005.73
A002257,C00077,BR015,Savings,27-02-2024,Closed,128186.56
A002258,C02082,BR008,Salary,01-04-2025,Closed,107800.39
A002259,C02384,BR008,Savings,24-07-2025,Active,9287.96
A002260,C00011,BR006,Salary,26-03-2025,Active,15751.41
A002261,C02084,BR010,Salary,12-05-2023,Inactive,61202.72
A002262,C02322,BR010,Current,17-12-2023,Active,46486.5
A002263,C01567,BR003,Salary,21-07-2025,Active,15387.54
A002264,C01814,BR002,Savings,10-05-2025,Active,40899.98
A002265,C00179,BR015,Savings,26-10-2023,Active,13373.4
A002266,C02965,BR008,Current,04-12-2023,Active,47478.7
A002267,C02901,BR009,Salary,12-04-2022,Active,20255.29
A002268,C02294,BR001,Fixed Deposit,04-09-2022,Active,41731.32
A002269,C00046,BR004,Savings,13-02-2024,Active,12494.83
A002270,C01291,BR002,Salary,27-01-2024,Active,8728.15
A002271,C02454,BR002,Savings,20-04-2024,Active,487303.67
A002272,C02029,BR002,Savings,02-04-2023,Active,37124.9
A002273,C02714,BR004,Savings,28-11-2022,Active,214831.16
A002274,C01848,BR005,Fixed Deposit,23-10-2023,Active,81469.92
A002275,C02142,BR012,Current,07-07-2025,Active,60365.22
A002276,C01013,BR009,Savings,19-11-2025,Active,47601.53
A002277,C02439,BR009,Salary,18-03-2022,Active,11646.93
A002278,C01601,BR004,Savings,04-06-2023,Active,27209.86
A002279,C02401,BR002,Savings,01-02-2024,Active,7051.11
A002280,C00614,BR009,Savings,12-11-2022,Active,9182.1
A002281,C00805,BR005,Savings,01-06-2023,Active,16924.74
A002282,C00264,BR002,Savings,07-07-2022,Closed,22009.27
A002283,C02026,BR004,Savings,09-11-2023,Active,36174.38
A002284,C02200,BR006,Salary,15-07-2025,Active,14506.37
A002285,C00852,BR010,Salary,18-09-2025,Active,39736.1
A002286,C01153,BR010,Fixed Deposit,22-01-2022,Active,91002.85
A002287,C01709,BR004,Savings,19-07-2024,Active,44174.8
A002288,C02268,BR015,Current,18-08-2025,Active,68128.67
A002289,C00909,BR006,Savings,27-01-2025,Closed,46792.94
A002290,C01466,BR013,Savings,01-04-2022,Active,10335.8
A002291,C00557,BR005,Current,24-07-2023,Active,24998.53
A002292,C02430,BR009,Savings,04-01-2025,Closed,12646.25
A002293,C02621,BR012,Salary,02-12-2025,Active,130899.73
A002294,C02219,BR004,Salary,06-03-2023,Active,67389.44
A002295,C02447,BR005,Savings,18-02-2023,Active,56172.41
A002296,C02293,BR005,Fixed Deposit,01-01-2023,Active,169219.35
A002297,C02508,BR008,Savings,31-07-2025,Active,34943.76
A002298,C01288,BR006,Fixed Deposit,20-09-2022,Active,35745.63
A002299,C00617,BR012,Current,19-06-2023,Active,62856.67
A002300,C02884,BR015,Savings,16-07-2022,Active,155093.97
A002301,C00008,BR010,Savings,04-10-2025,Active,38212.26
A002302,C01216,BR003,Savings,07-04-2022,Active,13567.25
A002303,C02179,BR014,Salary,12-01-2024,Active,54301.55
A002304,C02380,BR010,Savings,15-08-2022,Active,46842.88
A002305,C02057,BR001,Salary,18-08-2023,Active,26454.06
A002306,C01469,BR012,Savings,09-05-2024,Active,16314.08
A002307,C02768,BR012,Fixed Deposit,17-10-2024,Active,333951
A002308,C00706,BR006,Savings,12-04-2024,Active,78217.09
A002309,C00427,BR008,Salary,17-09-2023,Active,46034.23
A002310,C01887,BR013,Salary,15-02-2023,Active,37194.47
A002311,C00962,BR004,Savings,18-03-2025,Closed,17999
A002312,C01408,BR014,Savings,20-09-2024,Active,52626.09
A002313,C01371,BR001,Current,08-09-2024,Active,24016.18
A002314,C00793,BR013,Salary,29-01-2025,Active,11866.82
A002315,C02996,BR005,Salary,18-11-2022,Active,91113.45
A002316,C01148,BR006,Savings,03-12-2025,Active,14584.11
A002317,C02012,BR003,Fixed Deposit,05-09-2025,Active,129304.85
A002318,C00480,BR014,Fixed Deposit,05-10-2023,Active,45330.6
A002319,C02974,BR009,Salary,25-10-2022,Active,7945.25
A002320,C02962,BR002,Savings,02-07-2023,Active,25130.18
A002321,C00208,BR003,Savings,22-07-2023,Active,13791.82
A002322,C01930,BR010,Fixed Deposit,22-11-2025,Inactive,72052.22
A002323,C01784,BR003,Salary,26-02-2023,Active,231784.49
A002324,C00521,BR015,Current,08-10-2025,Active,17762.97
A002325,C02309,BR006,Fixed Deposit,04-12-2022,Active,109852.8
A002326,C02294,BR001,Savings,16-09-2025,Active,68529.4
A002327,C02533,BR009,Salary,20-09-2025,Active,20197.28
A002328,C01806,BR014,Current,08-06-2024,Active,14852.13
A002329,C02122,BR005,Fixed Deposit,07-06-2022,Inactive,118700.25
A002330,C02168,BR004,Salary,21-06-2024,Active,66425.5
A002331,C02303,BR015,Savings,24-08-2025,Closed,18902.57
A002332,C01754,BR010,Savings,17-09-2025,Active,51046.65
A002333,C02234,BR013,Fixed Deposit,31-10-2023,Active,250824.37
A002334,C00182,BR002,Salary,03-12-2023,Active,91435.89
A002335,C01854,BR005,Savings,16-07-2023,Active,22110.72
A002336,C00610,BR002,Fixed Deposit,08-11-2022,Active,353956.58
A002337,C01222,BR005,Savings,12-08-2024,Active,46677.52
A002338,C02307,BR007,Savings,10-12-2025,Active,31466.17
A002339,C00342,BR009,Fixed Deposit,26-01-2023,Active,115805.12
A002340,C02264,BR013,Salary,15-05-2025,Active,34796.95
A002341,C00779,BR005,Fixed Deposit,20-05-2022,Active,501158.4
A002342,C02262,BR001,Fixed Deposit,23-03-2022,Active,116729.11
A002343,C02300,BR006,Current,08-08-2025,Active,50980.15
A002344,C00046,BR004,Savings,14-06-2022,Active,182621.85
A002345,C00702,BR001,Fixed Deposit,28-08-2023,Active,122681.97
A002346,C02416,BR006,Current,12-07-2025,Active,11697.84
A002347,C01027,BR005,Current,25-05-2023,Active,69680.46
A002348,C01318,BR003,Current,16-03-2023,Active,27273.65
A002349,C00047,BR006,Savings,01-03-2022,Active,10241.8
A002350,C02081,BR014,Savings,14-10-2024,Inactive,37899.68
A002351,C00280,BR007,Current,13-04-2023,Active,64951.03
A002352,C00817,BR007,Salary,22-06-2022,Active,13417.08
A002353,C01431,BR014,Savings,25-11-2023,Active,330979.66
A002354,C02309,BR006,Savings,07-09-2022,Inactive,15869
A002355,C01495,BR015,Savings,25-05-2025,Active,36011.67
A002356,C02947,BR003,Salary,27-12-2024,Closed,146462.88
A002357,C01567,BR003,Savings,02-12-2025,Active,25445.58
A002358,C00761,BR008,Current,01-12-2025,Active,109952.46
A002359,C00573,BR005,Salary,08-05-2025,Active,26109.27
A002360,C02353,BR003,Savings,04-01-2024,Active,33450.26
A002361,C01379,BR004,Current,06-09-2022,Active,64850.96
A002362,C01815,BR006,Fixed Deposit,04-03-2022,Closed,65212.23
A002363,C01111,BR010,Savings,14-05-2022,Inactive,3665.85
A002364,C00820,BR007,Savings,09-12-2022,Inactive,34033.24
A002365,C01800,BR007,Savings,14-07-2025,Active,36922.76
A002366,C00884,BR007,Salary,07-11-2022,Active,41325.1
A002367,C03000,BR007,Fixed Deposit,16-05-2022,Active,23026.95
A002368,C02195,BR014,Salary,28-09-2025,Active,16813.65
A002369,C02459,BR005,Fixed Deposit,29-09-2023,Active,269363.43
A002370,C00854,BR006,Salary,05-09-2023,Active,156923.94
A002371,C00088,BR006,Savings,17-03-2023,Active,33771.27
A002372,C00144,BR012,Savings,16-10-2025,Active,60966.24
A002373,C02577,BR015,Salary,24-05-2023,Active,14536.72
A002374,C02622,BR005,Salary,09-06-2025,Active,27320.58
A002375,C02039,BR005,Current,20-12-2025,Active,59374.26
A002376,C01767,BR004,Current,21-10-2023,Active,97915.41
A002377,C00628,BR006,Savings,20-10-2024,Active,9327.21
A002378,C02276,BR001,Savings,06-02-2022,Active,48033.06
A002379,C01549,BR008,Current,15-02-2025,Active,45394.31
A002380,C01810,BR006,Salary,22-11-2025,Active,44251.77
A002381,C00072,BR005,Salary,13-10-2022,Active,4769.29
A002382,C01550,BR008,Savings,15-01-2022,Active,6270.47
A002383,C02082,BR008,Fixed Deposit,06-03-2022,Active,106306.94
A002384,C02310,BR012,Savings,04-06-2025,Active,15969.77
A002385,C00437,BR008,Savings,23-12-2022,Active,20265.52
A002386,C00097,BR008,Salary,27-08-2023,Active,24397.71
A002387,C02567,BR006,Fixed Deposit,07-05-2023,Active,65882.28
A002388,C00936,BR007,Fixed Deposit,17-03-2023,Inactive,62346.45
A002389,C01419,BR002,Savings,30-08-2022,Active,34998.35
A002390,C01883,BR006,Savings,20-08-2023,Active,6925.28
A002391,C01475,BR008,Salary,12-09-2025,Active,22769.38
A002392,C02832,BR010,Salary,06-06-2023,Active,19846.86
A002393,C02527,BR005,Current,16-03-2025,Active,109154.91
A002394,C01181,BR010,Savings,03-10-2024,Active,266253.91
A002395,C00574,BR009,Current,10-03-2025,Active,348731.93
A002396,C02926,BR015,Savings,16-04-2024,Active,49440.11
A002397,C02125,BR015,Savings,27-06-2023,Closed,42225.44
A002398,C02266,BR003,Current,11-01-2023,Active,59241.02
A002399,C01393,BR011,Savings,14-02-2023,Inactive,29196.54
A002400,C01455,BR015,Salary,10-02-2024,Active,119174.11
A002401,C00546,BR005,Current,14-08-2023,Active,121562.83
A002402,C01288,BR006,Savings,15-08-2023,Active,63521.15
A002403,C01628,BR005,Savings,23-06-2023,Active,10519.56
A002404,C00389,BR009,Fixed Deposit,07-09-2025,Active,208296.01
A002405,C01907,BR006,Current,28-07-2024,Active,170490.59
A002406,C01846,BR007,Fixed Deposit,27-07-2025,Active,243192.34
A002407,C02523,BR006,Savings,18-09-2025,Active,20549.84
A002408,C00158,BR013,Current,20-06-2024,Active,39457.09
A002409,C00678,BR005,Fixed Deposit,14-05-2022,Active,166801.86
A002410,C01288,BR006,Savings,11-11-2025,Active,80617.12
A002411,C02640,BR006,Savings,30-11-2023,Active,77465.96
A002412,C00714,BR003,Fixed Deposit,03-07-2023,Active,110120
A002413,C02917,BR001,Savings,28-08-2023,Active,36694.54
A002414,C02869,BR015,Savings,09-05-2022,Active,26563.39
A002415,C00285,BR008,Fixed Deposit,28-08-2024,Closed,96464.9
A002416,C01090,BR008,Savings,11-03-2022,Active,18031.11
A002417,C00777,BR009,Current,18-11-2024,Active,32345.89
A002418,C01468,BR002,Salary,02-05-2025,Closed,47280.63
A002419,C02774,BR008,Salary,09-09-2023,Active,129625.33
A002420,C01127,BR013,Savings,15-07-2023,Active,30817.43
A002421,C01989,BR005,Savings,10-09-2024,Active,17616.19
A002422,C00412,BR004,Fixed Deposit,10-06-2025,Active,107112.64
A002423,C01711,BR005,Salary,20-05-2022,Active,6380.81
A002424,C01058,BR005,Savings,02-11-2023,Inactive,84946.79
A002425,C02754,BR009,Savings,17-04-2023,Active,10354.65
A002426,C02337,BR002,Current,17-01-2022,Active,94452.38
A002427,C00646,BR005,Savings,13-01-2022,Active,23351.76
A002428,C01864,BR001,Salary,12-02-2024,Active,45976.07
A002429,C01027,BR005,Fixed Deposit,20-01-2025,Inactive,417020.84
A002430,C01313,BR012,Savings,18-05-2024,Inactive,17171.28
A002431,C01388,BR012,Fixed Deposit,30-12-2022,Active,138084.35
A002432,C02462,BR011,Salary,22-10-2023,Active,37405.89
A002433,C00871,BR001,Salary,11-11-2025,Active,127980.36
A002434,C00013,BR001,Fixed Deposit,09-05-2025,Active,54798.88
A002435,C00579,BR010,Savings,25-06-2022,Active,36352.81
A002436,C02480,BR015,Fixed Deposit,29-07-2024,Active,121948.27
A002437,C00891,BR015,Savings,01-07-2024,Active,14900.23
A002438,C00179,BR015,Savings,17-06-2023,Active,40759.61
A002439,C01202,BR004,Current,17-06-2023,Active,25554.44
A002440,C02611,BR008,Savings,16-11-2024,Inactive,107709.8
A002441,C02620,BR008,Salary,27-09-2025,Active,68967.66
A002442,C02843,BR002,Savings,12-04-2023,Active,11360.85
A002443,C02052,BR006,Savings,16-09-2025,Active,27513.72
A002444,C02458,BR007,Current,10-05-2025,Active,45245.41
A002445,C02319,BR001,Savings,18-03-2022,Active,15196.26
A002446,C00059,BR006,Savings,14-02-2023,Active,13984.73
A002447,C01255,BR003,Savings,07-10-2023,Active,23633.49
A002448,C01579,BR001,Fixed Deposit,31-08-2024,Active,155909.17
A002449,C01392,BR003,Salary,28-11-2022,Closed,84514.88
A002450,C02487,BR009,Current,30-08-2023,Active,35209.78
A002451,C02947,BR003,Current,16-05-2022,Active,111184.3
A002452,C01636,BR006,Current,28-05-2022,Active,42308.46
A002453,C00289,BR006,Savings,28-09-2023,Active,65670.31
A002454,C01080,BR011,Savings,08-07-2024,Active,13634.66
A002455,C00594,BR010,Current,23-10-2023,Active,46996.37
A002456,C01413,BR015,Savings,14-07-2023,Active,111146.33
A002457,C00703,BR001,Fixed Deposit,29-12-2023,Active,44263.01
A002458,C00243,BR001,Savings,15-07-2024,Active,8000.18
A002459,C00515,BR004,Current,09-11-2024,Active,77524.42
A002460,C01489,BR001,Savings,28-02-2024,Active,17445.56
A002461,C00425,BR008,Salary,15-05-2022,Active,51466.28
A002462,C00084,BR006,Fixed Deposit,02-03-2022,Closed,115466.94
A002463,C00842,BR004,Savings,17-05-2023,Active,44028.32
A002464,C01933,BR015,Savings,27-10-2022,Active,25915.14
A002465,C01893,BR001,Salary,24-02-2024,Active,18062.7
A002466,C01172,BR012,Savings,20-10-2024,Active,57919.82
A002467,C01991,BR006,Savings,04-01-2023,Active,33506.63
A002468,C00575,BR008,Salary,15-11-2023,Active,29404.02
A002469,C02168,BR004,Savings,16-11-2022,Active,65494.21
A002470,C00053,BR005,Savings,13-11-2023,Active,176569.13
A002471,C00406,BR003,Savings,07-07-2023,Active,44241.83
A002472,C02767,BR006,Savings,04-01-2022,Active,7540.36
A002473,C01404,BR001,Fixed Deposit,29-08-2024,Active,222074.13
A002474,C01669,BR013,Savings,19-03-2023,Active,37111.45
A002475,C01193,BR007,Savings,28-12-2024,Active,83750.99
A002476,C01941,BR004,Salary,05-09-2024,Inactive,39246.01
A002477,C02245,BR007,Salary,13-10-2022,Active,54064.56
A002478,C02339,BR003,Savings,19-07-2025,Active,33293.14
A002479,C00748,BR005,Current,02-02-2022,Active,45418.49
A002480,C01880,BR012,Current,18-04-2024,Active,46406.04
A002481,C02354,BR012,Savings,18-03-2025,Active,14712.65
A002482,C01240,BR005,Savings,29-02-2024,Active,51212.29
A002483,C01147,BR002,Salary,25-03-2024,Active,9432.02
A002484,C01883,BR006,Savings,19-11-2023,Closed,51221.96
A002485,C01722,BR010,Savings,29-03-2022,Active,27528.5
A002486,C00758,BR005,Current,18-09-2024,Active,50541.24
A002487,C02874,BR015,Savings,24-10-2025,Active,46097.62
A002488,C01685,BR006,Savings,12-03-2025,Active,44466.66
A002489,C01694,BR005,Savings,27-03-2022,Active,116769.45
A002490,C00617,BR012,Fixed Deposit,19-11-2022,Active,284467.68
A002491,C02027,BR005,Salary,01-05-2025,Active,41096.7
A002492,C02753,BR005,Savings,09-11-2024,Active,108385.28
A002493,C02179,BR014,Savings,20-06-2023,Active,175498.2
A002494,C01529,BR006,Fixed Deposit,23-12-2022,Active,71886.98
A002495,C01910,BR011,Current,07-11-2023,Active,38714.97
A002496,C00702,BR001,Salary,16-02-2022,Active,23622.77
A002497,C00182,BR002,Savings,11-05-2022,Active,51339.57
A002498,C01919,BR006,Savings,20-04-2022,Inactive,29443.36
A002499,C00546,BR005,Savings,20-04-2025,Active,7912.83
A002500,C00271,BR001,Fixed Deposit,09-03-2022,Active,50237.71
A002501,C02325,BR012,Fixed Deposit,18-03-2024,Active,326667.37
A002502,C01303,BR012,Savings,14-02-2023,Active,92758.07
A002503,C02560,BR002,Salary,10-01-2025,Active,109711.56
A002504,C02598,BR012,Fixed Deposit,05-07-2022,Active,189412.01
A002505,C00369,BR002,Fixed Deposit,22-08-2025,Active,63256.06
A002506,C02304,BR003,Savings,05-05-2022,Active,82352.4
A002507,C01005,BR005,Savings,21-05-2025,Active,12460.44
A002508,C02111,BR014,Fixed Deposit,04-08-2022,Active,93150.57
A002509,C00133,BR009,Savings,13-02-2022,Inactive,33278.87
A002510,C01412,BR003,Savings,25-02-2022,Active,76630.47
A002511,C01886,BR011,Savings,14-02-2025,Active,22143.22
A002512,C01341,BR001,Current,17-05-2023,Closed,57185.55
A002513,C01656,BR012,Savings,01-09-2023,Active,24264.78
A002514,C00034,BR006,Current,17-04-2025,Active,48915.01
A002515,C00023,BR011,Fixed Deposit,18-01-2023,Active,80129.41
A002516,C01801,BR008,Current,20-03-2024,Active,47145.37
A002517,C01248,BR015,Fixed Deposit,13-03-2023,Inactive,184951.31
A002518,C01732,BR005,Fixed Deposit,05-04-2022,Active,75845.07
A002519,C01079,BR005,Salary,22-12-2025,Active,40437.81
A002520,C00016,BR005,Current,02-07-2023,Active,86296.9
A002521,C02101,BR001,Fixed Deposit,22-05-2025,Active,199064.97
A002522,C00412,BR004,Current,20-09-2023,Active,63993.5
A002523,C02355,BR008,Savings,20-06-2025,Active,47893.58
A002524,C00038,BR009,Fixed Deposit,09-09-2022,Active,188573.57
A002525,C02787,BR002,Current,29-02-2024,Active,66117.35
A002526,C00760,BR006,Fixed Deposit,29-06-2023,Active,202492.19
A002527,C02678,BR009,Savings,21-12-2025,Active,14654.05
A002528,C00012,BR006,Savings,07-05-2023,Inactive,24469.76
A002529,C01351,BR011,Salary,01-02-2025,Active,26297.05
A002530,C01253,BR005,Current,23-12-2023,Active,25981.8
A002531,C00493,BR001,Savings,09-08-2023,Active,25473.98
A002532,C01430,BR012,Fixed Deposit,15-10-2024,Active,127968.42
A002533,C00646,BR005,Current,30-07-2024,Active,13474.64
A002534,C01312,BR015,Savings,01-12-2023,Active,38253.54
A002535,C01124,BR010,Salary,22-03-2022,Active,96763.82
A002536,C00599,BR007,Savings,19-04-2022,Active,25345.84
A002537,C02366,BR010,Savings,24-05-2024,Active,19511.71
A002538,C01571,BR006,Savings,22-03-2022,Active,16150.95
A002539,C02516,BR001,Savings,04-06-2024,Active,26120.11
A002540,C02443,BR010,Fixed Deposit,21-07-2025,Active,147189.25
A002541,C00788,BR003,Savings,27-02-2025,Active,48443.71
A002542,C00874,BR005,Salary,12-10-2024,Active,58199.95
A002543,C02855,BR006,Current,04-02-2023,Active,32353.74
A002544,C00938,BR007,Savings,18-08-2024,Active,39335.36
A002545,C00285,BR008,Fixed Deposit,25-09-2022,Inactive,129787.55
A002546,C01629,BR005,Savings,27-08-2025,Active,56465.23
A002547,C02901,BR009,Current,12-05-2022,Inactive,91205.73
A002548,C00702,BR001,Salary,02-03-2024,Active,35482.87
A002549,C01913,BR002,Salary,12-12-2023,Active,25942.63
A002550,C01014,BR005,Savings,18-04-2022,Inactive,50201.15
A002551,C01155,BR005,Salary,30-09-2022,Active,37576.25
A002552,C01358,BR006,Fixed Deposit,09-11-2024,Active,173915.24
A002553,C00430,BR009,Savings,20-05-2024,Active,85486.11
A002554,C01159,BR001,Current,26-08-2022,Active,74753.24
A002555,C00820,BR007,Savings,25-07-2022,Active,12951.73
A002556,C02455,BR004,Savings,31-08-2024,Active,24949.81
A002557,C00684,BR011,Savings,23-08-2024,Closed,13937.75
A002558,C02547,BR015,Savings,09-08-2023,Active,23707.31
A002559,C00051,BR005,Salary,30-01-2022,Active,15351.5
A002560,C01209,BR008,Savings,11-02-2022,Active,26506.04
A002561,C00805,BR005,Savings,09-08-2022,Active,26775.71
A002562,C01344,BR003,Savings,23-03-2022,Active,39664.02
A002563,C02313,BR009,Savings,24-03-2024,Active,29356.15
A002564,C02871,BR008,Current,28-07-2023,Closed,171958.07
A002565,C02184,BR010,Current,14-11-2022,Active,128914.11
A002566,C01510,BR008,Savings,18-05-2024,Active,49298.23
A002567,C01538,BR015,Savings,26-10-2024,Active,22033.28
A002568,C02980,BR005,Savings,07-09-2022,Active,16479.88
A002569,C02975,BR001,Current,02-07-2024,Active,33344.26
A002570,C02289,BR002,Savings,05-06-2022,Active,9449.37
A002571,C00493,BR001,Salary,26-05-2024,Active,85258.5
A002572,C00793,BR013,Current,04-07-2023,Active,47664.09
A002573,C00818,BR004,Savings,10-06-2022,Active,21300.44
A002574,C00688,BR015,Savings,20-03-2025,Active,111787.67
A002575,C02903,BR008,Savings,24-09-2022,Active,59121.67
A002576,C00478,BR010,Savings,19-02-2025,Active,41600.56
A002577,C02559,BR012,Savings,18-06-2023,Active,72820.45
A002578,C02419,BR001,Fixed Deposit,26-09-2024,Active,520588.58
A002579,C01586,BR006,Savings,30-10-2024,Active,39883.95
A002580,C00921,BR006,Savings,14-09-2023,Active,28540.14
A002581,C00798,BR004,Salary,01-09-2024,Active,31951.91
A002582,C02028,BR015,Fixed Deposit,08-10-2023,Inactive,36643.15
A002583,C02014,BR014,Savings,04-06-2024,Active,17720.6
A002584,C01621,BR001,Current,27-11-2022,Active,32634.32
A002585,C01706,BR001,Savings,14-09-2023,Active,17322.51
A002586,C02478,BR001,Salary,20-07-2022,Active,7259.35
A002587,C02264,BR013,Current,31-08-2023,Active,35362.92
A002588,C02253,BR001,Savings,24-01-2022,Active,43235.85
A002589,C00842,BR004,Savings,22-08-2023,Active,45353.61
A002590,C00192,BR010,Savings,10-06-2025,Active,30613.87
A002591,C01376,BR008,Salary,12-06-2023,Inactive,75905.96
A002592,C01016,BR006,Savings,26-12-2023,Active,128454.1
A002593,C01005,BR005,Current,04-06-2025,Active,13198.14
A002594,C01561,BR005,Savings,05-01-2022,Inactive,59937.21
A002595,C02777,BR011,Salary,06-09-2024,Active,90565.19
A002596,C02411,BR005,Savings,13-02-2024,Active,21418.36
A002597,C02026,BR004,Fixed Deposit,17-05-2023,Active,297815.73
A002598,C02143,BR005,Savings,13-01-2023,Active,90309.28
A002599,C01242,BR008,Savings,16-05-2024,Closed,12178.09
A002600,C01649,BR008,Savings,17-09-2023,Active,135785.89
A002601,C01302,BR005,Current,01-08-2023,Active,103236.57
A002602,C02426,BR008,Savings,09-09-2024,Inactive,19511.82
A002603,C02971,BR008,Savings,07-08-2023,Active,62581.05
A002604,C01305,BR008,Savings,29-03-2025,Active,84824.87
A002605,C02163,BR002,Savings,21-02-2023,Active,38062.31
A002606,C00167,BR005,Salary,20-10-2024,Active,20490.47
A002607,C01206,BR014,Savings,03-04-2024,Active,28057.39
A002608,C02612,BR007,Salary,02-08-2025,Active,25371.75
A002609,C02060,BR009,Fixed Deposit,08-08-2023,Active,139943.66
A002610,C01580,BR009,Salary,09-12-2022,Active,24787.82
A002611,C00642,BR005,Savings,06-08-2023,Active,20111.23
A002612,C02426,BR008,Current,24-08-2024,Active,52138.08
A002613,C02912,BR009,Salary,21-09-2023,Active,21120.68
A002614,C01177,BR010,Savings,24-07-2025,Active,31649.86
A002615,C02429,BR010,Savings,16-08-2022,Active,13390
A002616,C01766,BR012,Savings,27-03-2023,Active,7943.33
A002617,C01193,BR007,Savings,07-12-2025,Active,80504.48
A002618,C00994,BR009,Savings,13-03-2025,Active,14954.21
A002619,C01509,BR004,Savings,23-04-2022,Active,11500.8
A002620,C01229,BR003,Current,05-10-2025,Active,108186.35
A002621,C01852,BR013,Savings,15-09-2023,Active,72010.01
A002622,C00443,BR009,Savings,29-07-2024,Active,83680.91
A002623,C01432,BR005,Fixed Deposit,25-01-2022,Closed,63357.12
A002624,C02225,BR008,Savings,28-08-2022,Active,106699.4
A002625,C02536,BR006,Savings,17-10-2024,Active,74161.18
A002626,C00841,BR008,Savings,17-01-2023,Active,26116.67
A002627,C01801,BR008,Savings,21-06-2022,Active,14154.85
A002628,C00906,BR008,Current,20-09-2024,Active,21409.47
A002629,C02370,BR005,Savings,14-11-2022,Active,31081.26
A002630,C01063,BR010,Fixed Deposit,19-06-2025,Active,156878.32
A002631,C02021,BR014,Fixed Deposit,19-09-2022,Active,214053.22
A002632,C01297,BR012,Savings,04-02-2022,Active,30750.28
A002633,C00802,BR012,Salary,25-07-2023,Inactive,114840.74
A002634,C01729,BR002,Current,22-04-2023,Active,38509.19
A002635,C01872,BR005,Fixed Deposit,21-07-2024,Active,58773.14
A002636,C02049,BR006,Savings,08-12-2022,Active,12080.95
A002637,C02374,BR005,Current,03-12-2025,Inactive,20709.47
A002638,C02028,BR015,Savings,09-09-2023,Active,77147.71
A002639,C02555,BR012,Savings,01-11-2024,Active,17017.86
A002640,C01272,BR005,Fixed Deposit,27-01-2025,Active,108445.88
A002641,C01527,BR005,Savings,15-07-2025,Closed,39457.21
A002642,C01446,BR010,Savings,05-01-2024,Active,63519.65
A002643,C01735,BR015,Savings,29-11-2022,Active,21969.16
A002644,C00421,BR003,Fixed Deposit,28-01-2024,Closed,208537.86
A002645,C02563,BR006,Savings,14-09-2023,Active,23974.39
A002646,C01565,BR008,Savings,08-06-2024,Active,52828.36
A002647,C01661,BR005,Current,12-12-2022,Active,24220.88
A002648,C02632,BR006,Savings,24-01-2024,Active,65701.23
A002649,C01395,BR008,Savings,31-10-2025,Closed,196120.55
A002650,C01382,BR001,Salary,02-10-2024,Active,27643.43
A002651,C01696,BR009,Fixed Deposit,30-10-2025,Active,187429.71
A002652,C02815,BR005,Salary,06-06-2022,Active,24242.92
A002653,C00761,BR008,Savings,13-08-2024,Closed,21269.89
A002654,C00468,BR009,Savings,03-02-2022,Active,19316.23
A002655,C00324,BR014,Salary,24-10-2022,Active,34449.63
A002656,C02211,BR014,Savings,22-04-2025,Active,18081.99
A002657,C00033,BR011,Salary,28-05-2022,Closed,18554.43
A002658,C02124,BR002,Savings,01-12-2023,Inactive,2374.23
A002659,C02654,BR007,Fixed Deposit,13-04-2022,Active,1030428.8
A002660,C02045,BR015,Savings,13-03-2023,Active,141539.66
A002661,C00512,BR002,Fixed Deposit,30-06-2022,Active,29499.3
A002662,C01989,BR005,Savings,26-10-2023,Active,16652.3
A002663,C01329,BR012,Salary,28-07-2024,Active,11957.8
A002664,C00067,BR007,Savings,07-08-2024,Active,9258.31
A002665,C00593,BR010,Current,24-09-2025,Active,17562.1
A002666,C02227,BR005,Savings,27-06-2022,Active,102601.34
A002667,C01683,BR015,Savings,09-08-2023,Active,40306.88
A002668,C01500,BR013,Savings,04-02-2024,Closed,72566.38
A002669,C02329,BR012,Savings,06-05-2022,Active,51083.82
A002670,C01573,BR009,Fixed Deposit,11-06-2022,Active,370003.28
A002671,C02905,BR008,Salary,30-03-2023,Active,82549.27
A002672,C00153,BR002,Salary,09-06-2025,Active,78185.44
A002673,C00859,BR008,Savings,06-05-2024,Active,15081.02
A002674,C00566,BR004,Savings,01-04-2024,Inactive,69504.25
A002675,C01242,BR008,Savings,16-03-2024,Active,30873.03
A002676,C02734,BR012,Savings,30-03-2025,Closed,28038.89
A002677,C01229,BR003,Current,07-03-2024,Active,170114.42
A002678,C00947,BR001,Salary,19-11-2024,Active,47517.79
A002679,C00254,BR005,Savings,29-03-2023,Inactive,74494.91
A002680,C01182,BR002,Savings,06-04-2025,Active,17003.85
A002681,C00687,BR007,Savings,17-02-2022,Active,56605.56
A002682,C00568,BR014,Savings,15-05-2023,Active,13057.63
A002683,C00402,BR008,Savings,01-01-2023,Active,30066.37
A002684,C01897,BR015,Savings,23-07-2022,Active,31819.58
A002685,C02127,BR001,Savings,24-02-2024,Active,79829.04
A002686,C02223,BR001,Savings,26-07-2025,Active,35276.67
A002687,C00161,BR005,Salary,26-08-2022,Active,28016.22
A002688,C02764,BR009,Fixed Deposit,16-07-2025,Active,98683.78
A002689,C01522,BR006,Savings,06-06-2025,Active,24305.46
A002690,C01687,BR005,Savings,14-07-2025,Active,23449.96
A002691,C02633,BR014,Savings,09-01-2022,Active,7101.65
A002692,C00827,BR015,Salary,16-12-2025,Active,29107.97
A002693,C01511,BR009,Current,17-09-2023,Active,20488.62
A002694,C00213,BR011,Current,21-05-2024,Active,144276.72
A002695,C01478,BR009,Current,22-03-2023,Active,43293.44
A002696,C00799,BR008,Fixed Deposit,19-01-2024,Active,79070.51
A002697,C00548,BR005,Savings,14-03-2024,Active,17388.6
A002698,C01856,BR008,Savings,10-03-2025,Active,8987.26
A002699,C00391,BR013,Savings,14-05-2023,Active,22691.88
A002700,C02923,BR006,Savings,10-06-2022,Active,15682.36
A002701,C00698,BR007,Savings,06-05-2024,Active,216569.4
A002702,C00238,BR004,Fixed Deposit,18-02-2025,Active,108072.31
A002703,C01340,BR008,Salary,23-01-2022,Active,109498.75
A002704,C01166,BR004,Fixed Deposit,01-04-2025,Active,94171.09
A002705,C01974,BR005,Fixed Deposit,19-03-2025,Active,39450.21
A002706,C02002,BR006,Current,23-04-2024,Active,130611.32
A002707,C01777,BR008,Fixed Deposit,17-10-2025,Active,202320.35
A002708,C01724,BR010,Salary,21-07-2023,Active,70935.33
A002709,C02332,BR006,Savings,14-07-2022,Active,14305.59
A002710,C01956,BR010,Current,16-08-2024,Active,38841.14
A002711,C00419,BR003,Fixed Deposit,10-06-2024,Closed,199588.84
A002712,C01390,BR012,Salary,29-08-2025,Active,31166.29
A002713,C02064,BR005,Salary,24-11-2022,Active,30148.03
A002714,C00802,BR012,Savings,19-08-2022,Active,65631.02
A002715,C02591,BR011,Salary,19-09-2024,Active,81045.59
A002716,C01449,BR001,Savings,31-03-2023,Active,35609.89
A002717,C00964,BR005,Current,28-09-2022,Active,40698.94
A002718,C01145,BR007,Salary,07-09-2024,Active,2237.54
A002719,C01858,BR007,Current,28-09-2022,Active,37810.08
A002720,C02128,BR009,Savings,02-05-2025,Active,20013.27
A002721,C00768,BR002,Salary,31-03-2023,Active,38174.69
A002722,C00515,BR004,Savings,10-08-2024,Active,238788.11
A002723,C00275,BR011,Savings,23-04-2024,Active,12684.76
A002724,C01489,BR001,Savings,13-05-2024,Active,35638.58
A002725,C02782,BR002,Current,21-03-2023,Active,22384.59
A002726,C02878,BR006,Savings,06-05-2022,Closed,88583.04
A002727,C01680,BR005,Savings,23-07-2024,Active,35036.31
A002728,C01596,BR015,Fixed Deposit,26-09-2023,Active,110678.61
A002729,C01510,BR008,Savings,28-11-2025,Active,24582.96
A002730,C00712,BR002,Fixed Deposit,24-07-2025,Active,59546.84
A002731,C01248,BR015,Savings,19-04-2022,Active,49759.99
A002732,C02808,BR005,Savings,13-06-2023,Active,32391.81
A002733,C01849,BR006,Salary,31-08-2023,Active,46077.43
A002734,C00733,BR005,Savings,11-07-2023,Active,16642.63
A002735,C00263,BR006,Fixed Deposit,22-11-2024,Active,39982.75
A002736,C02254,BR008,Savings,07-06-2023,Active,11722.38
A002737,C02709,BR005,Salary,12-08-2022,Active,24047.29
A002738,C00329,BR001,Savings,14-06-2023,Active,92093.36
A002739,C01126,BR007,Fixed Deposit,23-02-2025,Active,181295.47
A002740,C02557,BR014,Savings,15-08-2023,Inactive,45471.66
A002741,C00760,BR006,Current,22-02-2023,Inactive,248059.13
A002742,C00542,BR009,Savings,03-02-2025,Active,45942.56
A002743,C01183,BR004,Salary,07-04-2022,Active,33181.38
A002744,C01183,BR004,Savings,27-10-2023,Active,55265.64
A002745,C01445,BR005,Savings,31-05-2022,Closed,113418.23
A002746,C02897,BR009,Current,05-06-2024,Active,171225.71
A002747,C02918,BR015,Savings,07-08-2025,Active,26764.68
A002748,C01739,BR002,Salary,09-10-2023,Active,76382.96
A002749,C00226,BR006,Salary,05-12-2025,Active,20956.34
A002750,C00792,BR001,Savings,30-06-2025,Closed,37698.92
A002751,C00543,BR009,Salary,29-11-2024,Active,6412.49
A002752,C00002,BR011,Savings,19-09-2022,Closed,26937
A002753,C01149,BR010,Current,17-02-2022,Active,24134.61
A002754,C00021,BR005,Savings,29-06-2022,Active,46547.31
A002755,C01724,BR010,Savings,24-05-2023,Inactive,75177.57
A002756,C00824,BR006,Salary,19-08-2023,Closed,78902.72
A002757,C02175,BR007,Fixed Deposit,03-11-2022,Active,225588.82
A002758,C01581,BR011,Fixed Deposit,24-11-2025,Closed,27210.07
A002759,C02853,BR001,Salary,21-12-2024,Active,77967.08
A002760,C01455,BR015,Savings,19-10-2024,Inactive,236470.63
A002761,C00470,BR009,Savings,09-08-2024,Inactive,34225.89
A002762,C02766,BR014,Savings,19-06-2024,Active,11400.24
A002763,C00927,BR005,Salary,12-07-2025,Active,21107.68
A002764,C02293,BR005,Savings,25-07-2023,Active,52114.04
A002765,C02349,BR005,Fixed Deposit,25-07-2022,Active,78843.85
A002766,C02775,BR005,Savings,08-03-2023,Active,18312.36
A002767,C01921,BR004,Savings,01-12-2022,Active,26444.09
A002768,C01536,BR009,Fixed Deposit,29-10-2025,Active,43920.37
A002769,C01155,BR005,Savings,08-04-2024,Active,161157.41
A002770,C01340,BR008,Savings,16-09-2023,Active,62802.18
A002771,C02342,BR009,Current,07-02-2022,Active,304642.6
A002772,C01699,BR005,Fixed Deposit,04-11-2024,Active,188991.05
A002773,C00148,BR005,Savings,02-08-2024,Active,34511.96
A002774,C01117,BR009,Savings,30-03-2025,Active,8389.57
A002775,C02743,BR014,Savings,11-07-2022,Inactive,14479.36
A002776,C00633,BR005,Current,18-08-2024,Active,118716.46
A002777,C01417,BR015,Savings,13-06-2023,Active,11129.11
A002778,C02510,BR009,Current,06-12-2022,Closed,112841.68
A002779,C00872,BR010,Savings,24-11-2022,Active,3627.22
A002780,C02042,BR006,Fixed Deposit,25-02-2023,Active,461929.93
A002781,C02356,BR003,Salary,06-12-2024,Active,69937.02
A002782,C00977,BR005,Salary,03-02-2022,Active,23744.26
A002783,C02688,BR015,Savings,16-10-2025,Active,76226.1
A002784,C01339,BR006,Savings,17-11-2025,Active,13825.53
A002785,C00889,BR012,Savings,15-11-2025,Active,17105.04
A002786,C00677,BR005,Current,04-05-2025,Closed,11113.65
A002787,C00800,BR005,Savings,19-04-2023,Active,29289.76
A002788,C01689,BR006,Savings,14-08-2023,Inactive,20573.57
A002789,C00676,BR009,Savings,05-07-2022,Active,31780.21
A002790,C01076,BR012,Savings,27-07-2025,Active,107371.83
A002791,C02133,BR012,Savings,30-01-2025,Active,103891.19
A002792,C02627,BR012,Current,13-08-2022,Active,81872.58
A002793,C02037,BR001,Salary,17-12-2025,Active,25873.82
A002794,C01586,BR006,Savings,03-03-2022,Inactive,54518.98
A002795,C02089,BR007,Salary,26-01-2025,Active,16814.94
A002796,C01236,BR007,Savings,17-07-2022,Active,94533.49
A002797,C00813,BR008,Fixed Deposit,31-12-2024,Active,87469.57
A002798,C02249,BR008,Current,14-07-2025,Active,121931.26
A002799,C00406,BR003,Savings,20-10-2025,Active,17698.82
A002800,C02716,BR009,Current,23-08-2022,Active,167867.24
A002801,C01286,BR004,Savings,29-08-2022,Inactive,55922.88
A002802,C02453,BR002,Savings,10-04-2022,Active,27733.75
A002803,C00297,BR014,Savings,16-04-2025,Inactive,81840.26
A002804,C01485,BR006,Fixed Deposit,29-09-2022,Active,40201.42
A002805,C01266,BR006,Fixed Deposit,25-07-2023,Active,179420.54
A002806,C01070,BR005,Current,30-08-2023,Active,103049.89
A002807,C01536,BR009,Salary,28-05-2023,Active,73971.14
A002808,C01987,BR009,Savings,27-12-2023,Active,22554.45
A002809,C02826,BR010,Current,25-05-2023,Active,106405.54
A002810,C02451,BR007,Savings,11-12-2022,Active,33445.81
A002811,C00695,BR004,Savings,21-07-2023,Inactive,31963.37
A002812,C02936,BR005,Fixed Deposit,23-03-2025,Closed,137508.03
A002813,C01496,BR001,Salary,22-06-2022,Active,11185.07
A002814,C01372,BR012,Fixed Deposit,03-11-2025,Active,404566.38
A002815,C00034,BR006,Current,22-08-2023,Active,128981.28
A002816,C02005,BR006,Savings,01-03-2023,Active,60470.38
A002817,C02661,BR008,Salary,12-10-2023,Active,13773.57
A002818,C00880,BR002,Savings,22-09-2025,Active,27145.48
A002819,C02602,BR008,Fixed Deposit,28-03-2025,Active,61692.2
A002820,C00263,BR006,Savings,09-04-2025,Active,5161.48
A002821,C02901,BR009,Salary,18-11-2022,Closed,94015
A002822,C00760,BR006,Salary,18-07-2025,Active,10033.26
A002823,C01444,BR006,Savings,28-10-2024,Active,8958.58
A002824,C00044,BR008,Savings,29-03-2022,Active,78322.26
A002825,C02695,BR015,Savings,16-09-2023,Active,26330.32
A002826,C01529,BR006,Savings,03-05-2025,Active,27115.53
A002827,C02913,BR007,Fixed Deposit,17-02-2024,Active,63647.35
A002828,C01120,BR012,Savings,06-05-2024,Active,87231.29
A002829,C00180,BR007,Savings,02-07-2023,Active,21895.92
A002830,C02035,BR007,Savings,25-02-2022,Active,58041.25
A002831,C00490,BR001,Savings,17-07-2025,Active,13267.91
A002832,C01846,BR007,Savings,06-01-2025,Active,46334.48
A002833,C00105,BR001,Fixed Deposit,01-02-2023,Closed,66389.68
A002834,C00504,BR015,Salary,20-12-2022,Active,115547.3
A002835,C01914,BR007,Fixed Deposit,27-01-2024,Active,170888.1
A002836,C02022,BR015,Savings,10-03-2025,Active,27198.33
A002837,C00458,BR006,Savings,07-05-2022,Active,136177.2
A002838,C00563,BR008,Savings,03-07-2024,Closed,76626.01
A002839,C02576,BR014,Savings,22-05-2025,Active,29553.08
A002840,C00018,BR006,Savings,21-12-2023,Active,35113.5
A002841,C00691,BR013,Savings,19-03-2022,Active,45051.85
A002842,C02911,BR013,Current,04-02-2022,Active,269662.21
A002843,C01643,BR012,Savings,25-08-2022,Closed,55724.83
A002844,C00081,BR015,Current,23-07-2025,Active,45777.83
A002845,C02678,BR009,Current,01-11-2023,Active,51882.93
A002846,C01026,BR012,Salary,04-08-2022,Inactive,23081.74
A002847,C02146,BR005,Savings,15-08-2025,Active,23792.59
A002848,C01913,BR002,Salary,27-04-2025,Active,28167.08
A002849,C01102,BR006,Savings,03-08-2022,Active,44024.35
A002850,C01112,BR015,Savings,02-10-2024,Active,40802.81
A002851,C01651,BR001,Savings,29-04-2023,Active,18983.22
A002852,C01144,BR012,Savings,12-04-2022,Active,109353.04
A002853,C00523,BR006,Savings,01-04-2022,Active,35150.74
A002854,C02169,BR008,Salary,03-03-2024,Active,121440.48
A002855,C02023,BR002,Salary,17-05-2025,Active,119045.62
A002856,C01807,BR007,Savings,06-11-2025,Active,14225.35
A002857,C02225,BR008,Savings,27-10-2024,Active,23070.63
A002858,C01556,BR015,Savings,10-09-2025,Active,24549.03
A002859,C02786,BR001,Fixed Deposit,11-12-2022,Active,239268.01
A002860,C02659,BR012,Savings,02-08-2022,Active,64896.63
A002861,C02944,BR005,Savings,11-06-2022,Active,39655.73
A002862,C00325,BR005,Savings,11-09-2022,Active,21912.97
A002863,C00306,BR008,Salary,06-01-2025,Closed,142481.36
A002864,C01410,BR001,Savings,13-08-2022,Active,24111.42
A002865,C02078,BR010,Savings,24-09-2023,Active,65752.8
A002866,C00718,BR001,Savings,09-01-2025,Active,33911.69
A002867,C00346,BR005,Salary,16-09-2025,Active,33114
A002868,C00111,BR005,Savings,23-08-2022,Inactive,62056.02
A002869,C01665,BR007,Fixed Deposit,30-09-2022,Active,106488.67
A002870,C02938,BR011,Fixed Deposit,05-04-2022,Active,467796.2
A002871,C01394,BR008,Current,13-06-2022,Active,27029.46
A002872,C02203,BR005,Fixed Deposit,25-07-2023,Active,101327.99
A002873,C00156,BR013,Salary,05-04-2023,Active,53256.29
A002874,C00649,BR008,Savings,13-11-2025,Active,40453.63
A002875,C02042,BR006,Salary,12-10-2023,Active,83836.75
A002876,C01208,BR001,Current,27-03-2023,Active,138705.62
A002877,C00080,BR005,Current,17-11-2023,Active,84819.44
A002878,C00679,BR005,Current,24-11-2024,Inactive,47464.63
A002879,C02380,BR010,Salary,09-05-2023,Active,92995.7
A002880,C02055,BR004,Fixed Deposit,30-07-2022,Inactive,86417.82
A002881,C02429,BR010,Savings,07-09-2023,Active,50816.95
A002882,C01052,BR012,Current,26-06-2024,Active,126438.12
A002883,C02787,BR002,Current,08-04-2023,Active,83611.26
A002884,C02760,BR008,Fixed Deposit,29-04-2024,Closed,64334.18
A002885,C01103,BR008,Savings,19-04-2023,Active,16732.05
A002886,C00623,BR012,Savings,13-08-2025,Closed,21458.73
A002887,C02886,BR014,Savings,20-07-2025,Active,35458.1
A002888,C01050,BR006,Savings,12-11-2024,Active,100450.48
A002889,C01489,BR001,Savings,08-05-2025,Active,37479.73
A002890,C02796,BR006,Savings,26-06-2022,Active,36978.46
A002891,C00808,BR008,Savings,12-08-2024,Active,14232.46
A002892,C02655,BR011,Fixed Deposit,15-08-2023,Active,143551.86
A002893,C00483,BR011,Savings,09-02-2025,Active,89693.35
A002894,C00880,BR002,Savings,01-01-2022,Active,98701.21
A002895,C01166,BR004,Salary,02-10-2022,Active,10181.7
A002896,C01450,BR003,Savings,19-12-2022,Active,47189.34
A002897,C00730,BR005,Salary,24-03-2024,Active,15765.62
A002898,C02652,BR008,Salary,20-11-2025,Active,67439.65
A002899,C01995,BR002,Savings,02-08-2025,Active,46006.67
A002900,C02012,BR003,Savings,28-10-2023,Active,54399.44
A002901,C02196,BR014,Savings,02-01-2022,Inactive,19034.04
A002902,C01912,BR010,Savings,21-06-2025,Active,14461.36
A002903,C01931,BR015,Current,16-04-2024,Inactive,93510.65
A002904,C01982,BR002,Savings,04-02-2022,Active,45466.62
A002905,C02162,BR007,Savings,31-07-2024,Active,28487.15
A002906,C02763,BR009,Savings,09-07-2025,Active,43403.24
A002907,C00590,BR015,Savings,26-06-2025,Active,14657.8
A002908,C01552,BR003,Savings,23-07-2025,Active,34806.09
A002909,C00553,BR007,Current,26-11-2025,Active,65942.76
A002910,C00546,BR005,Savings,12-08-2024,Active,46424.79
A002911,C02850,BR004,Salary,13-06-2024,Active,48960.77
A002912,C01419,BR002,Fixed Deposit,19-06-2022,Active,62665.97
A002913,C02113,BR007,Salary,12-07-2024,Active,22651.09
A002914,C02187,BR003,Savings,03-07-2025,Active,140095.89
A002915,C00096,BR006,Savings,02-04-2025,Active,47409.3
A002916,C01477,BR009,Current,07-08-2025,Active,26487.21
A002917,C00541,BR008,Salary,06-09-2022,Active,62757.33
A002918,C00940,BR003,Fixed Deposit,21-10-2022,Active,22503.16
A002919,C00565,BR005,Savings,07-06-2025,Active,12140.96
A002920,C01999,BR001,Savings,05-10-2025,Inactive,36717.62
A002921,C00397,BR013,Savings,08-02-2024,Active,233983.88
A002922,C01351,BR011,Fixed Deposit,11-07-2025,Active,265125.04
A002923,C00918,BR005,Current,23-09-2024,Active,20536.81
A002924,C02889,BR004,Fixed Deposit,27-10-2022,Active,330247.61
A002925,C02365,BR001,Salary,11-01-2024,Active,26515.54
A002926,C01057,BR005,Fixed Deposit,30-07-2023,Active,49544.88
A002927,C00881,BR007,Current,28-02-2025,Active,45941.2
A002928,C02153,BR008,Fixed Deposit,07-05-2023,Active,104340.22
A002929,C01895,BR010,Fixed Deposit,14-09-2022,Active,76036.32
A002930,C01666,BR008,Fixed Deposit,29-12-2023,Active,139939.95
A002931,C00217,BR004,Fixed Deposit,24-12-2023,Active,89534.12
A002932,C00233,BR010,Current,22-07-2025,Active,185284.29
A002933,C01910,BR011,Salary,12-01-2022,Active,24250.44
A002934,C01410,BR001,Current,01-07-2025,Active,44975.12
A002935,C02489,BR006,Salary,05-11-2022,Active,48732.33
A002936,C00088,BR006,Salary,14-09-2022,Active,11604.87
A002937,C00559,BR007,Salary,04-09-2023,Active,61578.61
A002938,C02370,BR005,Savings,16-03-2024,Active,31175.66
A002939,C02938,BR011,Salary,20-09-2025,Active,21915.68
A002940,C02204,BR009,Fixed Deposit,20-02-2024,Active,123020.73
A002941,C00039,BR007,Current,01-08-2022,Active,91897.49
A002942,C00152,BR004,Savings,21-10-2023,Active,33994.01
A002943,C02635,BR008,Fixed Deposit,06-09-2025,Active,112318.99
A002944,C01500,BR013,Salary,10-11-2024,Active,73505.25
A002945,C01491,BR010,Savings,15-11-2022,Active,17114.9
A002946,C02885,BR004,Current,01-08-2024,Active,61573.05
A002947,C00744,BR001,Salary,07-12-2024,Inactive,33952.67
A002948,C00854,BR006,Salary,06-02-2023,Active,10795.65
A002949,C02059,BR001,Savings,11-02-2024,Active,22296.48
A002950,C02713,BR006,Savings,24-05-2023,Active,13797.18
A002951,C01098,BR009,Fixed Deposit,22-09-2022,Active,266910.91
A002952,C00454,BR006,Fixed Deposit,21-07-2025,Active,30934.34
A002953,C00169,BR005,Savings,14-04-2023,Active,16235.53
A002954,C00020,BR009,Fixed Deposit,21-04-2023,Active,312680.72
A002955,C01123,BR005,Savings,29-05-2022,Inactive,36331.75
A002956,C01592,BR012,Savings,11-10-2023,Inactive,97820.23
A002957,C01469,BR012,Salary,29-07-2024,Active,94204.77
A002958,C00718,BR001,Savings,22-11-2025,Closed,36874.12
A002959,C02030,BR006,Savings,07-02-2025,Active,53519.66
A002960,C02638,BR012,Fixed Deposit,06-06-2025,Active,499214.43
A002961,C00699,BR006,Current,13-12-2025,Active,222513.53
A002962,C02022,BR015,Savings,18-10-2024,Active,49622.5
A002963,C01635,BR012,Savings,06-06-2025,Active,78752.95
A002964,C02061,BR004,Current,21-03-2023,Active,53070.06
A002965,C00044,BR008,Current,10-11-2024,Active,78910.2
A002966,C02020,BR008,Savings,07-07-2024,Active,27324.11
A002967,C02243,BR003,Savings,22-10-2023,Active,118480.06
A002968,C02037,BR001,Current,26-07-2024,Inactive,62874.31
A002969,C02522,BR007,Current,19-11-2024,Active,136442.02
A002970,C02242,BR008,Fixed Deposit,25-08-2023,Active,85452.92
A002971,C02955,BR010,Savings,15-05-2025,Active,23607.03
A002972,C02010,BR005,Fixed Deposit,22-02-2022,Active,83976.69
A002973,C01339,BR006,Fixed Deposit,19-04-2023,Active,20342.97
A002974,C02503,BR002,Savings,20-06-2023,Active,100456.59
A002975,C02085,BR015,Savings,28-04-2025,Active,84637.59
A002976,C01675,BR011,Current,13-01-2024,Active,66019.88
A002977,C01736,BR013,Fixed Deposit,24-09-2025,Inactive,110227.74
A002978,C01053,BR005,Savings,20-10-2025,Active,69975.72
A002979,C01841,BR007,Savings,01-11-2023,Active,19406
A002980,C01401,BR006,Salary,28-11-2024,Inactive,13240.77
A002981,C00394,BR003,Salary,26-12-2022,Active,17281.43
A002982,C01321,BR008,Savings,07-06-2022,Inactive,65133.48
A002983,C02850,BR004,Savings,19-12-2023,Active,5288.11
A002984,C00998,BR013,Savings,17-03-2023,Active,34544.85
A002985,C02033,BR007,Fixed Deposit,03-12-2024,Active,279889.03
A002986,C01247,BR007,Salary,02-02-2024,Active,99049.12
A002987,C00857,BR008,Savings,18-07-2022,Active,31681.01
A002988,C01155,BR005,Fixed Deposit,22-10-2023,Active,334808.37
A002989,C02878,BR006,Current,11-08-2023,Active,82036.31
A002990,C00334,BR010,Fixed Deposit,08-01-2022,Active,568855.3
A002991,C02004,BR011,Savings,07-03-2024,Active,28217.14
A002992,C02492,BR005,Savings,28-09-2025,Active,23092.46
A002993,C00556,BR012,Savings,03-08-2025,Active,44618.24
A002994,C02270,BR008,Savings,13-08-2025,Active,26405.91
A002995,C01911,BR011,Salary,30-07-2025,Active,26487.13
A002996,C01013,BR009,Current,11-09-2025,Active,38879.11
A002997,C00531,BR013,Savings,23-05-2022,Active,36485.19
A002998,C02836,BR010,Salary,19-09-2023,Inactive,23911.6
A002999,C00592,BR005,Current,07-03-2024,Active,278528.1
A003000,C02849,BR006,Current,02-05-2025,Active,34798.16
A003001,C01945,BR012,Savings,30-06-2023,Active,21748.87
A003002,C02571,BR003,Fixed Deposit,01-11-2024,Active,100063.11
A003003,C00889,BR012,Current,15-02-2025,Active,43092.67
A003004,C00089,BR002,Fixed Deposit,18-01-2024,Active,98402.05
A003005,C01967,BR003,Salary,19-12-2022,Active,11559.66
A003006,C01114,BR006,Current,23-04-2022,Active,98766.66
A003007,C01651,BR001,Savings,12-10-2023,Closed,21995.69
A003008,C01373,BR001,Salary,03-09-2022,Active,64359.89
A003009,C00965,BR003,Savings,30-07-2024,Active,52869.24
A003010,C02157,BR015,Fixed Deposit,15-12-2022,Active,48229.87
A003011,C01503,BR004,Savings,05-07-2025,Active,71849.2
A003012,C01905,BR010,Savings,01-08-2025,Active,131466.94
A003013,C02017,BR010,Current,06-05-2025,Active,120485.54
A003014,C02036,BR003,Current,30-08-2024,Active,46999.17
A003015,C00991,BR015,Current,19-06-2022,Active,47697.43
A003016,C02302,BR005,Salary,07-12-2025,Active,23216.11
A003017,C00659,BR002,Salary,07-04-2022,Inactive,60229.76
A003018,C02846,BR014,Fixed Deposit,07-04-2024,Inactive,76305.46
A003019,C02428,BR009,Savings,20-03-2025,Active,21716.81
A003020,C01655,BR006,Current,04-05-2022,Active,58327.63
A003021,C00541,BR008,Fixed Deposit,28-12-2023,Active,383450.69
A003022,C02713,BR006,Savings,30-11-2023,Inactive,60028.71
A003023,C01664,BR007,Savings,15-10-2022,Active,12496.92
A003024,C02445,BR008,Savings,13-06-2022,Active,22606.64
A003025,C00083,BR010,Salary,22-08-2025,Active,6990.65
A003026,C01014,BR005,Salary,09-08-2025,Active,4583.28
A003027,C00900,BR008,Savings,18-05-2022,Active,52842.41
A003028,C02442,BR005,Savings,11-02-2023,Inactive,45762.29
A003029,C01394,BR008,Savings,28-07-2023,Active,40523.92
A003030,C00353,BR002,Savings,16-10-2022,Active,134865.68
A003031,C01846,BR007,Savings,08-04-2022,Active,8423.06
A003032,C00477,BR007,Salary,18-01-2024,Active,5973.06
A003033,C01340,BR008,Fixed Deposit,08-10-2023,Active,122671.91
A003034,C02978,BR012,Salary,25-03-2025,Active,5775.67
A003035,C01304,BR006,Fixed Deposit,10-03-2023,Active,120017.31
A003036,C01287,BR014,Fixed Deposit,16-01-2024,Active,190049.25
A003037,C00121,BR008,Salary,04-04-2023,Active,45034.34
A003038,C01382,BR001,Current,25-02-2022,Active,21937.23
A003039,C02874,BR015,Salary,29-11-2024,Active,47966.38
A003040,C02854,BR005,Current,21-12-2024,Active,45227.39
A003041,C02891,BR009,Savings,28-08-2024,Active,22382.53
A003042,C01086,BR015,Savings,19-02-2022,Active,50763.88
A003043,C00197,BR006,Current,14-10-2024,Active,24447.49
A003044,C00711,BR006,Fixed Deposit,01-06-2024,Active,64532.69
A003045,C00634,BR012,Salary,07-10-2023,Inactive,48766.22
A003046,C00234,BR011,Savings,20-06-2024,Active,42712.68
A003047,C02129,BR001,Current,11-06-2022,Active,42423.34
A003048,C01568,BR004,Salary,01-11-2022,Active,63264.11
A003049,C02165,BR008,Salary,08-07-2022,Active,45519.91
A003050,C00600,BR015,Savings,15-10-2023,Active,26843.86
A003051,C02089,BR007,Savings,31-07-2025,Active,17564.66
A003052,C00195,BR002,Savings,10-01-2022,Active,27581.16
A003053,C02165,BR008,Fixed Deposit,14-10-2023,Active,271422.73
A003054,C02440,BR002,Savings,19-02-2023,Active,51907.44
A003055,C00761,BR008,Fixed Deposit,01-10-2025,Active,331205.5
A003056,C00986,BR010,Savings,23-06-2024,Active,38323.17
A003057,C01307,BR001,Fixed Deposit,21-11-2022,Active,491059.34
A003058,C01739,BR002,Savings,20-02-2023,Active,93863.4
A003059,C01587,BR006,Salary,28-04-2024,Active,86914.15
A003060,C00314,BR001,Salary,11-03-2022,Active,40978.32
A003061,C01137,BR011,Salary,09-04-2022,Active,56143.99
A003062,C01517,BR006,Salary,12-09-2024,Active,53578.99
A003063,C01842,BR008,Savings,18-03-2025,Active,23504.93
A003064,C01896,BR008,Savings,20-12-2024,Active,28057.97
A003065,C01998,BR009,Savings,08-09-2022,Active,16153.32
A003066,C01350,BR006,Salary,14-06-2025,Active,27969.35
A003067,C01508,BR005,Salary,25-11-2022,Active,84062.73
A003068,C01013,BR009,Savings,03-07-2025,Active,71539.14
A003069,C00816,BR006,Salary,09-03-2023,Active,56263.23
A003070,C00933,BR013,Savings,27-12-2023,Closed,79094.98
A003071,C01316,BR012,Savings,30-10-2025,Active,25657.37
A003072,C00329,BR001,Savings,19-08-2023,Active,12910.33
A003073,C00657,BR005,Salary,02-09-2024,Active,30630.71
A003074,C00348,BR010,Savings,05-05-2024,Inactive,32763.44
A003075,C01227,BR014,Fixed Deposit,20-04-2022,Active,132706.43
A003076,C01488,BR003,Salary,04-03-2025,Active,54059.1
A003077,C00490,BR001,Current,08-06-2023,Active,23689.67
A003078,C00417,BR008,Savings,26-11-2023,Active,6313.41
A003079,C01578,BR013,Salary,21-03-2023,Active,17761.28
A003080,C00671,BR005,Fixed Deposit,24-12-2025,Active,186206.65
A003081,C02605,BR005,Current,15-03-2024,Active,24401.9
A003082,C00495,BR010,Savings,20-07-2024,Active,207592.39
A003083,C01446,BR010,Savings,03-02-2024,Active,15250.86
A003084,C02408,BR012,Savings,27-03-2023,Inactive,19144
A003085,C00312,BR002,Savings,06-05-2024,Active,24422.88
A003086,C01350,BR006,Salary,05-03-2025,Active,18571.24
A003087,C01416,BR014,Savings,19-05-2022,Active,16450.36
A003088,C01658,BR010,Salary,09-08-2022,Active,36393.05
A003089,C02658,BR011,Savings,29-08-2022,Active,80757.11
A003090,C01749,BR011,Current,29-09-2025,Active,104863.05
A003091,C01132,BR007,Fixed Deposit,22-04-2024,Active,185764.07
A003092,C01190,BR008,Savings,13-05-2023,Active,29623.3
A003093,C01873,BR001,Savings,18-10-2022,Active,14476.78
A003094,C00896,BR005,Current,27-09-2024,Inactive,160975.79
A003095,C02055,BR004,Savings,06-02-2024,Active,122220.65
A003096,C01148,BR006,Salary,02-07-2024,Inactive,9020.33
A003097,C00181,BR002,Fixed Deposit,11-11-2024,Active,162972.87
A003098,C01605,BR001,Salary,21-05-2022,Inactive,18063.14
A003099,C00755,BR003,Fixed Deposit,19-09-2024,Inactive,37791.96
A003100,C01076,BR012,Savings,20-11-2024,Active,32545.07
A003101,C00972,BR014,Savings,09-02-2023,Active,11194.77
A003102,C00410,BR009,Savings,01-04-2023,Active,97791.95
A003103,C00868,BR005,Salary,14-05-2024,Active,30765.53
A003104,C02742,BR001,Savings,11-07-2023,Active,23472.72
A003105,C00961,BR006,Savings,21-09-2025,Active,38637
A003106,C02198,BR005,Fixed Deposit,22-05-2022,Active,93934.13
A003107,C01227,BR014,Savings,04-09-2022,Active,29941.33
A003108,C00199,BR007,Savings,29-03-2025,Active,7342.11
A003109,C02514,BR011,Savings,21-09-2024,Active,4719.96
A003110,C02718,BR002,Savings,10-06-2025,Active,15344.9
A003111,C00707,BR007,Savings,04-02-2022,Closed,22260.66
A003112,C00512,BR002,Savings,16-07-2022,Active,7860.85
A003113,C02793,BR008,Savings,07-05-2025,Active,22931.03
A003114,C00294,BR006,Salary,02-04-2025,Active,22235.42
A003115,C02667,BR007,Savings,21-04-2025,Active,33215.59
A003116,C00520,BR012,Salary,04-08-2025,Active,58990.62
A003117,C02601,BR014,Salary,03-12-2022,Active,149998.87
A003118,C02800,BR004,Salary,23-05-2022,Inactive,50368.22
A003119,C00721,BR003,Fixed Deposit,09-03-2023,Active,235134.3
A003120,C00664,BR006,Savings,28-12-2025,Active,61674.2
A003121,C00319,BR015,Savings,25-01-2024,Active,115106.96
A003122,C02361,BR003,Savings,07-01-2022,Active,13505.78
A003123,C01049,BR008,Savings,22-12-2024,Active,14159.96
A003124,C01930,BR010,Salary,15-05-2025,Active,10458.83
A003125,C01843,BR012,Current,28-06-2022,Active,45063.82
A003126,C01555,BR012,Savings,26-03-2024,Active,48066.3
A003127,C00728,BR005,Savings,24-12-2024,Active,123479.02
A003128,C01097,BR013,Fixed Deposit,30-10-2025,Closed,67073.15
A003129,C01503,BR004,Current,06-06-2024,Active,37662.76
A003130,C00279,BR004,Savings,09-05-2023,Inactive,36388.11
A003131,C01212,BR001,Fixed Deposit,22-08-2025,Active,152356.12
A003132,C02132,BR008,Salary,12-06-2023,Active,51327.46
A003133,C01266,BR006,Savings,14-07-2024,Active,105960.34
A003134,C01185,BR007,Savings,12-05-2025,Active,34384.27
A003135,C02522,BR007,Salary,14-02-2024,Active,43721.21
A003136,C01605,BR001,Savings,04-11-2024,Active,24732.67
A003137,C02212,BR010,Fixed Deposit,14-05-2025,Active,237953.9
A003138,C00156,BR013,Salary,27-05-2024,Active,28148.37
A003139,C02785,BR010,Current,06-09-2023,Active,186988.83
A003140,C02328,BR002,Salary,30-07-2024,Active,73525.58
A003141,C02481,BR012,Fixed Deposit,09-08-2023,Active,121924.55
A003142,C02077,BR005,Savings,24-09-2024,Active,33904.06
A003143,C01616,BR005,Savings,30-04-2022,Active,46413.64
A003144,C01588,BR005,Salary,11-03-2022,Active,72802.19
A003145,C01874,BR009,Savings,25-11-2023,Active,30985.55
A003146,C01489,BR001,Salary,22-06-2022,Active,41120.36
A003147,C02189,BR006,Current,03-12-2024,Active,107606.34
A003148,C01012,BR006,Savings,22-09-2022,Closed,21939.1
A003149,C02309,BR006,Savings,31-12-2023,Active,54526.98
A003150,C01028,BR009,Salary,16-09-2022,Active,54108.53
A003151,C01428,BR011,Savings,08-09-2025,Active,76669.91
A003152,C00206,BR008,Savings,16-05-2025,Closed,34899.07
A003153,C02702,BR003,Savings,03-01-2022,Active,12622.7
A003154,C02061,BR004,Savings,31-07-2023,Active,89735.01
A003155,C00749,BR008,Current,08-10-2025,Inactive,74592.78
A003156,C00135,BR009,Fixed Deposit,17-12-2023,Active,150818.12
A003157,C02556,BR003,Salary,18-05-2025,Active,22268.77
A003158,C00005,BR001,Current,11-05-2022,Active,33262.7
A003159,C01446,BR010,Savings,20-09-2023,Active,29089.25
A003160,C00093,BR012,Fixed Deposit,25-06-2025,Inactive,92032.77
A003161,C02081,BR014,Fixed Deposit,12-10-2022,Active,26098.42
A003162,C00611,BR006,Salary,15-01-2022,Active,109160.06
A003163,C01282,BR012,Savings,08-12-2024,Inactive,103556.87
A003164,C01711,BR005,Savings,02-05-2022,Active,74533.12
A003165,C01112,BR015,Savings,16-03-2023,Active,6757.39
A003166,C02044,BR007,Savings,01-04-2025,Active,118392.26
A003167,C01525,BR010,Savings,26-07-2025,Active,28609.75
A003168,C01263,BR014,Fixed Deposit,10-07-2022,Active,47183.6
A003169,C00967,BR011,Savings,28-12-2023,Active,20944.79
A003170,C01226,BR013,Savings,05-03-2025,Active,31078.33
A003171,C00964,BR005,Fixed Deposit,26-07-2023,Active,40239.14
A003172,C01731,BR011,Fixed Deposit,27-05-2023,Inactive,266297.81
A003173,C02294,BR001,Savings,04-03-2024,Active,8828.21
A003174,C01791,BR005,Savings,07-02-2025,Closed,4560.19
A003175,C00097,BR008,Salary,28-02-2022,Active,430626.62
A003176,C02535,BR005,Fixed Deposit,15-03-2022,Active,101943.96
A003177,C02359,BR005,Current,05-06-2022,Active,64790.31
A003178,C02458,BR007,Savings,14-05-2023,Active,56914.1
A003179,C00150,BR005,Salary,11-02-2023,Inactive,10434.2
A003180,C02471,BR014,Salary,05-12-2023,Inactive,8910.13
A003181,C01402,BR005,Savings,16-03-2023,Active,3040.85
A003182,C02533,BR009,Savings,03-07-2024,Active,44887.46
A003183,C02345,BR006,Fixed Deposit,16-04-2023,Active,150938.35
A003184,C02640,BR006,Salary,06-05-2025,Active,60474.91
A003185,C00366,BR001,Savings,29-03-2023,Closed,32815.91
A003186,C01666,BR008,Salary,24-12-2022,Active,37638.96
A003187,C02186,BR002,Salary,10-06-2025,Active,23805.94
A003188,C01786,BR006,Savings,20-08-2024,Inactive,27685.98
A003189,C02435,BR002,Savings,12-03-2022,Active,16358.71
A003190,C02182,BR005,Savings,10-08-2022,Active,17730.43
A003191,C00108,BR003,Fixed Deposit,13-03-2022,Active,109110.13
A003192,C00598,BR011,Savings,07-03-2025,Active,126751.96
A003193,C01904,BR005,Salary,05-07-2024,Active,24994.14
A003194,C01082,BR003,Current,25-09-2025,Active,42307.9
A003195,C01071,BR005,Fixed Deposit,25-04-2023,Active,261676.36
A003196,C02738,BR009,Fixed Deposit,11-03-2022,Active,191174.14
A003197,C00269,BR001,Fixed Deposit,02-11-2023,Active,74103.27
A003198,C01569,BR004,Fixed Deposit,27-04-2022,Closed,91298.85
A003199,C00935,BR007,Savings,31-07-2022,Active,124212.96
A003200,C00156,BR013,Savings,24-02-2025,Active,25261.11
A003201,C01125,BR011,Savings,08-07-2023,Active,70036.08
A003202,C01217,BR001,Current,10-07-2025,Inactive,39079.37
A003203,C01365,BR005,Savings,21-01-2024,Active,10954.77
A003204,C00483,BR011,Savings,05-08-2024,Active,41055.8
A003205,C02185,BR006,Savings,03-05-2025,Active,18370.95
A003206,C01069,BR009,Salary,05-11-2023,Active,12528.28
A003207,C01721,BR015,Savings,13-04-2023,Active,12570.29
A003208,C01635,BR012,Savings,28-01-2025,Active,70348.63
A003209,C01694,BR005,Current,28-04-2025,Active,122497.72
A003210,C01516,BR011,Current,14-03-2023,Active,295912.88
A003211,C00904,BR003,Fixed Deposit,17-04-2025,Active,52869.67
A003212,C01472,BR006,Current,19-12-2025,Active,11248.93
A003213,C01592,BR012,Salary,11-10-2022,Active,22306.05
A003214,C00056,BR008,Savings,23-05-2025,Active,115793.78
A003215,C02172,BR008,Savings,07-05-2022,Active,226501.5
A003216,C01336,BR009,Salary,20-07-2025,Active,21058.41
A003217,C00879,BR005,Savings,25-07-2025,Active,152869.17
A003218,C00087,BR013,Salary,02-06-2025,Active,21991.21
A003219,C00915,BR001,Fixed Deposit,25-05-2023,Active,183216.74
A003220,C01215,BR006,Savings,24-09-2025,Active,31090.88
A003221,C02510,BR009,Salary,20-03-2024,Active,73259.84
A003222,C01941,BR004,Savings,05-04-2022,Active,32032.78
A003223,C01255,BR003,Savings,25-05-2025,Active,65527.68
A003224,C00378,BR005,Savings,20-08-2025,Active,42433.47
A003225,C00825,BR009,Current,19-03-2023,Inactive,55480.93
A003226,C02751,BR002,Fixed Deposit,30-12-2022,Active,273163.32
A003227,C00384,BR005,Savings,11-04-2024,Active,128549.76
A003228,C01892,BR002,Salary,09-06-2023,Active,16884.48
A003229,C01552,BR003,Savings,22-07-2024,Active,29441.65
A003230,C00653,BR006,Savings,26-06-2023,Active,34954.38
A003231,C02621,BR012,Current,15-11-2022,Active,71098.59
A003232,C01183,BR004,Salary,06-12-2022,Inactive,14869.49
A003233,C01984,BR007,Salary,18-08-2024,Active,48431.05
A003234,C00291,BR005,Fixed Deposit,03-10-2023,Active,67495.71
A003235,C02898,BR015,Savings,23-01-2022,Active,38516.57
A003236,C00067,BR007,Current,09-01-2024,Active,25381.32
A003237,C00932,BR014,Savings,25-02-2025,Active,13701.82
A003238,C02748,BR004,Salary,06-08-2022,Closed,25101.97
A003239,C01914,BR007,Savings,23-12-2022,Active,12838.78
A003240,C02026,BR004,Savings,10-06-2023,Active,39402.38
A003241,C00944,BR015,Salary,16-09-2025,Active,52986.41
A003242,C02339,BR003,Savings,24-05-2023,Active,109498.77
A003243,C02795,BR008,Salary,08-05-2025,Closed,12867.18
A003244,C01867,BR006,Fixed Deposit,12-09-2024,Active,273131.31
A003245,C00656,BR002,Savings,20-12-2025,Inactive,118634.08
A003246,C02721,BR010,Current,28-04-2024,Active,341267.43
A003247,C00013,BR001,Fixed Deposit,09-04-2023,Active,713751.19
A003248,C02688,BR015,Salary,12-11-2024,Active,9994.66
A003249,C00029,BR002,Savings,12-05-2022,Inactive,59510.56
A003250,C00175,BR012,Salary,19-02-2025,Active,18891.12
A003251,C00127,BR001,Current,08-12-2022,Active,165569.24
A003252,C00569,BR006,Salary,01-09-2024,Active,29125.58
A003253,C02183,BR008,Current,27-04-2024,Active,99073.64
A003254,C01188,BR010,Savings,19-12-2022,Active,68376.56
A003255,C00238,BR004,Salary,05-12-2023,Inactive,17674.27
A003256,C01024,BR001,Savings,04-01-2024,Active,27073.91
A003257,C02994,BR014,Fixed Deposit,25-01-2025,Active,89234.45
A003258,C01577,BR005,Salary,13-11-2023,Active,14111.71
A003259,C02188,BR015,Fixed Deposit,26-03-2022,Active,67080.56
A003260,C00800,BR005,Savings,19-04-2022,Active,28294.32
A003261,C01563,BR014,Savings,28-08-2024,Active,69610.92
A003262,C02393,BR004,Savings,30-07-2025,Active,29625.9
A003263,C02024,BR006,Savings,28-09-2023,Active,22422.87
A003264,C00023,BR011,Savings,14-05-2022,Active,19511.14
A003265,C01822,BR001,Current,07-09-2022,Active,22982.81
A003266,C02375,BR004,Savings,27-11-2025,Active,27234.86
A003267,C00406,BR003,Fixed Deposit,24-10-2024,Inactive,182558.68
A003268,C01181,BR010,Savings,16-02-2022,Closed,39821.5
A003269,C01935,BR004,Savings,15-01-2023,Active,16982.39
A003270,C00016,BR005,Salary,02-12-2024,Active,9096.33
A003271,C02133,BR012,Savings,11-07-2024,Active,99804.55
A003272,C02542,BR008,Salary,25-02-2023,Active,29686.04
A003273,C01579,BR001,Salary,13-10-2024,Active,70430.71
A003274,C01341,BR001,Salary,14-08-2025,Active,251963.11
A003275,C00276,BR011,Salary,08-08-2025,Inactive,61797.23
A003276,C02175,BR007,Salary,18-04-2025,Active,46621.05
A003277,C02830,BR011,Fixed Deposit,02-06-2023,Active,62470.3
A003278,C02636,BR001,Savings,06-02-2022,Active,69327.82
A003279,C01649,BR008,Savings,25-07-2023,Active,11965.37
A003280,C00103,BR007,Salary,02-02-2022,Active,108646.75
A003281,C00858,BR006,Savings,12-04-2024,Active,33659.14
A003282,C00787,BR015,Current,31-05-2024,Active,171368.21
A003283,C00023,BR011,Current,15-05-2023,Active,287892.25
A003284,C00357,BR010,Savings,07-08-2022,Active,96367.22
A003285,C01725,BR007,Savings,06-02-2024,Active,28916.92
A003286,C00295,BR009,Salary,21-01-2022,Active,9637.27
A003287,C00116,BR011,Savings,08-02-2023,Active,56514.88
A003288,C02837,BR006,Savings,14-11-2025,Active,80292.18
A003289,C01815,BR006,Salary,28-08-2025,Active,21801
A003290,C02417,BR010,Salary,13-07-2024,Active,29445.43
A003291,C00746,BR002,Current,01-07-2023,Active,94052.62
A003292,C01095,BR011,Savings,16-01-2022,Active,30671.85
A003293,C01832,BR012,Savings,07-08-2024,Active,12091.03
A003294,C02062,BR009,Salary,18-12-2023,Active,54325.19
A003295,C01105,BR009,Savings,08-11-2024,Inactive,46526.98
A003296,C02759,BR001,Fixed Deposit,19-08-2022,Active,418427.59
A003297,C02111,BR014,Salary,28-04-2025,Active,107726.98
A003298,C00663,BR005,Savings,22-03-2025,Inactive,42955.65
A003299,C00295,BR009,Current,18-09-2023,Active,126721.78
A003300,C00043,BR008,Fixed Deposit,11-02-2022,Active,211955.72
A003301,C02534,BR004,Fixed Deposit,13-11-2023,Active,132678.91
A003302,C02473,BR007,Current,26-06-2023,Active,160501.34
A003303,C01437,BR006,Savings,16-01-2025,Active,16061.73
A003304,C02169,BR008,Salary,14-12-2022,Active,50133.48
A003305,C02651,BR007,Salary,27-01-2022,Active,98615.45
A003306,C00481,BR007,Current,04-12-2025,Active,53045.3
A003307,C02943,BR008,Savings,19-12-2022,Active,11182.16
A003308,C01469,BR012,Fixed Deposit,25-04-2022,Active,129050.21
A003309,C01315,BR008,Current,06-06-2025,Active,121102.92
A003310,C00482,BR007,Savings,17-11-2024,Active,20851.73
A003311,C02018,BR005,Savings,28-01-2023,Active,12615.91
A003312,C01808,BR006,Savings,30-11-2023,Closed,47786.84
A003313,C00090,BR005,Savings,02-10-2024,Closed,3455.99
A003314,C01943,BR002,Savings,07-04-2025,Active,15548.22
A003315,C00425,BR008,Current,29-06-2023,Active,5251.51
A003316,C00831,BR013,Savings,10-11-2022,Inactive,15537.95
A003317,C01836,BR005,Savings,22-01-2022,Active,28041.22
A003318,C02343,BR009,Savings,03-06-2025,Active,44940.92
A003319,C00403,BR011,Savings,04-04-2025,Active,44962.1
A003320,C01421,BR003,Savings,20-10-2025,Active,22258.09
A003321,C00856,BR008,Savings,28-12-2024,Active,55688.52
A003322,C02120,BR010,Salary,08-11-2022,Active,119658.12
A003323,C02485,BR014,Savings,18-12-2022,Active,14195.84
A003324,C01920,BR006,Salary,21-12-2022,Active,23186.65
A003325,C02385,BR005,Savings,01-11-2023,Active,32007.52
A003326,C01353,BR002,Savings,08-11-2025,Closed,63448.37
A003327,C01794,BR010,Savings,06-10-2024,Closed,35999.16
A003328,C00879,BR005,Savings,27-09-2023,Active,31414.12
A003329,C02966,BR003,Current,13-12-2024,Active,25298.73
A003330,C00613,BR001,Salary,05-05-2025,Active,13359.79
A003331,C02764,BR009,Current,13-08-2023,Active,35938.57
A003332,C02238,BR009,Savings,15-05-2025,Inactive,22614.35
A003333,C02961,BR008,Savings,27-01-2022,Active,26168.77
A003334,C01926,BR003,Fixed Deposit,31-03-2023,Active,46655.21
A003335,C01057,BR005,Savings,06-09-2022,Active,256153.85
A003336,C00843,BR013,Savings,19-09-2022,Active,22930.99
A003337,C00539,BR005,Savings,24-10-2022,Active,113778.91
A003338,C02902,BR003,Fixed Deposit,20-06-2023,Active,322704.99
A003339,C00320,BR011,Fixed Deposit,24-11-2024,Active,280598.28
A003340,C02432,BR008,Savings,14-05-2024,Active,17030.77
A003341,C02096,BR003,Savings,07-10-2023,Active,39328.59
A003342,C00381,BR002,Salary,28-12-2023,Active,25114.14
A003343,C02748,BR004,Savings,25-09-2022,Active,193950.26
A003344,C00488,BR001,Savings,12-12-2024,Active,49620.47
A003345,C00483,BR011,Savings,08-01-2025,Active,29199.27
A003346,C01633,BR006,Savings,12-03-2024,Active,159577.59
A003347,C00310,BR009,Savings,04-04-2025,Active,25938.28
A003348,C00308,BR010,Current,22-03-2025,Active,166887.29
A003349,C01873,BR001,Salary,21-03-2025,Closed,63586.35
A003350,C02894,BR005,Current,01-06-2022,Inactive,34519.69
A003351,C00160,BR007,Savings,06-05-2022,Active,31973.35
A003352,C01915,BR008,Savings,04-10-2023,Active,71324.6
A003353,C01806,BR014,Fixed Deposit,25-03-2022,Active,420712.32
A003354,C00199,BR007,Savings,24-01-2022,Active,90196.39
A003355,C00449,BR007,Savings,11-07-2022,Active,27553.95
A003356,C01331,BR005,Savings,26-06-2022,Active,109122.81
A003357,C02080,BR011,Savings,22-04-2023,Active,85173.51
A003358,C00666,BR010,Savings,30-04-2023,Active,55827.56
A003359,C01303,BR012,Savings,12-04-2025,Active,32416.83
A003360,C01472,BR006,Current,10-08-2025,Active,96844.62
A003361,C02136,BR006,Savings,06-09-2022,Active,56870.6
A003362,C00742,BR013,Salary,10-07-2023,Active,2273.44
A003363,C02068,BR005,Current,13-01-2024,Active,68137.12
A003364,C02496,BR008,Savings,04-02-2023,Active,40397.84
A003365,C01749,BR011,Salary,29-04-2023,Closed,44394.5
A003366,C02164,BR011,Fixed Deposit,07-09-2024,Active,126093.21
A003367,C00503,BR005,Savings,14-09-2023,Active,130564.54
A003368,C02720,BR001,Salary,24-10-2024,Active,57627.75
A003369,C00904,BR003,Current,20-04-2022,Active,57038.34
A003370,C00594,BR010,Salary,05-12-2023,Inactive,41402.74
A003371,C01646,BR003,Savings,30-03-2023,Active,98374.45
A003372,C01157,BR001,Savings,26-02-2023,Active,38482.28
A003373,C01384,BR015,Savings,16-11-2023,Active,41607.45
A003374,C02417,BR010,Savings,17-03-2023,Active,22994.05
A003375,C01608,BR007,Savings,12-01-2025,Active,78428.49
A003376,C01122,BR006,Fixed Deposit,29-09-2022,Active,103759.54
A003377,C02401,BR002,Savings,28-07-2025,Active,57932.36
A003378,C01138,BR001,Savings,14-06-2023,Active,50380.83
A003379,C02875,BR001,Savings,09-02-2024,Active,36650.8
A003380,C02959,BR005,Savings,03-09-2022,Active,52816.72
A003381,C01408,BR014,Salary,04-09-2025,Active,41544.69
A003382,C02313,BR009,Salary,28-07-2024,Active,103654.38
A003383,C02125,BR015,Savings,29-01-2025,Active,62212.73
A003384,C02583,BR001,Savings,31-07-2025,Active,84699.71
A003385,C01384,BR015,Savings,25-12-2025,Active,18283.89
A003386,C01221,BR001,Fixed Deposit,07-01-2023,Active,91697.4
A003387,C00830,BR012,Savings,26-04-2023,Active,36916.32
A003388,C01758,BR001,Savings,20-12-2022,Active,66180.55
A003389,C01848,BR005,Savings,03-01-2024,Active,54987.06
A003390,C01352,BR015,Savings,05-08-2025,Active,18481.51
A003391,C00932,BR014,Savings,14-12-2024,Active,67953.65
A003392,C01351,BR011,Fixed Deposit,09-04-2024,Active,46996.16
A003393,C01507,BR005,Savings,23-11-2023,Active,62061.21
A003394,C00384,BR005,Savings,02-12-2024,Active,44652.87
A003395,C01981,BR009,Savings,14-11-2023,Active,28904.44
A003396,C02527,BR005,Savings,23-07-2025,Active,22192.78
A003397,C00966,BR005,Fixed Deposit,28-03-2024,Active,87002.07
A003398,C01172,BR012,Salary,29-08-2024,Active,37559.95
A003399,C00279,BR004,Fixed Deposit,19-09-2024,Active,74071.2
A003400,C01746,BR003,Fixed Deposit,20-12-2024,Active,78094.2
A003401,C01283,BR014,Current,30-11-2023,Active,81388.84
A003402,C02572,BR005,Current,20-07-2023,Active,92405.93
A003403,C02722,BR005,Current,30-08-2023,Active,116695.99
A003404,C02321,BR005,Salary,02-10-2025,Active,23876.68
A003405,C00631,BR005,Salary,10-06-2022,Active,39054.14
A003406,C00595,BR005,Current,25-10-2024,Active,93585.55
A003407,C01458,BR006,Savings,04-11-2025,Active,38900.38
A003408,C01856,BR008,Salary,15-04-2022,Inactive,77581.17
A003409,C00096,BR006,Savings,21-06-2024,Active,31929.53
A003410,C01488,BR003,Current,19-05-2024,Active,52394.96
A003411,C00261,BR005,Current,04-05-2023,Active,427688.03
A003412,C00781,BR008,Current,19-05-2022,Inactive,34054.12
A003413,C01077,BR004,Current,17-09-2024,Active,62063.11
A003414,C00123,BR005,Salary,02-02-2024,Active,12898.72
A003415,C00788,BR003,Salary,03-01-2025,Active,17251.14
A003416,C01890,BR013,Savings,10-05-2022,Active,19053.84
A003417,C02994,BR014,Savings,27-09-2025,Active,21310.52
A003418,C02340,BR007,Savings,05-07-2024,Active,23075.01
A003419,C00920,BR001,Savings,09-10-2023,Active,12818.48
A003420,C02826,BR010,Savings,29-10-2023,Active,217947.21
A003421,C01321,BR008,Salary,22-10-2025,Active,125477.54
A003422,C01065,BR010,Salary,19-03-2024,Active,44297.92
A003423,C02542,BR008,Savings,27-04-2024,Active,34012.88
A003424,C01198,BR001,Fixed Deposit,06-08-2024,Active,140932.26
A003425,C02217,BR007,Savings,02-04-2023,Active,139149.42
A003426,C00490,BR001,Salary,01-01-2023,Closed,18660.67
A003427,C00998,BR013,Savings,02-01-2025,Active,43201.41
A003428,C02954,BR009,Salary,12-04-2023,Active,29973.22
A003429,C00732,BR009,Savings,20-02-2022,Active,27837.9
A003430,C02549,BR008,Savings,06-12-2023,Active,30407.75
A003431,C01400,BR006,Savings,15-01-2022,Active,32541.96
A003432,C02873,BR004,Salary,07-04-2024,Active,41866
A003433,C01248,BR015,Fixed Deposit,30-07-2024,Closed,78226.7
A003434,C01487,BR010,Current,11-09-2025,Active,112980.47
A003435,C01184,BR008,Salary,05-06-2024,Active,17628.06
A003436,C00630,BR009,Savings,30-05-2023,Inactive,79617.16
A003437,C02532,BR005,Salary,27-07-2024,Active,14035.48
A003438,C01720,BR001,Salary,14-05-2024,Active,42805.49
A003439,C01516,BR011,Savings,18-12-2024,Active,84961.26
A003440,C01117,BR009,Savings,09-09-2025,Active,56770.86
A003441,C02318,BR002,Savings,22-05-2022,Active,26747.25
A003442,C01044,BR006,Savings,14-11-2024,Active,44586.21
A003443,C00713,BR009,Savings,21-03-2025,Active,142564.4
A003444,C00248,BR004,Salary,25-04-2023,Active,21166.14
A003445,C02620,BR008,Salary,13-08-2023,Active,56651.49
A003446,C00220,BR005,Savings,29-08-2023,Active,79493.25
A003447,C02535,BR005,Fixed Deposit,30-06-2023,Closed,114789.42
A003448,C01137,BR011,Salary,07-07-2025,Active,152996.23
A003449,C00008,BR010,Current,22-04-2023,Active,104423.83
A003450,C02779,BR007,Fixed Deposit,02-10-2023,Active,58651.17
A003451,C02223,BR001,Fixed Deposit,04-05-2024,Active,126796.13
A003452,C02170,BR010,Savings,04-01-2023,Active,8052.25
A003453,C01644,BR012,Fixed Deposit,16-10-2024,Active,45838.76
A003454,C02282,BR006,Savings,04-02-2024,Active,32575.82
A003455,C00400,BR002,Savings,06-09-2022,Active,20010.51
A003456,C00703,BR001,Savings,29-09-2022,Active,59581.45
A003457,C01632,BR014,Salary,09-02-2022,Active,3111.56
A003458,C02204,BR009,Fixed Deposit,30-04-2024,Active,499654.9
A003459,C01766,BR012,Savings,15-03-2025,Inactive,30143.47
A003460,C01219,BR005,Current,19-12-2025,Inactive,65606.39
A003461,C02016,BR008,Savings,22-08-2024,Active,176965.32
A003462,C00179,BR015,Fixed Deposit,17-11-2025,Active,95256.04
A003463,C01525,BR010,Savings,14-12-2025,Active,8856.04
A003464,C01185,BR007,Current,15-06-2024,Active,54174.45
A003465,C01495,BR015,Current,03-07-2023,Inactive,48130.7
A003466,C00394,BR003,Savings,18-07-2025,Inactive,30189.71
A003467,C02711,BR005,Fixed Deposit,13-07-2024,Active,82728.26
A003468,C02562,BR001,Fixed Deposit,05-04-2025,Active,48215.3
A003469,C02828,BR006,Savings,27-11-2022,Active,82923.66
A003470,C02521,BR005,Salary,20-10-2025,Inactive,46060.5
A003471,C01994,BR005,Fixed Deposit,20-09-2023,Closed,248018.65
A003472,C00863,BR006,Savings,29-06-2025,Active,26419.51
A003473,C00343,BR006,Savings,03-07-2023,Active,14174.47
A003474,C01836,BR005,Salary,07-08-2025,Active,67102.83
A003475,C02840,BR005,Current,10-09-2024,Active,127219.69
A003476,C01092,BR015,Salary,02-12-2022,Active,68805.73
A003477,C02980,BR005,Current,05-08-2022,Closed,133736.12
A003478,C00463,BR006,Salary,19-08-2022,Active,52641.73
A003479,C00850,BR015,Savings,02-07-2023,Active,9026.95
A003480,C01949,BR015,Savings,06-03-2022,Active,23278.5
A003481,C01479,BR015,Savings,12-03-2024,Active,19228.42
A003482,C02281,BR007,Savings,21-08-2024,Active,53352.15
A003483,C01035,BR001,Salary,23-12-2024,Active,23190.98
A003484,C02325,BR012,Salary,25-09-2025,Active,10896.54
A003485,C00904,BR003,Savings,15-03-2025,Active,21592.42
A003486,C00448,BR006,Current,23-12-2025,Inactive,22003.98
A003487,C01707,BR006,Savings,01-06-2024,Active,39125.28
A003488,C01538,BR015,Savings,30-05-2025,Closed,18578.92
A003489,C01702,BR007,Fixed Deposit,05-02-2025,Active,160238.93
A003490,C00072,BR005,Savings,29-04-2025,Active,132415.41
A003491,C01234,BR010,Salary,23-08-2023,Active,75781.32
A003492,C00271,BR001,Savings,29-01-2024,Active,4923.29
A003493,C02415,BR009,Savings,28-08-2025,Active,42816.77
A003494,C00244,BR005,Current,23-10-2023,Inactive,50975.36
A003495,C02796,BR006,Salary,04-06-2024,Active,6202.59
A003496,C00172,BR003,Current,24-07-2024,Active,66693.44
A003497,C01832,BR012,Fixed Deposit,28-09-2022,Active,141726.11
A003498,C01002,BR009,Salary,03-02-2022,Active,40983.43
A003499,C00333,BR007,Current,12-10-2024,Active,22981.96
A003500,C01074,BR002,Savings,06-03-2025,Active,20141.23
A003501,C00120,BR014,Savings,30-04-2024,Active,87820.08
A003502,C02094,BR005,Current,18-08-2024,Active,76295.24
A003503,C02613,BR006,Current,08-04-2022,Active,49971.1
A003504,C00990,BR007,Savings,06-09-2022,Active,26715.79
A003505,C01318,BR003,Savings,13-12-2024,Active,9568.46
A003506,C00422,BR005,Savings,17-07-2024,Active,16542.56
A003507,C01447,BR003,Savings,17-10-2022,Active,86287.37
A003508,C02841,BR001,Savings,25-05-2024,Active,17076.51
A003509,C01615,BR014,Salary,21-02-2022,Closed,67971.79
A003510,C02627,BR012,Salary,25-02-2025,Active,60042.72
A003511,C02341,BR013,Fixed Deposit,09-02-2022,Active,108556.11
A003512,C00373,BR006,Salary,08-05-2025,Active,10477.75
A003513,C00159,BR013,Savings,23-11-2022,Active,36938.34
A003514,C01089,BR006,Salary,06-01-2023,Active,5819.18
A003515,C02821,BR005,Salary,14-09-2025,Active,22326.66
A003516,C00505,BR015,Current,04-04-2025,Inactive,38861.75
A003517,C00134,BR005,Savings,07-05-2023,Active,73292.53
A003518,C02878,BR006,Current,24-09-2022,Active,13773.42
A003519,C00594,BR010,Savings,10-06-2022,Active,20875.48
A003520,C01068,BR005,Savings,30-07-2023,Active,19502.27
A003521,C02341,BR013,Savings,28-04-2024,Active,23506.87
A003522,C00295,BR009,Savings,21-12-2023,Active,59493.15
A003523,C00514,BR007,Fixed Deposit,03-08-2025,Active,53362.61
A003524,C02181,BR004,Savings,22-03-2025,Active,34351.06
A003525,C00020,BR009,Savings,16-01-2023,Active,59792.4
A003526,C02136,BR006,Salary,09-08-2025,Active,35015.89
A003527,C01628,BR005,Fixed Deposit,06-11-2023,Active,174891.47
A003528,C00724,BR005,Current,26-01-2022,Active,351438.84
A003529,C01841,BR007,Savings,28-05-2025,Active,58368.4
A003530,C00965,BR003,Savings,13-12-2024,Active,10885.83
A003531,C02847,BR003,Current,04-06-2023,Active,37250.56
A003532,C01246,BR007,Salary,06-07-2025,Active,31763.48
A003533,C02246,BR010,Savings,16-08-2025,Active,14541.3
A003534,C00804,BR008,Fixed Deposit,26-10-2025,Active,78771.66
A003535,C02501,BR008,Current,26-08-2025,Active,275635.98
A003536,C00867,BR009,Salary,27-01-2023,Active,7516.33
A003537,C01524,BR005,Savings,25-03-2024,Active,58864.3
A003538,C02405,BR009,Fixed Deposit,10-09-2022,Active,71801.78
A003539,C02779,BR007,Current,22-09-2024,Closed,359927.07
A003540,C02256,BR012,Savings,30-12-2023,Active,10947.35
A003541,C02003,BR006,Savings,08-07-2025,Active,94320.39
A003542,C02078,BR010,Savings,09-08-2025,Closed,50888.77
A003543,C01219,BR005,Savings,10-04-2023,Active,20644.85
A003544,C02061,BR004,Savings,07-04-2023,Active,96005.15
A003545,C01725,BR007,Savings,16-02-2022,Active,39342.76
A003546,C01566,BR005,Savings,08-01-2024,Active,45863.07
A003547,C00940,BR003,Salary,17-07-2023,Closed,14435.21
A003548,C01053,BR005,Salary,25-12-2025,Closed,9646.02
A003549,C00371,BR009,Current,09-04-2025,Active,95529.28
A003550,C02162,BR007,Savings,29-10-2023,Active,205598.73
A003551,C00067,BR007,Savings,09-04-2024,Active,17320.85
A003552,C00350,BR005,Salary,06-07-2024,Active,36993.62
A003553,C00879,BR005,Salary,12-08-2025,Active,51729.03
A003554,C00424,BR015,Savings,25-12-2025,Active,34385.96
A003555,C02250,BR010,Fixed Deposit,04-09-2023,Closed,88895.03
A003556,C00379,BR013,Salary,21-06-2023,Inactive,30122.77
A003557,C01370,BR001,Fixed Deposit,07-11-2024,Active,75797.69
A003558,C02199,BR006,Salary,03-02-2023,Active,14461.87
A003559,C01768,BR010,Savings,25-07-2022,Inactive,24068.2
A003560,C01775,BR005,Fixed Deposit,18-02-2023,Active,38119.4
A003561,C01033,BR009,Fixed Deposit,08-04-2023,Active,139104.84
A003562,C01351,BR011,Salary,20-06-2024,Active,11611.62
A003563,C02301,BR004,Fixed Deposit,10-12-2024,Active,157343.36
A003564,C01429,BR008,Fixed Deposit,26-08-2022,Active,86626.97
A003565,C02100,BR005,Salary,07-03-2022,Active,63316.4
A003566,C02483,BR004,Savings,29-08-2022,Closed,48545.46
A003567,C00735,BR014,Current,24-08-2025,Active,63340.23
A003568,C00366,BR001,Current,16-01-2023,Active,28257
A003569,C01390,BR012,Salary,11-02-2024,Active,37301.92
A003570,C01150,BR005,Savings,01-03-2024,Active,43451.97
A003571,C00450,BR003,Current,11-02-2023,Active,84992.45
A003572,C02281,BR007,Fixed Deposit,18-05-2025,Active,101000.77
A003573,C01872,BR005,Savings,06-04-2022,Inactive,65217.94
A003574,C01974,BR005,Savings,13-02-2024,Active,31501.99
A003575,C02128,BR009,Salary,28-08-2023,Closed,19267.79
A003576,C01306,BR005,Savings,17-02-2025,Inactive,73292.09
A003577,C01531,BR005,Savings,16-10-2022,Active,174721.76
A003578,C00674,BR010,Current,30-10-2025,Closed,56059.56
A003579,C02195,BR014,Fixed Deposit,03-03-2025,Inactive,169261.55
A003580,C02840,BR005,Savings,17-12-2024,Active,52076.59
A003581,C02622,BR005,Savings,24-12-2023,Active,44383.13
A003582,C01224,BR008,Savings,28-07-2024,Active,230298.58
A003583,C00150,BR005,Salary,31-10-2022,Active,65771.86
A003584,C02634,BR006,Savings,12-01-2022,Active,15828.31
A003585,C01725,BR007,Savings,25-12-2024,Active,103424.04
A003586,C02334,BR007,Salary,18-10-2023,Active,67653.84
A003587,C00904,BR003,Fixed Deposit,31-05-2023,Active,75269.32
A003588,C02585,BR005,Savings,27-01-2023,Active,51085.79
A003589,C02515,BR006,Current,25-06-2024,Active,72124.15
A003590,C00051,BR005,Salary,19-01-2024,Active,50900.76
A003591,C01695,BR008,Savings,13-09-2024,Active,28194.51
A003592,C01433,BR003,Salary,21-10-2025,Active,39229.69
A003593,C01974,BR005,Savings,05-05-2025,Active,31714.99
A003594,C00779,BR005,Savings,14-04-2023,Closed,46783.3
A003595,C00294,BR006,Savings,20-12-2022,Closed,37445.03
A003596,C00823,BR013,Savings,23-08-2022,Inactive,26787.99
A003597,C01577,BR005,Salary,11-04-2024,Active,29993.53
A003598,C00810,BR006,Salary,21-04-2025,Active,34893.09
A003599,C01393,BR011,Salary,05-01-2023,Active,7701.62
A003600,C01168,BR006,Salary,18-12-2025,Active,83605.94
A003601,C02083,BR010,Savings,20-09-2023,Active,47044.21
A003602,C01233,BR012,Fixed Deposit,13-02-2025,Active,65691.77
A003603,C00434,BR015,Fixed Deposit,12-03-2023,Active,105113.01
A003604,C01903,BR002,Savings,22-07-2022,Active,22724.75
A003605,C00638,BR005,Salary,20-01-2024,Active,22724.16
A003606,C00902,BR003,Salary,15-03-2024,Inactive,48124.39
A003607,C02121,BR011,Savings,30-11-2023,Active,118081.85
A003608,C00819,BR011,Savings,15-08-2023,Active,44400.1
A003609,C00186,BR001,Savings,07-08-2024,Active,18098.94
A003610,C01082,BR003,Fixed Deposit,14-07-2024,Active,126195.72
A003611,C01164,BR006,Salary,10-08-2022,Inactive,72026.8
A003612,C02060,BR009,Salary,03-09-2024,Active,49352.38
A003613,C02128,BR009,Fixed Deposit,02-05-2023,Active,298513.48
A003614,C00001,BR013,Savings,25-03-2025,Active,48900.45
A003615,C02271,BR005,Fixed Deposit,29-12-2023,Active,328750.59
A003616,C02241,BR002,Current,17-12-2022,Active,579285.28
A003617,C00521,BR015,Salary,21-09-2022,Active,11088.14
A003618,C01017,BR001,Savings,10-11-2025,Active,270810.73
A003619,C02301,BR004,Savings,15-11-2024,Active,77584.32
A003620,C01729,BR002,Savings,10-11-2022,Active,325894.72
A003621,C01019,BR009,Savings,04-01-2024,Active,15174.01
A003622,C02285,BR006,Savings,01-07-2022,Active,48445.13
A003623,C01895,BR010,Savings,03-05-2025,Active,40077.62
A003624,C01533,BR010,Current,25-04-2025,Active,84826.5
A003625,C00019,BR012,Fixed Deposit,19-03-2025,Active,50542.7
A003626,C01942,BR010,Savings,08-11-2023,Closed,47437.98
A003627,C00540,BR012,Savings,31-08-2022,Active,67858.98
A003628,C02760,BR008,Current,18-12-2023,Inactive,50543.92
A003629,C00567,BR002,Salary,16-01-2024,Active,22576.13
A003630,C00090,BR005,Current,11-04-2023,Active,95246.59
A003631,C01129,BR012,Fixed Deposit,06-07-2023,Active,127988.63
A003632,C01049,BR008,Savings,09-03-2022,Active,31457.77
A003633,C01057,BR005,Savings,04-02-2024,Active,10282.11
A003634,C02781,BR008,Fixed Deposit,10-10-2022,Active,164590.22
A003635,C00824,BR006,Current,13-05-2025,Inactive,29664.46
A003636,C02513,BR008,Current,17-01-2025,Active,45526.81
A003637,C00489,BR012,Fixed Deposit,01-06-2024,Active,86514.55
A003638,C01851,BR015,Savings,24-11-2022,Active,34429.58
A003639,C00393,BR005,Savings,02-09-2024,Active,75196.01
A003640,C00688,BR015,Savings,21-12-2025,Active,21091.78
A003641,C00445,BR014,Salary,10-07-2024,Active,15832.29
A003642,C00992,BR005,Fixed Deposit,22-02-2025,Active,52557.48
A003643,C01380,BR015,Savings,08-08-2025,Active,76068.44
A003644,C02574,BR004,Savings,24-05-2025,Active,50183.23
A003645,C02269,BR009,Current,25-08-2022,Inactive,43649.61
A003646,C02095,BR001,Savings,29-06-2025,Active,20493.65
A003647,C01467,BR007,Fixed Deposit,23-01-2025,Inactive,67054.48
A003648,C00857,BR008,Savings,16-11-2024,Inactive,33283.4
A003649,C00890,BR013,Fixed Deposit,29-11-2022,Active,112404.05
A003650,C00397,BR013,Salary,13-11-2023,Active,15175.33
A003651,C01994,BR005,Savings,13-08-2025,Active,101350.83
A003652,C02343,BR009,Salary,01-09-2025,Active,41748.43
A003653,C01644,BR012,Salary,18-06-2022,Inactive,99313.5
A003654,C01729,BR002,Savings,16-09-2023,Active,82986.08
A003655,C01118,BR005,Savings,04-06-2024,Active,26836.49
A003656,C02891,BR009,Salary,20-05-2022,Active,27183.23
A003657,C02663,BR010,Salary,26-12-2022,Active,79593.03
A003658,C01220,BR005,Salary,21-05-2024,Active,66699.68
A003659,C02266,BR003,Savings,16-08-2024,Inactive,81016.35
A003660,C01048,BR012,Salary,04-06-2022,Active,34599.84
A003661,C00372,BR004,Salary,11-09-2023,Active,39509.49
A003662,C00873,BR013,Savings,15-08-2024,Closed,28166.17
A003663,C02504,BR013,Savings,18-12-2025,Active,33444.92
A003664,C01446,BR010,Savings,28-12-2025,Active,19541.71
A003665,C02597,BR013,Salary,30-03-2023,Active,32844.37
A003666,C00969,BR010,Savings,13-09-2024,Active,30549.25
A003667,C01380,BR015,Fixed Deposit,18-03-2024,Active,315723.95
A003668,C00220,BR005,Savings,04-11-2022,Active,68567.85
A003669,C02343,BR009,Salary,12-01-2024,Active,10555.49
A003670,C00937,BR007,Savings,21-07-2022,Active,46626.53
A003671,C00274,BR015,Salary,25-06-2022,Active,15989.16
A003672,C00657,BR005,Current,05-06-2023,Active,61588.67
A003673,C01997,BR006,Salary,17-01-2023,Active,18311.48
A003674,C02447,BR005,Fixed Deposit,01-08-2022,Active,102100.19
A003675,C02865,BR014,Savings,17-03-2022,Closed,5136.43
A003676,C00707,BR007,Savings,12-04-2024,Active,40396.51
A003677,C01772,BR013,Savings,09-01-2022,Active,36378.71
A003678,C01377,BR006,Current,18-02-2025,Inactive,126534.65
A003679,C02147,BR007,Salary,17-04-2022,Active,40863.1
A003680,C02019,BR011,Savings,19-08-2024,Closed,12479.46
A003681,C00211,BR008,Salary,06-08-2022,Active,33721.91
A003682,C00448,BR006,Savings,20-06-2024,Active,12085.51
A003683,C01771,BR009,Fixed Deposit,28-07-2022,Active,55364.87
A003684,C01594,BR001,Savings,29-09-2023,Active,72787.41
A003685,C02658,BR011,Fixed Deposit,21-08-2024,Active,341252.46
A003686,C02542,BR008,Current,10-09-2022,Active,132386.24
A003687,C00176,BR002,Fixed Deposit,13-07-2022,Active,50321.55
A003688,C01753,BR007,Current,20-07-2024,Active,34804.75
A003689,C01220,BR005,Savings,25-07-2024,Active,42989.83
A003690,C01448,BR014,Salary,05-09-2023,Active,49112.6
A003691,C00195,BR002,Savings,28-06-2022,Active,42372.2
A003692,C02517,BR007,Savings,23-03-2023,Active,46819.93
A003693,C00496,BR001,Savings,14-11-2022,Active,30294.78
A003694,C02842,BR006,Fixed Deposit,21-08-2024,Active,56268.58
A003695,C02794,BR005,Salary,16-03-2023,Active,20350.47
A003696,C02463,BR006,Savings,08-07-2023,Active,14173.5
A003697,C00353,BR002,Salary,17-01-2023,Active,168350.26
A003698,C01226,BR013,Savings,03-09-2022,Inactive,49846.76
A003699,C00072,BR005,Savings,31-03-2025,Inactive,162474.6
A003700,C01836,BR005,Savings,08-12-2023,Active,27710.68
A003701,C02593,BR007,Savings,14-04-2024,Active,271634.48
A003702,C01580,BR009,Salary,27-02-2023,Active,37450.19
A003703,C00070,BR006,Savings,08-05-2022,Active,92704.22
A003704,C00910,BR006,Savings,07-12-2024,Active,35991.16
A003705,C00511,BR009,Savings,20-11-2024,Active,40267
A003706,C01306,BR005,Fixed Deposit,10-03-2022,Active,246431.76
A003707,C01116,BR002,Current,18-07-2025,Active,46234.91
A003708,C02488,BR006,Savings,31-05-2025,Active,80523.9
A003709,C00664,BR006,Salary,24-05-2025,Active,34737.37
A003710,C00902,BR003,Savings,06-11-2023,Active,70896.37
A003711,C00713,BR009,Fixed Deposit,10-10-2024,Active,457499.62
A003712,C02669,BR006,Savings,24-01-2022,Active,116458.61
A003713,C00884,BR007,Savings,24-05-2024,Active,50066.08
A003714,C02975,BR001,Savings,14-07-2022,Active,9689.3
A003715,C01999,BR001,Savings,21-08-2025,Active,26660.24
A003716,C00921,BR006,Savings,13-10-2025,Active,34258.24
A003717,C01783,BR009,Salary,08-08-2022,Active,35371.3
A003718,C00369,BR002,Savings,24-02-2024,Active,107338.15
A003719,C02712,BR005,Savings,15-05-2024,Active,91940.45
A003720,C02872,BR015,Current,27-01-2025,Closed,22322.27
A003721,C00882,BR015,Salary,16-12-2023,Active,276145.67
A003722,C00514,BR007,Fixed Deposit,13-07-2025,Inactive,123283.06
A003723,C01286,BR004,Savings,20-05-2023,Active,27877.24
A003724,C02315,BR005,Fixed Deposit,13-04-2023,Active,75142.55
A003725,C01881,BR001,Salary,01-12-2024,Active,9300.4
A003726,C00118,BR007,Current,10-03-2024,Active,18806.7
A003727,C00025,BR005,Savings,30-04-2022,Active,82835.89
A003728,C00707,BR007,Savings,08-08-2024,Active,65734.56
A003729,C02264,BR013,Savings,13-02-2023,Active,16516.01
A003730,C00781,BR008,Salary,14-05-2025,Active,38101.18
A003731,C02684,BR013,Salary,07-05-2025,Active,69466.66
A003732,C00892,BR015,Savings,06-09-2023,Active,6215.1
A003733,C02678,BR009,Savings,31-05-2025,Active,157863.02
A003734,C02758,BR003,Fixed Deposit,22-10-2025,Active,233222.79
A003735,C02184,BR010,Savings,01-12-2024,Active,69705.94
A003736,C00526,BR010,Current,06-06-2024,Active,122362.89
A003737,C00216,BR004,Fixed Deposit,25-09-2025,Active,372755.36
A003738,C00521,BR015,Savings,30-06-2025,Active,29065.79
A003739,C01899,BR005,Current,30-11-2023,Active,97646.5
A003740,C02076,BR003,Salary,02-05-2022,Active,34791.5
A003741,C02957,BR012,Savings,27-05-2024,Active,65800.22
A003742,C02857,BR001,Savings,08-11-2023,Active,119856.68
A003743,C00924,BR010,Fixed Deposit,19-06-2023,Active,403087.7
A003744,C01168,BR006,Savings,19-09-2022,Active,28114.77
A003745,C02317,BR001,Savings,12-11-2024,Active,57093.97
A003746,C02320,BR010,Savings,25-08-2025,Active,8457.03
A003747,C00942,BR015,Salary,23-05-2024,Active,53098.39
A003748,C00094,BR010,Savings,10-12-2022,Active,66190.6
A003749,C00290,BR005,Savings,02-01-2022,Active,39791.59
A003750,C02473,BR007,Savings,07-11-2024,Active,93939.25
A003751,C01046,BR001,Savings,19-08-2022,Active,44353.07
A003752,C02171,BR002,Salary,02-04-2022,Active,39656.65
A003753,C02403,BR010,Fixed Deposit,16-10-2022,Active,40932.13
A003754,C02690,BR005,Savings,21-10-2022,Active,15505.36
A003755,C01477,BR009,Salary,11-05-2023,Active,114281.17
A003756,C01913,BR002,Salary,13-04-2023,Active,106843.79
A003757,C00587,BR006,Salary,16-10-2022,Active,71797.46
A003758,C02825,BR003,Current,16-02-2025,Active,56664.3
A003759,C02650,BR006,Savings,22-04-2025,Active,46835.4
A003760,C01170,BR012,Current,02-01-2023,Active,109059.8
A003761,C01102,BR006,Current,23-06-2023,Active,62256.68
A003762,C02198,BR005,Current,08-04-2025,Active,62423.9
A003763,C01243,BR011,Savings,24-10-2025,Active,16515.04
A003764,C02177,BR009,Savings,26-02-2025,Active,28703.42
A003765,C00271,BR001,Savings,19-03-2024,Active,13717.14
A003766,C00806,BR012,Savings,20-12-2025,Active,60967.08
A003767,C02342,BR009,Savings,28-11-2024,Inactive,140468
A003768,C02762,BR001,Savings,16-09-2024,Inactive,226496.4
A003769,C00079,BR009,Savings,13-02-2022,Active,14539.32
A003770,C02338,BR012,Savings,20-07-2024,Active,16881.18
A003771,C00208,BR003,Fixed Deposit,25-02-2023,Active,148915.45
A003772,C02600,BR005,Current,28-05-2024,Active,236735.29
A003773,C00760,BR006,Savings,17-04-2024,Active,32367.36
A003774,C01088,BR001,Salary,10-06-2022,Active,87467.1
A003775,C02152,BR005,Savings,06-11-2023,Active,60615.18
A003776,C02524,BR015,Savings,20-01-2024,Active,8581.4
A003777,C01244,BR002,Current,11-03-2022,Inactive,56170.22
A003778,C00945,BR003,Savings,29-05-2025,Active,13450.76
A003779,C02940,BR002,Current,01-10-2025,Inactive,73884.59
A003780,C02894,BR005,Savings,31-01-2022,Active,27161.6
A003781,C01573,BR009,Savings,25-06-2022,Active,72376.43
A003782,C00072,BR005,Savings,05-07-2022,Active,37585.78
A003783,C02908,BR008,Savings,07-10-2023,Active,25930.16
A003784,C01858,BR007,Salary,27-05-2024,Inactive,228828.85
A003785,C01659,BR012,Savings,19-12-2022,Active,18022.71
A003786,C00337,BR008,Savings,22-05-2025,Active,49189.2
A003787,C02980,BR005,Savings,30-03-2023,Active,67895.94
A003788,C02157,BR015,Salary,26-03-2023,Inactive,44401.88
A003789,C00654,BR013,Current,09-05-2024,Active,93458.62
A003790,C01092,BR015,Salary,27-06-2025,Active,17172.38
A003791,C01032,BR005,Current,30-12-2022,Active,76100.59
A003792,C02612,BR007,Fixed Deposit,09-05-2023,Active,229585.51
A003793,C01427,BR001,Savings,10-05-2023,Inactive,36791.1
A003794,C02619,BR010,Salary,12-11-2023,Active,12551.43
A003795,C02064,BR005,Savings,19-09-2023,Active,38797.07
A003796,C01105,BR009,Savings,24-10-2025,Active,139383.67
A003797,C01218,BR012,Salary,03-08-2022,Active,16352.94
A003798,C02430,BR009,Fixed Deposit,03-09-2023,Active,102088.92
A003799,C01499,BR007,Salary,06-01-2023,Active,40399.77
A003800,C02044,BR007,Savings,25-05-2024,Active,96981.06
A003801,C00369,BR002,Current,15-02-2025,Active,177765.16
A003802,C01280,BR010,Savings,28-09-2025,Active,58033.19
A003803,C01731,BR011,Current,02-10-2023,Active,75053.43
A003804,C01030,BR005,Savings,22-01-2023,Active,10913.24
A003805,C02544,BR003,Savings,09-11-2025,Active,12616.71
A003806,C00631,BR005,Savings,15-05-2022,Active,35507.65
A003807,C02549,BR008,Fixed Deposit,11-07-2022,Active,61871.33
A003808,C00190,BR004,Savings,31-10-2025,Active,51024.05
A003809,C01282,BR012,Savings,19-07-2025,Inactive,95454.47
A003810,C01553,BR005,Savings,28-03-2024,Active,9047.78
A003811,C00761,BR008,Savings,26-04-2023,Active,51590.14
A003812,C01621,BR001,Savings,12-11-2025,Active,3419.73
A003813,C02703,BR010,Salary,31-10-2025,Active,118777.17
A003814,C01333,BR003,Savings,20-06-2025,Closed,105624.07
A003815,C01618,BR010,Savings,01-02-2025,Active,29082.44
A003816,C02852,BR002,Savings,18-05-2024,Active,5398.58
A003817,C02772,BR012,Savings,28-06-2023,Active,32192.96
A003818,C00042,BR008,Current,20-11-2023,Active,58551.89
A003819,C02179,BR014,Savings,03-03-2024,Active,54655.24
A003820,C02551,BR012,Salary,03-12-2023,Active,185091.03
A003821,C02828,BR006,Savings,12-06-2025,Active,29880.86
A003822,C02403,BR010,Savings,31-08-2022,Active,215889.07
A003823,C00249,BR003,Savings,02-05-2022,Active,6889.28
A003824,C02277,BR010,Current,25-10-2023,Active,38788.12
A003825,C02534,BR004,Savings,30-10-2022,Inactive,12775.25
A003826,C01575,BR001,Current,15-04-2025,Active,57358.02
A003827,C00063,BR002,Salary,24-05-2025,Active,13717.41
A003828,C00572,BR004,Savings,15-12-2025,Active,90386
A003829,C00826,BR004,Savings,19-07-2023,Active,68829.78
A003830,C02589,BR011,Savings,04-11-2025,Active,44766.98
A003831,C00378,BR005,Savings,29-05-2022,Active,34869.57
A003832,C02234,BR013,Savings,06-11-2025,Active,15680.03
A003833,C00538,BR002,Current,26-12-2022,Active,35842.55
A003834,C02499,BR008,Current,28-01-2022,Active,92040.73
A003835,C00034,BR006,Salary,21-04-2025,Inactive,73351.56
A003836,C00708,BR005,Savings,24-01-2024,Active,136391.99
A003837,C00305,BR007,Savings,27-08-2023,Active,29355.25
A003838,C01664,BR007,Salary,20-10-2022,Active,117264.9
A003839,C02344,BR005,Savings,31-08-2023,Active,44855.61
A003840,C01248,BR015,Current,17-06-2024,Inactive,38065.38
A003841,C01601,BR004,Current,29-07-2022,Active,73360.78
A003842,C01920,BR006,Savings,13-10-2025,Active,21289.04
A003843,C01365,BR005,Savings,23-11-2024,Active,21093.25
A003844,C02258,BR006,Current,04-07-2025,Active,153771.78
A003845,C00852,BR010,Current,07-03-2022,Inactive,78624.47
A003846,C00522,BR003,Savings,20-06-2025,Active,65102.19
A003847,C00563,BR008,Savings,18-06-2025,Inactive,35773.94
A003848,C00523,BR006,Savings,19-06-2023,Active,28174.99
A003849,C00114,BR015,Current,12-04-2024,Active,
A003850,C00131,BR008,Savings,03-01-2024,Active,7530.87
A003851,C00159,BR013,Fixed Deposit,21-04-2025,Active,86908.16
A003852,C00472,BR011,Fixed Deposit,16-02-2023,Inactive,123195.11
A003853,C01903,BR002,Fixed Deposit,05-09-2025,Active,69368.33
A003854,C00721,BR003,Savings,20-03-2024,Active,43167.42
A003855,C01754,BR010,Savings,01-01-2022,Active,202525.24
A003856,C00218,BR012,Fixed Deposit,20-03-2023,Active,70330.87
A003857,C02402,BR013,Salary,28-07-2022,Active,37617.08
A003858,C01068,BR005,Savings,27-03-2025,Active,38743.73
A003859,C01324,BR006,Salary,21-08-2023,Active,63553.47
A003860,C02026,BR004,Current,10-11-2023,Active,92441.32
A003861,C02993,BR009,Salary,27-05-2023,Active,63647.5
A003862,C02380,BR010,Fixed Deposit,20-10-2024,Active,167801.41
A003863,C01205,BR007,Fixed Deposit,22-12-2025,Active,143369.56
A003864,C01038,BR015,Current,28-06-2025,Active,89229.23
A003865,C01016,BR006,Savings,16-12-2025,Active,49569.1
A003866,C00252,BR009,Current,14-03-2023,Inactive,20016.43
A003867,C01014,BR005,Current,28-08-2024,Active,326003.77
A003868,C02279,BR010,Current,27-06-2024,Active,47502.16
A003869,C00829,BR003,Savings,18-03-2023,Active,45655
A003870,C01174,BR005,Current,20-05-2025,Active,76068.1
A003871,C00208,BR003,Current,05-09-2025,Active,149109.65
A003872,C00755,BR003,Fixed Deposit,21-10-2025,Active,88752.93
A003873,C00207,BR003,Salary,14-12-2025,Inactive,36484.15
A003874,C01413,BR015,Savings,27-08-2022,Active,51439.99
A003875,C00891,BR015,Current,04-08-2022,Active,70021.68
A003876,C02910,BR008,Current,22-09-2024,Active,145607.37
A003877,C01770,BR004,Current,26-11-2024,Active,109193.42
A003878,C01118,BR005,Savings,28-09-2023,Active,22815.57
A003879,C01613,BR006,Salary,27-08-2022,Active,14818.19
A003880,C02879,BR014,Salary,22-02-2023,Active,25478.41
A003881,C00542,BR009,Savings,07-07-2022,Active,31939.14
A003882,C00760,BR006,Fixed Deposit,19-08-2022,Active,331311.7
A003883,C01637,BR004,Fixed Deposit,02-10-2022,Active,109120.8
A003884,C00317,BR014,Salary,05-05-2024,Active,21168.79
A003885,C01560,BR006,Fixed Deposit,20-01-2024,Active,98039.43
A003886,C00472,BR011,Savings,04-05-2023,Active,29672.72
A003887,C02593,BR007,Fixed Deposit,04-03-2024,Active,118247.22
A003888,C02322,BR010,Fixed Deposit,02-09-2024,Active,277953.74
A003889,C00146,BR005,Current,23-05-2022,Active,158884.53
A003890,C01613,BR006,Savings,15-02-2023,Closed,43244.48
A003891,C00630,BR009,Savings,21-10-2022,Active,29656.26
A003892,C01746,BR003,Savings,01-01-2022,Active,62584.19
A003893,C01635,BR012,Salary,19-06-2022,Active,3397.17
A003894,C02904,BR009,Current,25-01-2025,Active,23622.57
A003895,C00533,BR005,Salary,03-07-2025,Active,21548.12
A003896,C01515,BR010,Salary,24-08-2022,Active,38737.76
A003897,C02897,BR009,Savings,25-01-2025,Active,20412.82
A003898,C00352,BR002,Savings,04-01-2023,Active,55807.77
A003899,C00762,BR015,Salary,24-07-2022,Active,64837.33
A003900,C02156,BR005,Savings,10-12-2022,Active,10793.53
A003901,C00325,BR005,Fixed Deposit,05-09-2025,Active,47150.23
A003902,C00624,BR004,Fixed Deposit,16-05-2023,Active,127641.85
A003903,C02872,BR015,Savings,18-12-2024,Active,52618.16
A003904,C01745,BR002,Current,11-12-2023,Active,58639.24
A003905,C00169,BR005,Fixed Deposit,29-09-2023,Active,304774.73
A003906,C02564,BR005,Fixed Deposit,01-04-2025,Active,37473.04
A003907,C01571,BR006,Current,19-12-2025,Active,150225.57
A003908,C01432,BR005,Fixed Deposit,07-08-2024,Active,107803.78
A003909,C02978,BR012,Current,26-05-2025,Active,113589.17
A003910,C00943,BR007,Savings,02-08-2022,Inactive,40993.62
A003911,C01136,BR006,Current,08-08-2025,Active,157236.43
A003912,C01727,BR006,Salary,26-09-2022,Inactive,48942.67
A003913,C00725,BR006,Fixed Deposit,06-10-2022,Active,165670.45
A003914,C00381,BR002,Savings,22-05-2025,Active,31158.36
A003915,C00415,BR007,Savings,07-12-2023,Inactive,62416.36
A003916,C00923,BR005,Current,01-01-2023,Active,86390.33
A003917,C00239,BR012,Fixed Deposit,09-02-2022,Active,88705.89
A003918,C01513,BR007,Salary,16-11-2022,Active,24135.33
A003919,C02981,BR010,Savings,19-04-2025,Inactive,25238.15
A003920,C00763,BR005,Fixed Deposit,06-01-2022,Active,313025.7
A003921,C00123,BR005,Salary,06-09-2025,Active,58883.44
A003922,C00118,BR007,Fixed Deposit,04-02-2025,Active,22957.66
A003923,C00499,BR006,Salary,27-10-2022,Active,21833.63
A003924,C01756,BR005,Savings,14-12-2024,Active,66485.4
A003925,C01412,BR003,Fixed Deposit,28-01-2024,Active,80663.52
A003926,C01204,BR006,Savings,23-05-2023,Active,30262.02
A003927,C02265,BR010,Fixed Deposit,09-01-2024,Active,109845.49
A003928,C01172,BR012,Savings,11-01-2022,Active,13373.41
A003929,C01849,BR006,Salary,10-07-2025,Active,10963.09
A003930,C02991,BR009,Savings,21-02-2025,Active,20044.97
A003931,C00509,BR009,Savings,20-09-2022,Active,59271.97
A003932,C00336,BR007,Fixed Deposit,26-05-2022,Active,96356.41
A003933,C00653,BR006,Savings,11-09-2023,Active,21306.81
A003934,C00463,BR006,Savings,04-11-2023,Active,30200.8
A003935,C02488,BR006,Fixed Deposit,02-02-2025,Active,114848.73
A003936,C02629,BR006,Savings,12-05-2025,Active,56905.44
A003937,C01680,BR005,Current,04-04-2022,Active,101720.08
A003938,C00391,BR013,Fixed Deposit,23-12-2022,Active,69950.83
A003939,C02554,BR009,Savings,06-05-2024,Active,32730.34
A003940,C02753,BR005,Savings,09-07-2023,Closed,51114
A003941,C01224,BR008,Salary,18-12-2025,Active,42883.46
A003942,C02016,BR008,Salary,23-08-2024,Inactive,33558.06
A003943,C01826,BR006,Savings,17-04-2023,Active,120809.38
A003944,C01585,BR005,Current,10-09-2024,Active,111849.15
A003945,C01060,BR014,Savings,21-09-2023,Active,35210.51
A003946,C00836,BR006,Savings,08-11-2023,Active,32145.59
A003947,C00827,BR015,Savings,10-11-2024,Active,30556.55
A003948,C01079,BR005,Fixed Deposit,26-09-2023,Active,297800.01
A003949,C02280,BR007,Savings,14-10-2024,Active,48174.37
A003950,C02478,BR001,Savings,05-09-2023,Active,103147.41
A003951,C00340,BR001,Fixed Deposit,18-05-2024,Active,61875.61
A003952,C00173,BR004,Savings,12-12-2023,Active,30299.64
A003953,C01435,BR006,Fixed Deposit,18-04-2024,Active,81980.11
A003954,C02306,BR008,Fixed Deposit,22-05-2023,Active,62784.32
A003955,C01683,BR015,Savings,25-06-2022,Inactive,49753.15
A003956,C02484,BR014,Savings,10-01-2023,Inactive,8976.18
A003957,C02141,BR006,Savings,05-06-2023,Inactive,63570.91
A003958,C02118,BR013,Savings,07-04-2023,Active,82525.44
A003959,C01616,BR005,Savings,08-09-2023,Active,41483.44
A003960,C00164,BR006,Savings,30-11-2023,Active,20048.02
A003961,C00540,BR012,Savings,03-01-2023,Inactive,50995.87
A003962,C02228,BR007,Salary,13-07-2023,Active,14485.85
A003963,C00927,BR005,Savings,17-02-2023,Active,12944.65
A003964,C02170,BR010,Savings,05-05-2024,Active,69211.15
A003965,C01018,BR002,Savings,27-11-2023,Active,88835.79
A003966,C00040,BR008,Savings,11-07-2024,Active,18617.83
A003967,C02029,BR002,Salary,24-09-2023,Inactive,12998.29
A003968,C02677,BR012,Salary,26-12-2025,Inactive,16596.29
A003969,C01338,BR009,Savings,10-12-2023,Active,41402.88
A003970,C00397,BR013,Current,17-06-2024,Active,62108.45
A003971,C01244,BR002,Savings,08-10-2023,Active,104230.73
A003972,C02883,BR009,Fixed Deposit,09-12-2024,Active,154234.64
A003973,C00956,BR007,Savings,27-03-2024,Active,47784.24
A003974,C00213,BR011,Salary,24-05-2022,Active,18608.68
A003975,C02304,BR003,Savings,01-12-2024,Active,57499.02
A003976,C00715,BR005,Savings,16-01-2025,Active,61642.47
A003977,C00112,BR008,Current,11-08-2023,Active,497834.81
A003978,C02071,BR002,Savings,14-01-2024,Active,19641.3
A003979,C01015,BR006,Current,16-01-2022,Active,27981.35
A003980,C00412,BR004,Current,20-06-2025,Active,24312.37
A003981,C00162,BR011,Savings,11-02-2025,Active,73419.64
A003982,C00555,BR008,Fixed Deposit,19-11-2025,Closed,140243.48
A003983,C00449,BR007,Savings,25-05-2024,Active,64262.19
A003984,C00034,BR006,Fixed Deposit,03-12-2022,Active,98589.99
A003985,C01113,BR005,Savings,28-02-2023,Inactive,31931.58
A003986,C02480,BR015,Savings,18-09-2025,Active,66569.42
A003987,C01188,BR010,Savings,04-03-2022,Active,9469.81
A003988,C00113,BR003,Salary,08-09-2024,Active,33211.95
A003989,C02646,BR008,Salary,10-04-2022,Active,18124.21
A003990,C01898,BR007,Salary,15-12-2024,Active,31959.49
A003991,C02893,BR002,Savings,29-04-2024,Active,23484.79
A003992,C01747,BR012,Savings,22-11-2023,Inactive,36830.81
A003993,C01432,BR005,Salary,20-10-2024,Active,35283.36
A003994,C01534,BR014,Fixed Deposit,03-06-2023,Active,108111.47
A003995,C00020,BR009,Savings,17-04-2024,Active,40730.39
A003996,C01126,BR007,Fixed Deposit,14-03-2025,Active,196228.29
A003997,C01326,BR006,Current,01-11-2023,Active,97382.01
A003998,C00899,BR012,Current,02-02-2022,Inactive,103151.28
A003999,C02512,BR015,Current,23-12-2025,Active,81787.87
A004000,C02871,BR008,Savings,29-02-2024,Active,3254.83
A004001,C01435,BR006,Savings,20-09-2023,Active,187155.83
A004002,C02357,BR009,Salary,18-04-2022,Active,15757.79
A004003,C00670,BR005,Fixed Deposit,13-05-2022,Active,124325.54
A004004,C02769,BR001,Current,08-01-2023,Active,24211.24
A004005,C02110,BR015,Savings,10-09-2025,Active,23785.15
A004006,C02202,BR013,Savings,25-11-2024,Active,41725.99
A004007,C01785,BR006,Savings,27-08-2023,Active,43021.92
A004008,C02488,BR006,Current,07-01-2025,Active,544207.22
A004009,C01603,BR010,Savings,27-07-2023,Active,24004.59
A004010,C02893,BR002,Savings,22-07-2025,Closed,47884.42
A004011,C01988,BR004,Salary,23-04-2023,Closed,42867.52
A004012,C01361,BR015,Savings,11-11-2024,Active,39031.32
A004013,C00626,BR009,Savings,30-09-2023,Active,66800.51
A004014,C02721,BR010,Salary,12-09-2024,Active,31903.2
A004015,C00169,BR005,Savings,30-09-2022,Active,114292.34
A004016,C00130,BR002,Savings,12-10-2025,Active,27280.53
A004017,C00093,BR012,Savings,23-02-2023,Active,63161.11
A004018,C00324,BR014,Savings,25-02-2024,Active,65101.64
A004019,C00742,BR013,Fixed Deposit,01-10-2024,Active,317637.71
A004020,C01472,BR006,Salary,13-08-2024,Active,50912.92
A004021,C00830,BR012,Savings,21-03-2024,Active,20312.36
A004022,C01362,BR015,Savings,22-06-2025,Active,14847.41
A004023,C01344,BR003,Savings,17-11-2025,Active,24400.05
A004024,C01315,BR008,Fixed Deposit,20-01-2025,Active,98088.01
A004025,C00179,BR015,Salary,27-09-2022,Active,9255.2
A004026,C01612,BR015,Current,29-01-2025,Active,63535.24
A004027,C00899,BR012,Savings,06-01-2024,Active,29090.38
A004028,C01616,BR005,Fixed Deposit,24-02-2024,Active,48219.4
A004029,C00182,BR002,Salary,07-10-2025,Active,20426.6
A004030,C02612,BR007,Savings,11-02-2024,Active,96225.77
A004031,C02167,BR014,Savings,27-05-2025,Closed,48624.48
A004032,C01038,BR015,Savings,05-08-2024,Active,34017.68
A004033,C01079,BR005,Current,08-05-2022,Active,155975.29
A004034,C00949,BR002,Savings,20-10-2024,Active,179379.04
A004035,C02974,BR009,Savings,25-12-2023,Active,29264.69
A004036,C02106,BR001,Salary,08-03-2024,Closed,18657.98
A004037,C01381,BR005,Salary,19-03-2023,Active,50399.69
A004038,C01946,BR007,Savings,28-09-2022,Inactive,10441.31
A004039,C00194,BR001,Savings,22-12-2024,Active,11582.24
A004040,C02490,BR001,Savings,29-12-2022,Active,106291.99
A004041,C01788,BR005,Savings,17-05-2022,Active,56907.61
A004042,C00928,BR007,Salary,22-12-2023,Active,16876.21
A004043,C02080,BR011,Current,05-11-2024,Active,95891.53
A004044,C00020,BR009,Fixed Deposit,26-10-2022,Active,91723.72
A004045,C01471,BR011,Salary,13-06-2023,Active,59270.55
A004046,C02833,BR014,Salary,11-09-2023,Active,17784.44
A004047,C02279,BR010,Savings,11-09-2025,Active,159056.25
A004048,C00133,BR009,Savings,03-08-2022,Active,22288.24
A004049,C01770,BR004,Fixed Deposit,03-09-2025,Active,83394.74
A004050,C02041,BR002,Current,02-08-2022,Active,220171.41
A004051,C01580,BR009,Fixed Deposit,24-04-2024,Closed,231535.42
A004052,C00966,BR005,Current,16-05-2025,Active,57558.29
A004053,C02037,BR001,Savings,14-08-2025,Closed,52641.68
A004054,C01271,BR005,Savings,03-03-2024,Active,35140.87
A004055,C02847,BR003,Savings,22-12-2023,Inactive,21902.7
A004056,C02515,BR006,Current,14-02-2025,Active,228826.82
A004057,C02729,BR010,Fixed Deposit,21-08-2025,Active,36434.04
A004058,C01259,BR006,Salary,17-01-2022,Active,27782.78
A004059,C02033,BR007,Current,18-01-2023,Active,73759.42
A004060,C00434,BR015,Savings,22-02-2023,Inactive,216804.51
A004061,C02258,BR006,Savings,02-05-2025,Inactive,60531.7
A004062,C02264,BR013,Savings,26-01-2022,Active,72691.93
A004063,C02327,BR002,Fixed Deposit,03-07-2022,Active,112011.38
A004064,C00061,BR003,Salary,05-01-2022,Active,11462.32
A004065,C01368,BR014,Current,24-10-2025,Active,112089.83
A004066,C00825,BR009,Fixed Deposit,16-02-2022,Active,210455.84
A004067,C02746,BR012,Savings,23-01-2023,Active,33541.65
A004068,C01615,BR014,Fixed Deposit,01-02-2024,Active,213837.77
A004069,C01835,BR005,Salary,25-05-2023,Closed,8409.04
A004070,C01314,BR004,Savings,13-05-2022,Active,102748.06
A004071,C00342,BR009,Salary,27-08-2023,Active,31052.49
A004072,C01861,BR010,Savings,12-03-2025,Active,26438.39
A004073,C01833,BR015,Current,26-02-2023,Active,21940.31
A004074,C01145,BR007,Savings,25-01-2024,Active,23365.42
A004075,C01889,BR001,Savings,18-11-2023,Active,16802.65
A004076,C01172,BR012,Current,25-12-2022,Active,25881.68
A004077,C01981,BR009,Savings,04-01-2022,Active,40191.74
A004078,C01046,BR001,Savings,10-05-2025,Active,23496.45
A004079,C02320,BR010,Salary,22-12-2025,Closed,66132.48
A004080,C02662,BR005,Savings,15-01-2024,Active,25765.7
A004081,C01454,BR006,Current,28-04-2025,Active,46833.61
A004082,C00052,BR003,Current,28-05-2023,Active,316264.06
A004083,C02047,BR007,Savings,09-10-2025,Active,48542.42
A004084,C02819,BR006,Fixed Deposit,09-04-2024,Active,123642.74
A004085,C02130,BR011,Savings,14-03-2025,Active,75158.36
A004086,C01075,BR011,Savings,09-09-2024,Active,12837.15
A004087,C01693,BR011,Savings,11-09-2025,Active,36285.52
A004088,C01095,BR011,Current,27-03-2024,Active,60710.1
A004089,C02323,BR001,Savings,22-05-2025,Closed,31586.48
A004090,C02178,BR004,Savings,24-09-2025,Active,74631.54
A004091,C01876,BR003,Current,15-01-2025,Active,43433.06
A004092,C01165,BR015,Salary,02-06-2023,Active,86066.57
A004093,C00518,BR015,Savings,13-05-2022,Active,27047.83
A004094,C01850,BR015,Savings,22-08-2023,Active,75787.57
A004095,C01012,BR006,Savings,08-10-2024,Active,19432.68
A004096,C02711,BR005,Savings,08-06-2025,Active,23704.61
A004097,C00190,BR004,Salary,28-01-2025,Active,39090.41
A004098,C02539,BR009,Savings,20-07-2024,Active,72085.16
A004099,C02339,BR003,Savings,23-02-2024,Active,21979.44
A004100,C01547,BR007,Savings,12-11-2025,Active,63194.35
A004101,C02980,BR005,Current,23-12-2022,Active,60533.77
A004102,C02150,BR007,Current,03-03-2025,Closed,37481.52
A004103,C00126,BR006,Savings,16-03-2024,Active,16927.07
A004104,C01178,BR008,Current,20-01-2024,Active,54952.08
A004105,C02522,BR007,Current,07-08-2023,Active,32043.51
A004106,C02329,BR012,Savings,16-07-2024,Active,46628.93
A004107,C00482,BR007,Savings,31-12-2025,Active,17620.24
A004108,C00511,BR009,Savings,17-08-2023,Active,11671.71
A004109,C02773,BR008,Salary,15-06-2022,Active,5711.57
A004110,C00137,BR010,Savings,06-07-2022,Active,65975.77
A004111,C02849,BR006,Savings,16-09-2022,Active,78087.04
A004112,C01623,BR006,Current,18-08-2023,Active,204975.56
A004113,C02423,BR008,Current,07-01-2022,Active,67818.31
A004114,C00647,BR006,Salary,16-02-2023,Active,25400.89
A004115,C01033,BR009,Savings,12-10-2024,Active,98477.1
A004116,C02187,BR003,Savings,17-09-2024,Active,29271.77
A004117,C00487,BR002,Current,04-09-2024,Active,233435.19
A004118,C00304,BR011,Salary,04-09-2024,Active,24383.25
A004119,C01828,BR005,Fixed Deposit,21-04-2022,Active,101288.88
A004120,C00026,BR009,Current,01-10-2025,Active,69072.44
A004121,C02817,BR002,Savings,11-03-2023,Active,87527.68
A004122,C02028,BR015,Savings,27-04-2022,Active,11902.76
A004123,C02142,BR012,Fixed Deposit,31-03-2025,Active,150459.41
A004124,C01503,BR004,Salary,15-11-2023,Closed,15283.49
A004125,C01872,BR005,Savings,22-05-2023,Inactive,4821.55
A004126,C02857,BR001,Savings,06-08-2023,Active,35323.33
A004127,C00015,BR007,Current,02-05-2024,Active,63680.58
A004128,C00743,BR001,Savings,10-02-2024,Active,9650.18
A004129,C02092,BR001,Salary,21-01-2022,Active,6488.28
A004130,C00370,BR008,Current,24-06-2022,Active,49911.01
A004131,C00736,BR002,Savings,16-10-2025,Active,20513.23
A004132,C00070,BR006,Fixed Deposit,19-12-2023,Inactive,56631.89
A004133,C00166,BR010,Fixed Deposit,15-12-2025,Active,71451.52
A004134,C01333,BR003,Savings,17-08-2024,Active,65346.96
A004135,C01981,BR009,Savings,13-12-2024,Active,41828.79
A004136,C00303,BR009,Fixed Deposit,04-04-2023,Inactive,107611.24
A004137,C02948,BR006,Savings,09-05-2025,Active,16402.02
A004138,C02327,BR002,Fixed Deposit,08-08-2024,Inactive,101843.57
A004139,C01989,BR005,Savings,03-01-2025,Active,9222.43
A004140,C00216,BR004,Salary,24-01-2023,Active,69758.12
A004141,C01557,BR012,Current,07-05-2024,Active,60139.21
A004142,C02763,BR009,Savings,24-06-2023,Active,73494.13
A004143,C00714,BR003,Salary,20-08-2025,Active,31480.53
A004144,C01623,BR006,Savings,18-08-2025,Active,9868.29
A004145,C01693,BR011,Savings,31-05-2023,Active,32521.71
A004146,C02090,BR001,Savings,06-02-2022,Active,19673.84
A004147,C02756,BR005,Savings,31-12-2022,Active,76677.1
A004148,C00393,BR005,Savings,03-02-2023,Active,24352.68
A004149,C00189,BR008,Savings,29-01-2022,Active,23914.82
A004150,C00269,BR001,Savings,29-09-2025,Active,222123.58
A004151,C00802,BR012,Savings,12-11-2023,Active,69045.8
A004152,C01062,BR015,Savings,03-08-2022,Inactive,87347.37
A004153,C02636,BR001,Salary,09-06-2024,Active,22647.69
A004154,C01562,BR008,Savings,04-08-2023,Active,13736.31
A004155,C02235,BR011,Salary,13-09-2022,Active,86671.52
A004156,C01727,BR006,Savings,26-10-2023,Active,124416.58
A004157,C02858,BR001,Savings,24-05-2024,Active,11726.24
A004158,C00990,BR007,Savings,11-08-2024,Active,22544.27
A004159,C02008,BR003,Savings,25-11-2022,Active,16090.5
A004160,C00818,BR004,Current,12-06-2024,Inactive,39938
A004161,C00701,BR015,Salary,04-03-2025,Active,88123.72
A004162,C02945,BR005,Savings,04-07-2024,Active,25592.16
A004163,C00073,BR008,Savings,22-10-2025,Active,25529.22
A004164,C00818,BR004,Salary,05-10-2025,Active,6633.4
A004165,C01159,BR001,Savings,25-12-2023,Active,15552.83
A004166,C00414,BR004,Salary,28-07-2023,Active,126035.71
A004167,C02316,BR008,Current,31-10-2023,Active,62074.46
A004168,C01079,BR005,Savings,17-12-2023,Active,76914.47
A004169,C01377,BR006,Savings,11-09-2022,Active,25660.7
A004170,C00912,BR011,Savings,09-11-2025,Active,27750.27
A004171,C02676,BR006,Current,10-04-2024,Active,137190.3
A004172,C01266,BR006,Fixed Deposit,07-07-2022,Active,178473.92
A004173,C02362,BR002,Savings,12-08-2025,Active,112728.73
A004174,C01872,BR005,Fixed Deposit,17-10-2025,Active,59296.62
A004175,C02868,BR004,Savings,30-03-2024,Active,31123.82
A004176,C01810,BR006,Savings,17-10-2025,Active,17833.59
A004177,C02958,BR008,Current,19-11-2025,Active,106869.19
A004178,C02095,BR001,Fixed Deposit,25-10-2025,Closed,259342.01
A004179,C00177,BR005,Savings,09-11-2025,Active,154575.47
A004180,C00471,BR005,Salary,08-04-2022,Active,67086.94
A004181,C02369,BR010,Savings,15-02-2022,Active,42567.62
A004182,C00138,BR003,Fixed Deposit,23-04-2024,Active,56748.83
A004183,C00571,BR008,Salary,28-12-2024,Active,51696.7
A004184,C02373,BR015,Salary,09-05-2025,Closed,69247.29
A004185,C01065,BR010,Current,26-07-2024,Active,110953.67
A004186,C00652,BR008,Current,04-04-2023,Active,23855.01
A004187,C00594,BR010,Fixed Deposit,24-09-2025,Active,83083.56
A004188,C00947,BR001,Current,12-05-2024,Inactive,116726.55
A004189,C02514,BR011,Savings,22-09-2024,Active,13842.7
A004190,C01368,BR014,Fixed Deposit,10-01-2023,Active,176601.62
A004191,C02862,BR008,Salary,13-01-2025,Inactive,16949.86
A004192,C02149,BR005,Current,09-07-2022,Active,67619.45
A004193,C00805,BR005,Salary,25-06-2025,Active,267830.87
A004194,C00491,BR005,Savings,30-05-2025,Active,63448.08
A004195,C02832,BR010,Savings,24-09-2024,Active,94934.1
A004196,C02708,BR004,Savings,04-12-2025,Inactive,75373.33
A004197,C00369,BR002,Fixed Deposit,22-08-2025,Active,100418.47
A004198,C00965,BR003,Salary,12-04-2022,Active,31293.42
A004199,C02230,BR006,Salary,19-11-2022,Active,51215.41
A004200,C02948,BR006,Savings,27-06-2022,Active,5928.63
