Customer_ID,Customer_Name,Gender,Date_of_Birth.1,City,State,Branch_ID,Customer_Segment,Occupation,Registration_Date.1
C00001,Rahul Singh,Male,09-11-2000,Kolkata,West Bengal,BR013,Mass,Salaried,17-04-2024
C00002,Riya Singh,Male,06-04-1982,Hyderabad,Telangana,BR011,Mass,Salaried,18-05-2025
C00003,Aditya Verma,Female,15-05-1979,Nashik,Maharashtra,BR004,Mass,Student,21-12-2023
C00004,Sneha Verma,Male,08-09-1965,Gurgaon,Haryana,BR006,Mass,Self-Employed,09-11-2025
C00005,Priya Kulkarni,Male,01-03-2001,Mumbai,Maharashtra,BR001,Mass,Self-Employed,08-10-2023
C00006,Vikram Deshmukh,Male,02-02-1998,Nagpur,Maharashtra,BR003,Affluent,Self-Employed,16-04-2025
C00007,Karan Khan,Female,19-03-1999,Bengaluru,Karnataka,BR009,Mass,Salaried,15-01-2025
C00008,Karan Mehta,Female,27-10-1975,Chennai,Tamil Nadu,BR010,Premium,Business Owner,14-06-2023
C00009,Aarav Nair,Male,13-07-1987,Patna,Bihar,BR015,Mass,Retired,13-05-2025
C00010,Neha Sharma,Male,04-11-1979,New Delhi,Delhi,BR005,Mass,Business Owner,26-04-2025
C00011,Riya Iyer,Male,23-08-1970,Gurgaon,Haryana,BR006,Affluent,Self-Employed,25-07-2022
C00012,Aarav Khan,Male,08-07-1969,Gurgaon,Haryana,BR006,Affluent,Retired,26-01-2022
C00013,Karan Joshi,Male,27-08-1976,Mumbai,Maharashtra,BR001,Mass,Business Owner,10-08-2021
C00014,Pooja Mehta,Male,16-03-1984,Pune,Maharashtra,BR002,Mass,Salaried,10-08-2025
C00015,Ananya Sharma,Female,07-01-1965,Jaipur,Rajasthan,BR007,Mass,Business Owner,19-03-2023
C00016,Sneha Nair,Female,14-10-1990,New Delhi,Delhi,BR005,Mass,Salaried,02-11-2023
C00017,Neha Mehta,Female,10-03-1980,Bengaluru,Karnataka,BR009,Affluent,Salaried,15-05-2022
C00018,Rahul Das,Female,22-02-1998,Gurgaon,Haryana,BR006,Mass,Business Owner,12-12-2022
C00019,Aarav Verma,Male,03-12-1972,Kochi,Kerala,BR012,Affluent,Salaried,06-01-2023
C00020,Aditya Iyer,Male,24-03-1962,Bengaluru,Karnataka,BR009,Mass,Salaried,29-11-2023
C00021,Sahil Nair,Male,21-11-1973,New Delhi,Delhi,BR005,Mass,Business Owner,16-11-2021
C00022,Sneha Singh,Female,24-09-2002,Kochi,Kerala,BR012,Mass,Salaried,02-12-2024
C00023,Neha Shaikh,Male,25-05-1974,Hyderabad,Telangana,BR011,Mass,Self-Employed,15-12-2022
C00024,Priya Kulkarni,Male,07-11-1990,Gurgaon,Haryana,BR006,Mass,Salaried,15-03-2022
C00025,Nisha Singh,Male,15-01-1997,New Delhi,Delhi,BR005,Premium,Business Owner,27-01-2021
C00026,Simran Das,Male,23-10-1972,Bengaluru,Karnataka,BR009,Affluent,Student,06-07-2021
C00027,Neha Mehta,Female,11-02-1988,Pune,Maharashtra,BR002,Affluent,Salaried,07-05-2022
C00028,Aditya Verma,Female,02-10-1968,Mumbai,Maharashtra,BR001,Mass,Professional,31-08-2024
C00029,Riya Khan,Male,08-09-1975,Pune,Maharashtra,BR002,Premium,Salaried,10-04-2025
C00030,Karan Kulkarni,Female,07-01-1973,Hyderabad,Telangana,BR011,Affluent,Salaried,06-10-2025
C00031,Rohan Das,Male,24-09-1989,Bengaluru,Karnataka,BR009,Affluent,Salaried,28-06-2022
C00032,Ananya Sharma,Male,13-01-1998,Bengaluru,Karnataka,BR009,Mass,Salaried,09-03-2024
C00033,Rohan Reddy,Male,19-03-1971,Hyderabad,Telangana,BR011,Mass,Salaried,05-05-2022
C00034,Riya Nair,Female,26-10-1972,Gurgaon,Haryana,BR006,Affluent,Professional,18-09-2021
C00035,Riya Patil,Female,09-05-1996,Ahmedabad,Gujarat,BR008,Mass,Professional,19-09-2023
C00036,Pooja Patil,Male,21-04-1980,Pune,Maharashtra,BR002,Mass,Retired,20-03-2024
C00037,Vivaan Kulkarni,Female,01-06-1982,Nashik,Maharashtra,BR004,Mass,Retired,21-10-2024
C00038,Sahil Deshmukh,Male,03-12-1991,Bengaluru,Karnataka,BR009,Mass,Self-Employed,01-08-2021
C00039,Riya Patil,Male,05-12-1966,Jaipur,Rajasthan,BR007,Mass,Salaried,26-09-2024
C00040,Neha Iyer,Female,09-07-1998,Ahmedabad,Gujarat,BR008,Affluent,Salaried,09-07-2022
C00041,Amit Joshi,Female,11-09-1976,Chennai,Tamil Nadu,BR010,Affluent,Self-Employed,24-05-2022
C00042,Sahil Nair,Female,13-05-1988,Ahmedabad,Gujarat,BR008,Mass,Student,27-02-2021
C00043,Aarav Nair,Female,07-12-1979,Ahmedabad,Gujarat,BR008,Mass,Salaried,09-01-2022
C00044,Kavya Iyer,Male,02-03-1993,Ahmedabad,Gujarat,BR008,Premium,Salaried,10-06-2023
C00045,Amit Joshi,Female,19-09-1986,New Delhi,Delhi,BR005,Mass,Self-Employed,12-12-2021
C00046,Karan Shaikh,Female,01-08-1967,Nashik,Maharashtra,BR004,Mass,Student,10-08-2022
C00047,Riya Joshi,Male,22-10-1968,Gurgaon,Haryana,BR006,Mass,Self-Employed,26-08-2023
C00048,Pooja Patil,Male,26-12-1998,Mumbai,Maharashtra,BR001,Mass,Professional,28-06-2021
C00049,Isha Deshmukh,Female,20-04-1982,Gurgaon,Haryana,BR006,Affluent,Self-Employed,17-05-2025
C00050,Nisha Khan,Male,17-05-1972,Kochi,Kerala,BR012,Mass,Salaried,19-07-2022
C00051,Neha Joshi,Male,18-04-1966,New Delhi,Delhi,BR005,Affluent,Self-Employed,18-10-2024
C00052,Neha Sharma,Female,18-12-1965,Nagpur,Maharashtra,BR003,Mass,Professional,28-03-2024
C00053,Sahil Verma,Female,26-12-2000,New Delhi,Delhi,BR005,Premium,Professional,03-10-2024
C00054,Ananya Shaikh,Female,27-02-2002,New Delhi,Delhi,BR005,Affluent,Self-Employed,12-06-2022
C00055,Amit Deshmukh,Female,12-10-1977,Bengaluru,Karnataka,BR009,Mass,Salaried,11-11-2021
C00056,Vivaan Reddy,Male,17-08-1968,Ahmedabad,Gujarat,BR008,Mass,Salaried,19-09-2021
C00057,Pooja Sharma,Female,22-10-1978,Hyderabad,Telangana,BR011,Mass,Salaried,23-02-2022
C00058,Vivaan Iyer,Male,01-02-1966,Bengaluru,Karnataka,BR009,Premium,Salaried,22-09-2023
C00059,Rahul Iyer,Female,15-03-1984,Gurgaon,Haryana,BR006,Affluent,Salaried,14-02-2024
C00060,Sahil Gupta,Male,18-11-1987,Hyderabad,Telangana,BR011,Mass,Business Owner,07-10-2024
C00061,Rahul Deshmukh,Female,20-02-2003,Nagpur,Maharashtra,BR003,Mass,Professional,26-10-2025
C00062,Aditya Mehta,Female,10-06-1974,Pune,Maharashtra,BR002,Premium,Professional,24-02-2025
C00063,Vikram Khan,Female,08-10-1968,Pune,Maharashtra,BR002,Affluent,Professional,14-10-2022
C00064,Karan Joshi,Male,05-08-1965,Chennai,Tamil Nadu,BR010,Mass,Retired,13-05-2023
C00065,Sneha Patil,Male,16-05-1976,Gurgaon,Haryana,BR006,Mass,Retired,10-10-2025
C00066,Riya Nair,Male,25-08-1986,Nashik,Maharashtra,BR004,Mass,Salaried,22-07-2024
C00067,Sneha Nair,Male,25-04-1962,Jaipur,Rajasthan,BR007,Affluent,Salaried,31-01-2023
C00068,Amit Iyer,Female,10-10-1993,Pune,Maharashtra,BR002,Mass,Salaried,02-03-2025
C00069,Pooja Singh,Male,07-02-1980,Bengaluru,Karnataka,BR009,Affluent,Student,06-09-2021
C00070,Arjun Singh,Male,22-08-1994,Gurgaon,Haryana,BR006,Mass,Salaried,13-05-2024
C00071,Simran Das,Male,20-08-1980,Gurgaon,Haryana,BR006,Mass,Salaried,29-09-2025
C00072,Amit Shaikh,Male,14-02-1966,New Delhi,Delhi,BR005,Mass,Self-Employed,21-08-2023
C00073,Pooja Patil,Female,11-11-1960,Ahmedabad,Gujarat,BR008,Affluent,Business Owner,25-01-2024
C00074,Arjun Singh,Male,04-11-1984,New Delhi,Delhi,BR005,Mass,Business Owner,20-04-2021
C00075,Nisha Verma,Male,22-12-1983,Mumbai,Maharashtra,BR001,Affluent,Professional,10-01-2024
C00076,Amit Verma,Male,17-08-1995,Pune,Maharashtra,BR002,Mass,Self-Employed,14-06-2022
C00077,Amit Sharma,Male,11-12-1998,Patna,Bihar,BR015,Affluent,Student,21-12-2025
C00078,Priya Singh,Female,25-02-1967,Kolkata,West Bengal,BR013,Affluent,Salaried,07-08-2022
C00079,Vikram Shaikh,Male,18-02-1973,Bengaluru,Karnataka,BR009,Affluent,Student,28-07-2022
C00080,Isha Khan,Male,26-04-1969,New Delhi,Delhi,BR005,Mass,Business Owner,23-12-2022
C00081,Aarav Sharma,Female,13-12-1964,Patna,Bihar,BR015,Affluent,Salaried,26-06-2024
C00082,Riya Gupta,Male,13-07-1960,Hyderabad,Telangana,BR011,Mass,Retired,03-10-2025
C00083,Aditya Nair,Female,26-06-1963,Chennai,Tamil Nadu,BR010,Mass,Retired,25-09-2022
C00084,Aditya Gupta,Male,26-04-1983,Gurgaon,Haryana,BR006,Affluent,Student,17-01-2022
C00085,Aarav Kulkarni,Female,26-08-1966,New Delhi,Delhi,BR005,Affluent,Student,28-10-2024
C00086,Sneha Reddy,Male,23-08-1968,Pune,Maharashtra,BR002,Mass,Self-Employed,16-09-2023
C00087,Rahul Verma,Male,13-06-1965,Kolkata,West Bengal,BR013,Premium,Salaried,11-04-2023
C00088,Simran Iyer,Female,06-04-1991,Gurgaon,Haryana,BR006,Mass,Salaried,15-12-2025
C00089,Aarav Kulkarni,Female,11-01-1987,Pune,Maharashtra,BR002,Premium,Student,24-06-2023
C00090,Kavya Singh,Female,26-12-2002,New Delhi,Delhi,BR005,Affluent,Professional,04-02-2024
C00091,Ananya Sharma,Female,10-09-1964,Ahmedabad,Gujarat,BR008,Premium,Retired,28-11-2025
C00092,Aarav Sharma,Male,21-07-1969,Mumbai,Maharashtra,BR001,Affluent,Student,17-01-2022
C00093,Arjun Das,Female,25-01-1980,Kochi,Kerala,BR012,Premium,Business Owner,07-07-2025
C00094,Ananya Reddy,Female,27-11-1988,Chennai,Tamil Nadu,BR010,Affluent,Salaried,20-10-2025
C00095,Rahul Das,Male,26-02-1965,Chennai,Tamil Nadu,BR010,Mass,Salaried,10-05-2023
C00096,Arjun Nair,Male,15-08-1969,Gurgaon,Haryana,BR006,Mass,Self-Employed,07-09-2022
C00097,Aarav Sharma,Male,14-03-1978,Ahmedabad,Gujarat,BR008,Affluent,Professional,24-10-2021
C00098,Vivaan Reddy,Female,27-05-1960,Ahmedabad,Gujarat,BR008,Mass,Salaried,29-03-2021
C00099,Rahul Mehta,Male,06-05-1977,Bengaluru,Karnataka,BR009,Premium,Student,02-12-2025
C00100,Sahil Reddy,Male,06-12-1993,Mumbai,Maharashtra,BR001,Mass,Business Owner,27-02-2023
C00101,Vikram Sharma,Female,27-11-1983,Gurgaon,Haryana,BR006,Affluent,Salaried,04-05-2024
C00102,Karan Verma,Female,19-04-1979,Nashik,Maharashtra,BR004,Mass,Student,16-03-2022
C00103,Pooja Reddy,Male,15-10-1981,Jaipur,Rajasthan,BR007,Affluent,Business Owner,15-08-2022
C00104,Vivaan Reddy,Female,04-09-2001,New Delhi,Delhi,BR005,Premium,Professional,04-02-2025
C00105,Vivaan Deshmukh,Male,14-07-1982,Mumbai,Maharashtra,BR001,Mass,Self-Employed,13-04-2024
C00106,Karan Verma,Female,26-07-1983,Nagpur,Maharashtra,BR003,Affluent,Self-Employed,06-02-2022
C00107,Sahil Verma,Male,17-10-2000,Ahmedabad,Gujarat,BR008,Mass,Salaried,10-01-2021
C00108,Isha Das,Male,11-05-1966,Nagpur,Maharashtra,BR003,Affluent,Self-Employed,06-02-2025
C00109,Kavya Mehta,Female,15-01-1964,Bhubaneswar,Odisha,BR014,Affluent,Professional,27-05-2021
C00110,Neha Mehta,Male,24-04-1979,Ahmedabad,Gujarat,BR008,Mass,Retired,08-03-2021
C00111,Isha Singh,Male,25-10-1974,New Delhi,Delhi,BR005,Mass,Student,03-07-2022
C00112,Sahil Mehta,Male,11-12-1968,Ahmedabad,Gujarat,BR008,Mass,Salaried,24-08-2025
C00113,Karan Singh,Female,17-06-1965,Nagpur,Maharashtra,BR003,Mass,Retired,22-03-2024
C00114,Sneha Mehta,Female,08-06-1998,Patna,Bihar,BR015,Affluent,Salaried,19-03-2021
C00115,Kavya Iyer,Female,13-09-1987,Jaipur,Rajasthan,BR007,Mass,Salaried,02-08-2025
C00116,Amit Nair,Female,06-12-1990,Hyderabad,Telangana,BR011,Premium,Professional,10-09-2025
C00117,Arjun Nair,Female,15-06-1965,Nashik,Maharashtra,BR004,Premium,Student,26-06-2024
C00118,Rahul Singh,Male,16-11-1975,Jaipur,Rajasthan,BR007,Premium,Retired,15-05-2021
C00119,Rahul Mehta,Male,10-01-1987,Jaipur,Rajasthan,BR007,Mass,Professional,27-01-2021
C00120,Vikram Kulkarni,Female,08-11-1983,Bhubaneswar,Odisha,BR014,Mass,Salaried,13-05-2025
C00121,Vivaan Iyer,Female,05-05-1990,Ahmedabad,Gujarat,BR008,Affluent,Salaried,11-02-2025
C00122,Simran Singh,Female,04-09-1989,Jaipur,Rajasthan,BR007,Affluent,Salaried,27-02-2025
C00123,Neha Kulkarni,Female,20-05-1978,New Delhi,Delhi,BR005,Premium,Business Owner,08-06-2023
C00124,Arjun Reddy,Male,06-11-1994,New Delhi,Delhi,BR005,Mass,Self-Employed,22-12-2023
C00125,Rohan Kulkarni,Female,04-04-1971,Jaipur,Rajasthan,BR007,Mass,Salaried,13-11-2021
C00126,Vikram Reddy,Female,27-06-1963,Gurgaon,Haryana,BR006,Premium,Self-Employed,07-03-2021
C00127,Isha Shaikh,Female,08-04-2000,Mumbai,Maharashtra,BR001,Affluent,Self-Employed,08-02-2022
C00128,Ananya Joshi,Female,25-05-1960,Kochi,Kerala,BR012,Mass,Professional,09-02-2024
C00129,Rahul Singh,Female,17-07-1972,Kolkata,West Bengal,BR013,Affluent,Self-Employed,05-01-2023
C00130,Nisha Sharma,Female,20-10-1965,Pune,Maharashtra,BR002,Mass,Salaried,03-02-2024
C00131,Nisha Iyer,Male,16-08-1970,Ahmedabad,Gujarat,BR008,Mass,Business Owner,16-03-2023
C00132,Neha Deshmukh,Female,05-07-1977,Mumbai,Maharashtra,BR001,Mass,Business Owner,15-10-2023
C00133,Karan Patil,Male,23-05-1965,Bengaluru,Karnataka,BR009,Mass,Salaried,04-10-2025
C00134,Priya Iyer,Male,23-01-1980,New Delhi,Delhi,BR005,Mass,Salaried,28-02-2024
C00135,Rohan Kulkarni,Male,10-07-2000,Bengaluru,Karnataka,BR009,Mass,Retired,09-10-2025
C00136,Pooja Reddy,Male,21-02-1966,Chennai,Tamil Nadu,BR010,Mass,Professional,03-11-2025
C00137,Vikram Gupta,Male,15-01-2000,Chennai,Tamil Nadu,BR010,Mass,Salaried,02-02-2024
C00138,Amit Iyer,Female,25-02-1978,Nagpur,Maharashtra,BR003,Mass,Self-Employed,23-12-2025
C00139,Simran Mehta,Male,22-03-1986,Kolkata,West Bengal,BR013,Mass,Business Owner,31-03-2022
C00140,Nisha Singh,Female,02-07-1979,New Delhi,Delhi,BR005,Affluent,Salaried,09-08-2023
C00141,Karan Sharma,Male,24-09-1973,Nagpur,Maharashtra,BR003,Affluent,Salaried,17-05-2021
C00142,Ananya Deshmukh,Male,27-03-1964,Ahmedabad,Gujarat,BR008,Mass,Retired,17-06-2021
C00143,Nisha Kulkarni,Female,21-10-1986,Gurgaon,Haryana,BR006,Mass,Self-Employed,30-08-2021
C00144,Aarav Singh,Female,04-05-2000,Kochi,Kerala,BR012,Affluent,Salaried,02-09-2021
C00145,Pooja Joshi,Male,22-06-1982,Hyderabad,Telangana,BR011,Affluent,Professional,20-01-2023
C00146,Amit Iyer,Female,18-08-1986,New Delhi,Delhi,BR005,Premium,Self-Employed,08-08-2024
C00147,Ananya Kulkarni,Female,10-10-1988,Patna,Bihar,BR015,Premium,Business Owner,06-12-2025
C00148,Sahil Verma,Female,24-01-1977,New Delhi,Delhi,BR005,Affluent,Salaried,29-11-2025
C00149,Neha Das,Female,16-08-1965,Jaipur,Rajasthan,BR007,Affluent,Salaried,23-11-2021
C00150,Ananya Kulkarni,Female,24-07-1982,New Delhi,Delhi,BR005,Mass,Salaried,08-03-2023
C00151,Aditya Das,Female,19-10-1998,Bhubaneswar,Odisha,BR014,Affluent,Retired,27-02-2023
C00152,Rohan Das,Male,08-10-1973,Nashik,Maharashtra,BR004,Premium,Business Owner,29-06-2021
C00153,Amit Nair,Male,27-09-1998,Pune,Maharashtra,BR002,Affluent,Professional,14-03-2021
C00154,Riya Reddy,Male,16-03-1997,Gurgaon,Haryana,BR006,Mass,Salaried,07-10-2022
C00155,Simran Deshmukh,Female,14-09-1970,Patna,Bihar,BR015,Mass,Professional,14-04-2025
C00156,Kavya Khan,Female,11-12-1985,Kolkata,West Bengal,BR013,Mass,Self-Employed,05-12-2022
C00157,Vivaan Singh,Male,04-03-1992,Chennai,Tamil Nadu,BR010,Mass,Business Owner,02-12-2022
C00158,Kavya Reddy,Female,19-11-1981,Kolkata,West Bengal,BR013,Affluent,Salaried,25-12-2025
C00159,Neha Joshi,Male,12-07-1990,Kolkata,West Bengal,BR013,Affluent,Business Owner,21-11-2022
C00160,Ananya Nair,Male,26-05-2000,Jaipur,Rajasthan,BR007,Mass,Salaried,07-06-2024
C00161,Kavya Patil,Female,27-09-1987,New Delhi,Delhi,BR005,Affluent,Salaried,27-11-2025
C00162,Priya Gupta,Male,21-10-1996,Hyderabad,Telangana,BR011,Mass,Professional,04-08-2021
C00163,Isha Joshi,Male,07-07-1995,Bengaluru,Karnataka,BR009,Mass,Salaried,22-07-2023
C00164,Nisha Mehta,Male,20-08-1995,Gurgaon,Haryana,BR006,Mass,Salaried,08-09-2022
C00165,Sneha Patil,Male,01-07-1997,Mumbai,Maharashtra,BR001,Mass,Student,05-08-2021
C00166,Simran Khan,Female,23-12-1969,Chennai,Tamil Nadu,BR010,Affluent,Salaried,30-03-2021
C00167,Karan Iyer,Female,14-05-1960,New Delhi,Delhi,BR005,Affluent,Business Owner,28-03-2024
C00168,Nisha Joshi,Female,26-02-1966,Bhubaneswar,Odisha,BR014,Affluent,Professional,07-04-2024
C00169,Sahil Sharma,Female,11-03-1970,New Delhi,Delhi,BR005,Mass,Professional,24-10-2023
C00170,Nisha Sharma,Male,08-06-1990,Nashik,Maharashtra,BR004,Affluent,Salaried,13-05-2024
C00171,Aarav Joshi,Female,27-08-1982,Kochi,Kerala,BR012,Mass,Self-Employed,05-08-2024
C00172,Aarav Khan,Male,15-11-1980,Nagpur,Maharashtra,BR003,Mass,Self-Employed,15-04-2021
C00173,Ananya Kulkarni,Male,24-02-1960,Nashik,Maharashtra,BR004,Mass,Salaried,04-03-2021
C00174,Rahul Reddy,Female,25-04-1990,Ahmedabad,Gujarat,BR008,Affluent,Professional,05-09-2022
C00175,Ananya Shaikh,Male,14-05-1976,Kochi,Kerala,BR012,Premium,Retired,05-11-2023
C00176,Pooja Singh,Male,13-06-1993,Pune,Maharashtra,BR002,Mass,Salaried,07-07-2025
C00177,Kavya Khan,Male,15-02-1964,New Delhi,Delhi,BR005,Affluent,Salaried,25-11-2025
C00178,Rohan Verma,Female,23-05-1972,Hyderabad,Telangana,BR011,Mass,Professional,18-02-2025
C00179,Vikram Nair,Male,27-06-1962,Patna,Bihar,BR015,Mass,Self-Employed,16-06-2022
C00180,Pooja Singh,Male,09-04-1972,Jaipur,Rajasthan,BR007,Affluent,Professional,15-11-2023
C00181,Neha Nair,Female,20-01-2000,Pune,Maharashtra,BR002,Affluent,Salaried,31-07-2021
C00182,Amit Shaikh,Male,08-01-1981,Pune,Maharashtra,BR002,Affluent,Salaried,04-06-2023
C00183,Aditya Verma,Female,17-11-1979,New Delhi,Delhi,BR005,Affluent,Business Owner,30-06-2021
C00184,Sneha Joshi,Male,22-07-1972,Nagpur,Maharashtra,BR003,Mass,Retired,18-12-2025
C00185,Amit Joshi,Female,24-10-1971,Bengaluru,Karnataka,BR009,Premium,Salaried,04-04-2023
C00186,Nisha Das,Female,13-08-1989,Mumbai,Maharashtra,BR001,Premium,Student,11-08-2024
C00187,Arjun Patil,Male,10-02-2003,Jaipur,Rajasthan,BR007,Mass,Self-Employed,10-07-2021
C00188,Rohan Iyer,Female,07-09-1992,Bengaluru,Karnataka,BR009,Mass,Salaried,06-10-2025
C00189,Sahil Iyer,Male,04-09-1992,Ahmedabad,Gujarat,BR008,Mass,Self-Employed,15-08-2023
C00190,Ananya Singh,Female,10-01-1980,Nashik,Maharashtra,BR004,Affluent,Salaried,11-05-2021
C00191,Rahul Gupta,Female,24-03-1964,Hyderabad,Telangana,BR011,Premium,Business Owner,04-11-2022
C00192,Aditya Joshi,Female,12-05-1991,Chennai,Tamil Nadu,BR010,Affluent,Salaried,23-01-2022
C00193,Rahul Verma,Female,09-05-1995,Chennai,Tamil Nadu,BR010,Mass,Self-Employed,06-05-2021
C00194,Aarav Reddy,Female,20-12-1982,Mumbai,Maharashtra,BR001,Mass,Salaried,26-02-2021
C00195,Simran Joshi,Female,06-02-1964,Pune,Maharashtra,BR002,Mass,Professional,24-07-2024
C00196,Neha Nair,Male,07-01-1991,Bhubaneswar,Odisha,BR014,Mass,Retired,04-05-2025
C00197,Neha Deshmukh,Female,26-08-2000,Gurgaon,Haryana,BR006,Mass,Self-Employed,20-04-2024
C00198,Amit Joshi,Female,03-06-1969,New Delhi,Delhi,BR005,Mass,Self-Employed,21-06-2024
C00199,Neha Kulkarni,Female,12-01-1967,Jaipur,Rajasthan,BR007,Mass,Retired,10-03-2021
C00200,Ananya Joshi,Male,16-04-1992,Bengaluru,Karnataka,BR009,Mass,Salaried,21-11-2021
C00201,Vivaan Nair,Male,07-02-1974,Patna,Bihar,BR015,Affluent,Professional,04-03-2021
C00202,Riya Khan,Female,08-07-1991,New Delhi,Delhi,BR005,Mass,Self-Employed,14-11-2025
C00203,Rahul Das,Female,06-05-1990,Bhubaneswar,Odisha,BR014,Mass,Student,09-09-2024
C00204,Vikram Iyer,Male,10-01-1971,Pune,Maharashtra,BR002,Mass,Salaried,12-10-2025
C00205,Isha Iyer,Male,25-04-1961,Ahmedabad,Gujarat,BR008,Premium,Salaried,11-07-2025
C00206,Aarav Joshi,Male,12-11-1984,Ahmedabad,Gujarat,BR008,Affluent,Salaried,15-02-2022
C00207,Priya Iyer,Male,12-04-1977,Nagpur,Maharashtra,BR003,Affluent,Salaried,23-07-2023
C00208,Rohan Verma,Female,11-08-1997,Nagpur,Maharashtra,BR003,Affluent,Salaried,27-03-2024
C00209,Arjun Reddy,Male,27-10-1975,Gurgaon,Haryana,BR006,Affluent,Retired,16-09-2024
C00210,Nisha Khan,Male,04-05-1970,Patna,Bihar,BR015,Affluent,Salaried,04-05-2024
C00211,Rohan Verma,Male,24-02-1997,Ahmedabad,Gujarat,BR008,Mass,Salaried,08-04-2023
C00212,Riya Mehta,Male,09-05-1992,Bhubaneswar,Odisha,BR014,Mass,Salaried,08-01-2021
C00213,Rahul Verma,Female,26-08-1987,Hyderabad,Telangana,BR011,Mass,Self-Employed,11-09-2025
C00214,Priya Gupta,Male,09-06-2001,Gurgaon,Haryana,BR006,Mass,Self-Employed,11-06-2024
C00215,Aditya Iyer,Male,03-11-1994,Hyderabad,Telangana,BR011,Mass,Salaried,07-03-2025
C00216,Amit Shaikh,Male,15-11-1998,Nashik,Maharashtra,BR004,Mass,Professional,09-02-2022
C00217,Pooja Reddy,Female,07-01-1995,Nashik,Maharashtra,BR004,Mass,Professional,14-07-2021
C00218,Arjun Patil,Female,21-09-1977,Kochi,Kerala,BR012,Mass,Salaried,04-07-2025
C00219,Aarav Reddy,Male,18-03-1962,Hyderabad,Telangana,BR011,Mass,Professional,11-01-2025
C00220,Ananya Reddy,Female,19-12-1986,New Delhi,Delhi,BR005,Mass,Salaried,12-03-2025
C00221,Ananya Mehta,Male,06-09-1993,Jaipur,Rajasthan,BR007,Mass,Self-Employed,16-03-2023
C00222,Priya Kulkarni,Female,20-08-2003,Ahmedabad,Gujarat,BR008,Mass,Retired,12-07-2025
C00223,Karan Nair,Male,09-02-1989,Kochi,Kerala,BR012,Affluent,Student,14-02-2022
C00224,Riya Iyer,Female,27-11-1985,Ahmedabad,Gujarat,BR008,Mass,Salaried,15-10-2024
C00225,Nisha Gupta,Female,20-03-1985,Gurgaon,Haryana,BR006,Mass,Self-Employed,22-06-2023
C00226,Aditya Joshi,Male,16-07-1965,Gurgaon,Haryana,BR006,Mass,Salaried,29-10-2021
C00227,Pooja Reddy,Male,24-07-1960,Gurgaon,Haryana,BR006,Mass,Self-Employed,03-08-2024
C00228,Karan Verma,Male,16-06-1961,Bengaluru,Karnataka,BR009,Mass,Business Owner,21-10-2022
C00229,Amit Iyer,Male,15-09-1999,Kochi,Kerala,BR012,Mass,Salaried,17-10-2021
C00230,Vivaan Verma,Male,07-11-1994,Gurgaon,Haryana,BR006,Mass,Student,18-07-2024
C00231,Rohan Iyer,Male,19-12-1971,New Delhi,Delhi,BR005,Premium,Business Owner,10-11-2024
C00232,Sahil Patil,Female,11-12-1978,New Delhi,Delhi,BR005,Affluent,Salaried,14-08-2022
C00233,Rahul Sharma,Male,02-06-1981,Chennai,Tamil Nadu,BR010,Mass,Student,01-11-2025
C00234,Sahil Das,Female,23-12-1970,Hyderabad,Telangana,BR011,Mass,Professional,20-07-2024
C00235,Priya Nair,Male,02-04-1978,Mumbai,Maharashtra,BR001,Affluent,Salaried,10-02-2021
C00236,Pooja Nair,Male,19-09-1975,Mumbai,Maharashtra,BR001,Mass,Self-Employed,06-09-2022
C00237,Vikram Das,Male,05-07-1990,Ahmedabad,Gujarat,BR008,Premium,Student,15-11-2025
C00238,Rohan Mehta,Female,12-12-1993,Nashik,Maharashtra,BR004,Mass,Retired,21-11-2021
C00239,Sneha Verma,Male,24-09-1964,Kochi,Kerala,BR012,Mass,Salaried,08-10-2025
C00240,Rahul Patil,Male,03-07-1980,New Delhi,Delhi,BR005,Mass,Business Owner,05-08-2023
C00241,Aarav Joshi,Female,19-11-2003,Pune,Maharashtra,BR002,Premium,Student,17-05-2024
C00242,Nisha Shaikh,Female,17-11-1998,Bhubaneswar,Odisha,BR014,Premium,Retired,07-06-2024
C00243,Amit Das,Female,24-11-1994,Mumbai,Maharashtra,BR001,Affluent,Salaried,24-07-2023
C00244,Isha Sharma,Male,05-03-1992,New Delhi,Delhi,BR005,Mass,Self-Employed,03-08-2023
C00245,Neha Khan,Male,22-02-1960,Nashik,Maharashtra,BR004,Affluent,Student,02-11-2023
C00246,Rohan Shaikh,Female,13-03-2002,Nagpur,Maharashtra,BR003,Mass,Salaried,18-03-2024
C00247,Ananya Khan,Female,12-10-1992,Mumbai,Maharashtra,BR001,Mass,Self-Employed,08-09-2024
C00248,Rahul Shaikh,Female,10-01-1999,Nashik,Maharashtra,BR004,Affluent,Business Owner,11-03-2023
C00249,Karan Deshmukh,Male,11-02-1999,Nagpur,Maharashtra,BR003,Premium,Self-Employed,07-03-2023
C00250,Karan Verma,Male,15-09-1971,Nagpur,Maharashtra,BR003,Mass,Professional,22-11-2024
C00251,Neha Deshmukh,Female,03-09-1960,Ahmedabad,Gujarat,BR008,Mass,Salaried,14-10-2024
C00252,Aarav Nair,Female,12-10-1988,Bengaluru,Karnataka,BR009,Mass,Professional,01-04-2024
C00253,Simran Deshmukh,Male,18-04-1980,Gurgaon,Haryana,BR006,Mass,Salaried,22-04-2023
C00254,Priya Kulkarni,Female,14-02-1960,New Delhi,Delhi,BR005,Mass,Professional,16-11-2023
C00255,Amit Gupta,Female,05-06-1971,Jaipur,Rajasthan,BR007,Affluent,Self-Employed,09-11-2023
C00256,Karan Khan,Male,10-12-2003,Kochi,Kerala,BR012,Mass,Salaried,06-03-2023
C00257,Kavya Verma,Male,12-01-1975,Kochi,Kerala,BR012,Affluent,Retired,22-11-2021
C00258,Rahul Das,Female,19-12-1971,Nashik,Maharashtra,BR004,Mass,Professional,06-09-2023
C00259,Neha Deshmukh,Male,25-08-1988,Pune,Maharashtra,BR002,Mass,Salaried,20-03-2023
C00260,Rohan Verma,Female,15-02-1989,New Delhi,Delhi,BR005,Mass,Salaried,04-04-2021
C00261,Pooja Mehta,Female,19-04-1974,New Delhi,Delhi,BR005,Mass,Business Owner,11-10-2025
C00262,Aditya Iyer,Male,03-11-1997,Ahmedabad,Gujarat,BR008,Mass,Retired,02-05-2024
C00263,Amit Kulkarni,Female,26-02-1985,Gurgaon,Haryana,BR006,Affluent,Salaried,27-07-2021
C00264,Vikram Singh,Male,09-06-1967,Pune,Maharashtra,BR002,Premium,Retired,09-01-2022
C00265,Isha Nair,Male,10-02-1974,Gurgaon,Haryana,BR006,Mass,Salaried,10-11-2023
C00266,Rohan Kulkarni,Female,07-01-1997,Jaipur,Rajasthan,BR007,Mass,Business Owner,20-04-2025
C00267,Simran Deshmukh,Female,03-03-1963,Nagpur,Maharashtra,BR003,Premium,Self-Employed,06-06-2023
C00268,Aditya Khan,Male,22-12-1960,Kochi,Kerala,BR012,Mass,Salaried,23-01-2025
C00269,Rohan Patil,Female,07-12-1988,Mumbai,Maharashtra,BR001,Affluent,Retired,23-08-2021
C00270,Isha Das,Female,08-04-1979,Bhubaneswar,Odisha,BR014,Premium,Salaried,23-08-2023
C00271,Neha Singh,Female,05-07-1971,Mumbai,Maharashtra,BR001,Affluent,Retired,19-02-2025
C00272,Isha Mehta,Female,27-03-1980,Kochi,Kerala,BR012,Mass,Salaried,27-03-2025
C00273,Sahil Singh,Male,22-05-1968,Kolkata,West Bengal,BR013,Affluent,Salaried,15-03-2022
C00274,Vikram Sharma,Male,26-03-1976,Patna,Bihar,BR015,Mass,Retired,09-05-2024
C00275,Priya Iyer,Male,24-09-1970,Hyderabad,Telangana,BR011,Mass,Business Owner,14-03-2021
C00276,Vivaan Shaikh,Male,25-07-1985,Hyderabad,Telangana,BR011,Premium,Salaried,15-09-2021
C00277,Rahul Iyer,Female,13-05-1989,Bengaluru,Karnataka,BR009,Mass,Business Owner,02-07-2025
C00278,Neha Singh,Male,05-01-2000,Hyderabad,Telangana,BR011,Affluent,Salaried,14-09-2024
C00279,Ananya Verma,Male,09-10-1962,Nashik,Maharashtra,BR004,Mass,Student,13-01-2022
C00280,Pooja Sharma,Male,08-02-1974,Jaipur,Rajasthan,BR007,Mass,Salaried,24-12-2025
C00281,Aditya Iyer,Male,20-05-1971,Jaipur,Rajasthan,BR007,Affluent,Self-Employed,18-12-2025
C00282,Sneha Khan,Male,01-02-1985,Kochi,Kerala,BR012,Affluent,Salaried,16-03-2021
C00283,Amit Sharma,Female,04-09-1983,Gurgaon,Haryana,BR006,Mass,Business Owner,16-02-2021
C00284,Sneha Reddy,Female,19-06-1998,Gurgaon,Haryana,BR006,Affluent,Retired,24-03-2022
C00285,Rahul Gupta,Male,04-07-2000,Ahmedabad,Gujarat,BR008,Mass,Professional,20-12-2024
C00286,Rohan Gupta,Male,02-09-1994,New Delhi,Delhi,BR005,Premium,Salaried,28-12-2023
C00287,Rahul Shaikh,Female,03-03-1968,Mumbai,Maharashtra,BR001,Affluent,Salaried,26-07-2023
C00288,Amit Iyer,Male,19-07-1961,Jaipur,Rajasthan,BR007,Affluent,Salaried,29-01-2023
C00289,Isha Verma,Male,04-08-1999,Gurgaon,Haryana,BR006,Mass,Student,26-05-2023
C00290,Simran Shaikh,Male,04-05-2001,New Delhi,Delhi,BR005,Mass,Salaried,10-03-2024
C00291,Simran Verma,Female,07-05-1971,New Delhi,Delhi,BR005,Premium,Business Owner,27-04-2021
C00292,Neha Shaikh,Female,21-09-1962,New Delhi,Delhi,BR005,Mass,Salaried,07-12-2023
C00293,Isha Verma,Female,06-10-1989,New Delhi,Delhi,BR005,Mass,Retired,08-02-2022
C00294,Riya Patil,Female,01-01-1985,Gurgaon,Haryana,BR006,Affluent,Self-Employed,09-12-2024
C00295,Neha Khan,Female,25-11-1999,Bengaluru,Karnataka,BR009,Affluent,Self-Employed,23-12-2021
C00296,Riya Mehta,Male,24-03-1985,New Delhi,Delhi,BR005,Affluent,Student,10-05-2021
C00297,Sneha Nair,Male,05-07-1993,Bhubaneswar,Odisha,BR014,Affluent,Retired,05-03-2023
C00298,Neha Sharma,Male,08-04-1994,Kolkata,West Bengal,BR013,Premium,Business Owner,16-03-2023
C00299,Rohan Shaikh,Male,06-10-1960,Jaipur,Rajasthan,BR007,Mass,Professional,05-08-2023
C00300,Simran Nair,Male,20-03-1966,New Delhi,Delhi,BR005,Affluent,Business Owner,20-04-2025
C00301,Sahil Nair,Male,07-04-1994,Jaipur,Rajasthan,BR007,Affluent,Self-Employed,01-07-2024
C00302,Rohan Kulkarni,Male,26-10-1967,Kochi,Kerala,BR012,Affluent,Salaried,25-10-2022
C00303,Karan Shaikh,Male,23-07-1969,Bengaluru,Karnataka,BR009,Mass,Business Owner,19-08-2024
C00304,Rahul Mehta,Female,16-11-1993,Hyderabad,Telangana,BR011,Mass,Business Owner,09-07-2023
C00305,Vikram Shaikh,Female,01-10-1968,Jaipur,Rajasthan,BR007,Mass,Salaried,13-02-2022
C00306,Vikram Patil,Female,24-01-1966,Ahmedabad,Gujarat,BR008,Affluent,Salaried,09-02-2021
C00307,Nisha Gupta,Male,20-02-1960,New Delhi,Delhi,BR005,Mass,Professional,08-01-2021
C00308,Aditya Singh,Male,22-06-1980,Chennai,Tamil Nadu,BR010,Affluent,Salaried,14-02-2022
C00309,Riya Gupta,Female,02-08-1988,Nagpur,Maharashtra,BR003,Affluent,Business Owner,04-02-2025
C00310,Kavya Deshmukh,Female,20-05-1992,Bengaluru,Karnataka,BR009,Mass,Business Owner,27-04-2023
C00311,Pooja Verma,Female,22-12-1999,Kochi,Kerala,BR012,Mass,Salaried,05-04-2023
C00312,Aarav Gupta,Male,26-11-1988,Pune,Maharashtra,BR002,Mass,Salaried,30-12-2022
C00313,Simran Reddy,Male,16-11-1993,Ahmedabad,Gujarat,BR008,Mass,Salaried,13-04-2022
C00314,Isha Nair,Female,14-05-1969,Mumbai,Maharashtra,BR001,Mass,Salaried,28-07-2024
C00315,Karan Verma,Female,12-10-1974,Chennai,Tamil Nadu,BR010,Mass,Business Owner,24-01-2021
C00316,Simran Singh,Female,19-10-1973,Nagpur,Maharashtra,BR003,Affluent,Professional,23-01-2024
C00317,Rahul Verma,Male,25-03-1962,Bhubaneswar,Odisha,BR014,Mass,Student,07-09-2025
C00318,Riya Sharma,Male,17-11-2002,Nashik,Maharashtra,BR004,Mass,Salaried,27-05-2025
C00319,Vivaan Reddy,Male,07-03-1970,Patna,Bihar,BR015,Mass,Professional,06-11-2022
C00320,Aarav Khan,Female,01-11-1979,Hyderabad,Telangana,BR011,Affluent,Salaried,10-04-2025
C00321,Nisha Mehta,Male,17-06-1975,Ahmedabad,Gujarat,BR008,Mass,Professional,10-03-2022
C00322,Pooja Joshi,Male,24-03-1961,Hyderabad,Telangana,BR011,Mass,Salaried,17-03-2022
C00323,Vivaan Khan,Male,02-07-1999,Hyderabad,Telangana,BR011,Premium,Self-Employed,20-09-2022
C00324,Isha Patil,Female,11-04-1969,Bhubaneswar,Odisha,BR014,Mass,Self-Employed,02-02-2021
C00325,Priya Gupta,Male,26-03-1964,New Delhi,Delhi,BR005,Mass,Salaried,30-04-2022
C00326,Karan Das,Male,14-05-1975,Ahmedabad,Gujarat,BR008,Mass,Retired,10-04-2025
C00327,Ananya Deshmukh,Female,06-07-1966,Pune,Maharashtra,BR002,Affluent,Salaried,24-10-2024
C00328,Karan Gupta,Female,10-07-2003,Ahmedabad,Gujarat,BR008,Affluent,Salaried,24-08-2022
C00329,Sneha Sharma,Female,12-01-1968,Mumbai,Maharashtra,BR001,Mass,Business Owner,25-07-2022
C00330,Rohan Deshmukh,Female,04-08-1973,Ahmedabad,Gujarat,BR008,Affluent,Self-Employed,26-09-2022
C00331,Ananya Patil,Male,18-10-1971,Ahmedabad,Gujarat,BR008,Affluent,Salaried,06-08-2021
C00332,Isha Singh,Female,16-04-1961,Gurgaon,Haryana,BR006,Affluent,Salaried,17-10-2021
C00333,Rohan Reddy,Female,18-04-1960,Jaipur,Rajasthan,BR007,Premium,Salaried,18-12-2025
C00334,Nisha Mehta,Male,17-02-1982,Chennai,Tamil Nadu,BR010,Affluent,Student,19-06-2024
C00335,Rahul Verma,Female,01-01-1970,Hyderabad,Telangana,BR011,Mass,Self-Employed,22-05-2024
C00336,Priya Sharma,Male,05-04-1963,Jaipur,Rajasthan,BR007,Mass,Salaried,27-05-2022
C00337,Sahil Sharma,Male,05-06-1972,Ahmedabad,Gujarat,BR008,Premium,Self-Employed,12-04-2025
C00338,Aarav Mehta,Male,03-03-1972,Bhubaneswar,Odisha,BR014,Mass,Student,19-11-2021
C00339,Pooja Nair,Male,20-11-1978,Mumbai,Maharashtra,BR001,Mass,Student,04-11-2025
C00340,Vivaan Shaikh,Female,04-03-2003,Mumbai,Maharashtra,BR001,Premium,Salaried,09-07-2023
C00341,Amit Singh,Male,19-11-1973,Nashik,Maharashtra,BR004,Affluent,Business Owner,28-08-2022
C00342,Nisha Kulkarni,Female,05-11-1991,Bengaluru,Karnataka,BR009,Affluent,Salaried,02-10-2024
C00343,Neha Sharma,Male,04-05-1993,Gurgaon,Haryana,BR006,Affluent,Salaried,01-02-2023
C00344,Vivaan Khan,Male,05-06-1962,Hyderabad,Telangana,BR011,Mass,Student,08-05-2022
C00345,Sneha Verma,Male,14-01-1982,Bengaluru,Karnataka,BR009,Affluent,Student,02-06-2024
C00346,Rohan Kulkarni,Male,18-12-1979,New Delhi,Delhi,BR005,Premium,Salaried,11-08-2024
C00347,Kavya Mehta,Female,22-10-1982,Kolkata,West Bengal,BR013,Mass,Student,07-01-2024
C00348,Riya Reddy,Female,04-12-1967,Chennai,Tamil Nadu,BR010,Mass,Professional,24-04-2023
C00349,Pooja Nair,Male,17-04-1980,New Delhi,Delhi,BR005,Affluent,Professional,24-08-2022
C00350,Arjun Reddy,Female,21-10-1965,New Delhi,Delhi,BR005,Mass,Professional,08-01-2023
C00351,Nisha Das,Female,09-09-2001,New Delhi,Delhi,BR005,Mass,Self-Employed,16-05-2025
C00352,Priya Reddy,Female,03-05-1985,Pune,Maharashtra,BR002,Mass,Retired,19-10-2022
C00353,Riya Iyer,Male,05-04-1961,Pune,Maharashtra,BR002,Mass,Salaried,02-11-2025
C00354,Riya Iyer,Male,03-12-1982,Bhubaneswar,Odisha,BR014,Mass,Self-Employed,23-09-2021
C00355,Karan Kulkarni,Female,24-05-2000,Gurgaon,Haryana,BR006,Affluent,Salaried,25-10-2021
C00356,Amit Iyer,Female,11-12-1992,Gurgaon,Haryana,BR006,Affluent,Professional,31-08-2022
C00357,Kavya Das,Male,15-06-1972,Chennai,Tamil Nadu,BR010,Affluent,Salaried,06-01-2021
C00358,Priya Joshi,Female,21-10-1999,Ahmedabad,Gujarat,BR008,Mass,Self-Employed,25-05-2025
C00359,Arjun Deshmukh,Male,11-07-1968,Bhubaneswar,Odisha,BR014,Mass,Professional,14-09-2022
C00360,Priya Joshi,Female,18-05-1970,Hyderabad,Telangana,BR011,Mass,Salaried,06-07-2021
C00361,Sneha Iyer,Male,03-11-1966,Jaipur,Rajasthan,BR007,Affluent,Salaried,04-02-2024
C00362,Aditya Mehta,Female,13-10-2000,Gurgaon,Haryana,BR006,Premium,Salaried,16-10-2025
C00363,Pooja Iyer,Male,03-02-1991,Patna,Bihar,BR015,Mass,Business Owner,20-12-2025
C00364,Isha Reddy,Male,07-05-1982,Chennai,Tamil Nadu,BR010,Premium,Salaried,16-07-2021
C00365,Riya Das,Female,08-02-1989,Patna,Bihar,BR015,Mass,Self-Employed,18-12-2024
C00366,Ananya Shaikh,Male,20-11-1971,Mumbai,Maharashtra,BR001,Mass,Self-Employed,24-10-2022
C00367,Priya Kulkarni,Female,19-03-1963,Kochi,Kerala,BR012,Affluent,Retired,07-03-2025
C00368,Aditya Reddy,Female,21-06-1997,Ahmedabad,Gujarat,BR008,Mass,Professional,13-01-2024
C00369,Neha Das,Male,02-03-2002,Pune,Maharashtra,BR002,Premium,Salaried,29-08-2024
C00370,Rohan Nair,Male,27-04-1961,Ahmedabad,Gujarat,BR008,Mass,Student,10-03-2025
C00371,Amit Singh,Female,02-07-1962,Bengaluru,Karnataka,BR009,Affluent,Student,23-06-2025
C00372,Sneha Singh,Female,23-12-1984,Nashik,Maharashtra,BR004,Mass,Professional,20-09-2021
C00373,Simran Khan,Female,20-07-1961,Gurgaon,Haryana,BR006,Mass,Self-Employed,14-08-2024
C00374,Pooja Das,Male,16-03-1991,Kochi,Kerala,BR012,Mass,Salaried,15-09-2021
C00375,Rohan Shaikh,Female,12-11-2001,New Delhi,Delhi,BR005,Premium,Business Owner,20-09-2025
C00376,Sahil Kulkarni,Male,21-01-1972,Gurgaon,Haryana,BR006,Mass,Self-Employed,22-02-2024
C00377,Nisha Reddy,Female,20-09-1972,Gurgaon,Haryana,BR006,Affluent,Salaried,18-12-2021
C00378,Isha Mehta,Male,04-08-1997,New Delhi,Delhi,BR005,Mass,Salaried,19-06-2022
C00379,Ananya Shaikh,Male,22-02-1975,Kolkata,West Bengal,BR013,Mass,Salaried,24-06-2025
C00380,Sahil Khan,Female,03-11-1970,Hyderabad,Telangana,BR011,Mass,Business Owner,22-03-2024
C00381,Aarav Iyer,Female,14-07-1963,Pune,Maharashtra,BR002,Affluent,Salaried,23-02-2022
C00382,Kavya Joshi,Male,18-05-1996,Patna,Bihar,BR015,Mass,Business Owner,07-02-2025
C00383,Aarav Patil,Female,23-11-2000,Kochi,Kerala,BR012,Mass,Professional,04-08-2024
C00384,Aditya Kulkarni,Male,13-02-1963,New Delhi,Delhi,BR005,Mass,Salaried,21-05-2021
C00385,Rohan Shaikh,Male,07-12-1995,Kochi,Kerala,BR012,Mass,Salaried,02-06-2022
C00386,Riya Nair,Male,14-11-1967,Nagpur,Maharashtra,BR003,Mass,Salaried,23-03-2025
C00387,Isha Verma,Male,07-07-1966,Patna,Bihar,BR015,Mass,Salaried,03-10-2022
C00388,Priya Shaikh,Male,15-12-1976,Bengaluru,Karnataka,BR009,Mass,Professional,10-03-2021
C00389,Riya Patil,Male,13-07-1979,Bengaluru,Karnataka,BR009,Affluent,Business Owner,08-01-2024
C00390,Pooja Joshi,Male,22-02-1997,Mumbai,Maharashtra,BR001,Mass,Student,30-06-2025
C00391,Isha Mehta,Female,07-04-1990,Kolkata,West Bengal,BR013,Affluent,Retired,14-10-2023
C00392,Arjun Reddy,Female,06-10-1966,Mumbai,Maharashtra,BR001,Mass,Salaried,17-11-2025
C00393,Ananya Mehta,Female,13-09-1985,New Delhi,Delhi,BR005,Premium,Business Owner,28-07-2021
C00394,Karan Gupta,Male,02-10-1998,Nagpur,Maharashtra,BR003,Premium,Self-Employed,03-05-2024
C00395,Sahil Shaikh,Female,07-10-1989,Hyderabad,Telangana,BR011,Mass,Self-Employed,01-04-2024
C00396,Rahul Verma,Male,10-11-1970,Mumbai,Maharashtra,BR001,Mass,Salaried,03-12-2025
C00397,Aarav Nair,Female,14-01-1965,Kolkata,West Bengal,BR013,Mass,Salaried,10-08-2023
C00398,Rohan Khan,Female,08-01-1979,Bengaluru,Karnataka,BR009,Affluent,Business Owner,09-02-2025
C00399,Arjun Das,Male,16-09-1980,Pune,Maharashtra,BR002,Mass,Business Owner,23-09-2021
C00400,Sahil Verma,Male,24-09-1975,Pune,Maharashtra,BR002,Mass,Salaried,23-03-2021
C00401,Amit Patil,Female,15-06-1964,Mumbai,Maharashtra,BR001,Mass,Salaried,01-08-2024
C00402,Vikram Shaikh,Female,08-01-1965,Ahmedabad,Gujarat,BR008,Mass,Self-Employed,07-01-2021
C00403,Kavya Sharma,Female,02-09-1983,Hyderabad,Telangana,BR011,Affluent,Professional,17-05-2025
C00404,Amit Reddy,Female,04-05-2001,New Delhi,Delhi,BR005,Affluent,Self-Employed,07-02-2021
C00405,Kavya Joshi,Female,16-11-1986,Kochi,Kerala,BR012,Affluent,Salaried,11-06-2024
C00406,Rohan Gupta,Male,19-08-1979,Nagpur,Maharashtra,BR003,Affluent,Salaried,06-04-2023
C00407,Rohan Deshmukh,Female,02-03-2000,Hyderabad,Telangana,BR011,Affluent,Professional,24-03-2024
C00408,Rahul Deshmukh,Male,06-05-1990,Bhubaneswar,Odisha,BR014,Mass,Professional,13-02-2024
C00409,Sneha Das,Male,09-04-1991,Hyderabad,Telangana,BR011,Premium,Salaried,23-03-2023
C00410,Karan Das,Male,09-10-1985,Bengaluru,Karnataka,BR009,Affluent,Self-Employed,30-05-2023
C00411,Amit Kulkarni,Female,26-02-1993,Kochi,Kerala,BR012,Affluent,Self-Employed,09-07-2023
C00412,Sneha Iyer,Female,06-01-1982,Nashik,Maharashtra,BR004,Premium,Business Owner,21-05-2024
C00413,Sahil Reddy,Male,02-05-1987,Mumbai,Maharashtra,BR001,Mass,Salaried,20-07-2024
C00414,Karan Joshi,Male,10-11-1987,Nashik,Maharashtra,BR004,Affluent,Business Owner,01-04-2023
C00415,Sahil Kulkarni,Male,04-10-1993,Jaipur,Rajasthan,BR007,Affluent,Retired,06-10-2022
C00416,Ananya Patil,Female,04-07-1999,Chennai,Tamil Nadu,BR010,Mass,Salaried,19-03-2021
C00417,Kavya Reddy,Female,12-03-1972,Ahmedabad,Gujarat,BR008,Affluent,Salaried,23-11-2024
C00418,Aditya Das,Male,09-11-1990,Kochi,Kerala,BR012,Mass,Salaried,17-02-2022
C00419,Sneha Patil,Male,03-10-1961,Nagpur,Maharashtra,BR003,Mass,Salaried,04-03-2023
C00420,Sahil Iyer,Female,17-04-1983,Chennai,Tamil Nadu,BR010,Mass,Retired,18-12-2025
C00421,Rahul Nair,Male,14-06-1999,Nagpur,Maharashtra,BR003,Affluent,Retired,04-12-2024
C00422,Amit Shaikh,Male,03-09-1988,New Delhi,Delhi,BR005,Affluent,Salaried,24-09-2022
C00423,Karan Joshi,Male,24-09-1971,Bengaluru,Karnataka,BR009,Mass,Student,18-05-2023
C00424,Sneha Nair,Male,08-10-1986,Patna,Bihar,BR015,Mass,Salaried,17-08-2022
C00425,Arjun Das,Male,26-05-1975,Ahmedabad,Gujarat,BR008,Mass,Self-Employed,18-02-2024
C00426,Neha Patil,Female,26-10-1979,Mumbai,Maharashtra,BR001,Mass,Business Owner,06-10-2021
C00427,Simran Gupta,Male,12-11-1970,Ahmedabad,Gujarat,BR008,Mass,Salaried,06-10-2025
C00428,Ananya Kulkarni,Male,07-02-1987,Nashik,Maharashtra,BR004,Mass,Self-Employed,08-12-2025
C00429,Aarav Shaikh,Female,23-04-1968,Kolkata,West Bengal,BR013,Affluent,Business Owner,30-06-2022
C00430,Sneha Verma,Female,10-04-1979,Bengaluru,Karnataka,BR009,Mass,Salaried,25-02-2022
C00431,Aarav Sharma,Male,05-11-2001,Mumbai,Maharashtra,BR001,Mass,Retired,12-09-2023
C00432,Kavya Khan,Male,15-08-1993,Nashik,Maharashtra,BR004,Affluent,Salaried,27-03-2024
C00433,Aditya Singh,Female,14-12-1978,Nagpur,Maharashtra,BR003,Mass,Salaried,21-03-2024
C00434,Aditya Deshmukh,Male,23-07-2002,Patna,Bihar,BR015,Affluent,Retired,18-03-2021
C00435,Neha Deshmukh,Female,20-12-1960,Gurgaon,Haryana,BR006,Mass,Self-Employed,22-07-2024
C00436,Sahil Reddy,Male,24-09-2002,Hyderabad,Telangana,BR011,Mass,Self-Employed,02-05-2021
C00437,Ananya Mehta,Male,20-12-1975,Ahmedabad,Gujarat,BR008,Mass,Salaried,17-09-2022
C00438,Aarav Verma,Male,18-04-1996,Ahmedabad,Gujarat,BR008,Mass,Salaried,01-08-2024
C00439,Aditya Sharma,Female,14-03-2001,Pune,Maharashtra,BR002,Premium,Salaried,08-06-2025
C00440,Rahul Shaikh,Male,27-06-1986,Bhubaneswar,Odisha,BR014,Affluent,Self-Employed,05-03-2024
C00441,Vivaan Verma,Male,26-07-1986,New Delhi,Delhi,BR005,Affluent,Self-Employed,19-10-2021
C00442,Neha Khan,Male,23-10-1992,Ahmedabad,Gujarat,BR008,Mass,Self-Employed,26-05-2024
C00443,Rahul Sharma,Female,21-03-1970,Bengaluru,Karnataka,BR009,Premium,Student,09-03-2021
C00444,Vivaan Khan,Male,16-04-1967,Bengaluru,Karnataka,BR009,Mass,Student,26-02-2022
C00445,Sahil Deshmukh,Female,08-06-1975,Bhubaneswar,Odisha,BR014,Mass,Salaried,14-08-2021
C00446,Isha Deshmukh,Female,24-12-1981,Mumbai,Maharashtra,BR001,Premium,Retired,04-12-2025
C00447,Ananya Das,Male,01-07-1992,Jaipur,Rajasthan,BR007,Mass,Student,04-11-2022
C00448,Rahul Reddy,Female,07-03-1971,Gurgaon,Haryana,BR006,Mass,Retired,17-10-2023
C00449,Simran Singh,Female,11-12-1984,Jaipur,Rajasthan,BR007,Mass,Business Owner,14-12-2024
C00450,Kavya Khan,Male,16-01-1960,Nagpur,Maharashtra,BR003,Mass,Salaried,06-11-2025
C00451,Riya Singh,Male,16-12-1961,Mumbai,Maharashtra,BR001,Affluent,Salaried,23-12-2025
C00452,Rohan Sharma,Male,05-06-2002,New Delhi,Delhi,BR005,Mass,Student,27-10-2021
C00453,Pooja Mehta,Male,03-11-1997,New Delhi,Delhi,BR005,Premium,Self-Employed,21-12-2022
C00454,Vikram Gupta,Male,07-12-1998,Gurgaon,Haryana,BR006,Mass,Student,10-01-2023
C00455,Nisha Mehta,Female,10-02-1974,Ahmedabad,Gujarat,BR008,Mass,Professional,24-12-2024
C00456,Vivaan Verma,Female,01-01-1982,Ahmedabad,Gujarat,BR008,Affluent,Salaried,05-09-2022
C00457,Aditya Kulkarni,Male,19-03-1989,Gurgaon,Haryana,BR006,Affluent,Self-Employed,27-02-2022
C00458,Kavya Iyer,Male,07-10-1971,Gurgaon,Haryana,BR006,Mass,Retired,10-10-2024
C00459,Ananya Reddy,Male,10-08-1992,Nagpur,Maharashtra,BR003,Mass,Salaried,24-06-2023
C00460,Amit Deshmukh,Male,10-06-1990,Ahmedabad,Gujarat,BR008,Affluent,Business Owner,27-09-2024
C00461,Aditya Singh,Male,14-11-1977,New Delhi,Delhi,BR005,Affluent,Retired,25-11-2022
C00462,Priya Sharma,Female,24-07-1979,Nashik,Maharashtra,BR004,Mass,Salaried,08-06-2023
C00463,Neha Kulkarni,Female,05-08-1973,Gurgaon,Haryana,BR006,Mass,Salaried,17-01-2021
C00464,Karan Singh,Male,10-03-1995,Jaipur,Rajasthan,BR007,Affluent,Self-Employed,30-01-2021
C00465,Rahul Verma,Female,19-02-2003,New Delhi,Delhi,BR005,Mass,Student,01-01-2021
C00466,Aditya Verma,Female,02-06-2003,Ahmedabad,Gujarat,BR008,Mass,Self-Employed,16-11-2021
C00467,Kavya Das,Female,23-05-1993,Ahmedabad,Gujarat,BR008,Premium,Salaried,27-09-2022
C00468,Ananya Deshmukh,Male,26-11-1975,Bengaluru,Karnataka,BR009,Mass,Salaried,02-04-2021
C00469,Ananya Joshi,Male,17-12-1994,Bengaluru,Karnataka,BR009,Mass,Salaried,21-10-2021
C00470,Amit Deshmukh,Female,26-12-1970,Bengaluru,Karnataka,BR009,Mass,Salaried,27-03-2025
C00471,Isha Mehta,Male,12-08-1999,New Delhi,Delhi,BR005,Mass,Salaried,10-04-2025
C00472,Priya Joshi,Female,12-12-1971,Hyderabad,Telangana,BR011,Mass,Student,14-06-2022
C00473,Rahul Verma,Male,03-02-1977,Ahmedabad,Gujarat,BR008,Mass,Salaried,25-09-2025
C00474,Vivaan Mehta,Female,01-07-1964,Gurgaon,Haryana,BR006,Mass,Professional,04-08-2021
C00475,Pooja Kulkarni,Female,07-02-1963,Ahmedabad,Gujarat,BR008,Mass,Retired,27-02-2021
C00476,Nisha Sharma,Male,13-07-1977,New Delhi,Delhi,BR005,Affluent,Business Owner,09-10-2022
C00477,Isha Reddy,Male,14-07-1984,Jaipur,Rajasthan,BR007,Mass,Business Owner,29-04-2022
C00478,Amit Verma,Female,06-12-1960,Chennai,Tamil Nadu,BR010,Mass,Salaried,22-05-2021
C00479,Karan Kulkarni,Male,17-06-1997,Kolkata,West Bengal,BR013,Mass,Self-Employed,28-03-2025
C00480,Riya Deshmukh,Female,05-04-1965,Bhubaneswar,Odisha,BR014,Mass,Salaried,23-11-2025
C00481,Neha Deshmukh,Female,09-01-2003,Jaipur,Rajasthan,BR007,Mass,Salaried,09-05-2022
C00482,Vivaan Deshmukh,Male,06-04-1971,Jaipur,Rajasthan,BR007,Mass,Business Owner,30-07-2022
C00483,Aarav Das,Female,19-04-1976,Hyderabad,Telangana,BR011,Mass,Salaried,04-08-2024
C00484,Riya Joshi,Male,14-10-1967,New Delhi,Delhi,BR005,Mass,Salaried,31-08-2025
C00485,Karan Kulkarni,Female,20-01-1996,Kochi,Kerala,BR012,Mass,Business Owner,08-06-2022
C00486,Ananya Kulkarni,Male,02-02-1992,Jaipur,Rajasthan,BR007,Affluent,Self-Employed,31-05-2024
C00487,Neha Shaikh,Male,12-07-1963,Pune,Maharashtra,BR002,Premium,Salaried,12-02-2021
C00488,Vivaan Verma,Male,27-04-1964,Mumbai,Maharashtra,BR001,Affluent,Salaried,31-10-2023
C00489,Neha Mehta,Female,02-02-1986,Kochi,Kerala,BR012,Mass,Salaried,08-12-2025
C00490,Neha Verma,Female,12-08-1998,Mumbai,Maharashtra,BR001,Affluent,Self-Employed,19-05-2023
C00491,Simran Gupta,Female,02-10-1964,New Delhi,Delhi,BR005,Mass,Self-Employed,17-03-2024
C00492,Kavya Gupta,Male,04-06-1969,New Delhi,Delhi,BR005,Mass,Salaried,09-06-2024
C00493,Amit Deshmukh,Male,13-01-1983,Mumbai,Maharashtra,BR001,Premium,Business Owner,29-02-2024
C00494,Rahul Shaikh,Female,05-09-1964,New Delhi,Delhi,BR005,Affluent,Retired,07-06-2024
C00495,Karan Iyer,Female,15-11-1973,Chennai,Tamil Nadu,BR010,Mass,Business Owner,08-06-2025
C00496,Aditya Mehta,Male,25-06-1960,Mumbai,Maharashtra,BR001,Premium,Self-Employed,20-01-2021
C00497,Sneha Kulkarni,Female,06-04-1981,Kochi,Kerala,BR012,Mass,Business Owner,04-06-2025
C00498,Amit Patil,Male,03-10-1991,Kochi,Kerala,BR012,Mass,Student,16-07-2025
C00499,Aarav Joshi,Male,23-11-1978,Gurgaon,Haryana,BR006,Mass,Retired,09-07-2025
C00500,Kavya Sharma,Female,13-12-1971,Mumbai,Maharashtra,BR001,Mass,Salaried,03-11-2022
C00501,Riya Kulkarni,Male,24-08-1978,Ahmedabad,Gujarat,BR008,Premium,Salaried,01-12-2023
C00502,Aarav Gupta,Male,09-02-1982,Nagpur,Maharashtra,BR003,Mass,Salaried,08-10-2022
C00503,Rohan Das,Male,17-06-1967,New Delhi,Delhi,BR005,Mass,Professional,15-03-2025
C00504,Priya Verma,Female,25-09-1964,Patna,Bihar,BR015,Affluent,Salaried,13-01-2023
C00505,Rahul Singh,Male,05-06-1967,Patna,Bihar,BR015,Affluent,Student,26-07-2022
C00506,Aarav Shaikh,Female,22-03-2003,Hyderabad,Telangana,BR011,Premium,Salaried,05-06-2024
C00507,Arjun Deshmukh,Male,18-06-1991,New Delhi,Delhi,BR005,Premium,Business Owner,01-04-2021
C00508,Sneha Joshi,Male,22-07-1965,Bengaluru,Karnataka,BR009,Premium,Salaried,18-11-2022
C00509,Aditya Gupta,Male,05-03-1973,Bengaluru,Karnataka,BR009,Affluent,Self-Employed,12-01-2022
C00510,Kavya Shaikh,Male,12-09-1978,Gurgaon,Haryana,BR006,Mass,Self-Employed,14-11-2022
C00511,Arjun Patil,Male,04-10-1967,Bengaluru,Karnataka,BR009,Premium,Professional,31-03-2023
C00512,Kavya Patil,Male,26-04-1997,Pune,Maharashtra,BR002,Mass,Self-Employed,26-04-2021
C00513,Priya Das,Female,02-11-2001,Nashik,Maharashtra,BR004,Mass,Self-Employed,28-04-2025
C00514,Ananya Mehta,Female,02-10-1970,Jaipur,Rajasthan,BR007,Mass,Professional,31-01-2023
C00515,Rohan Sharma,Female,25-02-1960,Nashik,Maharashtra,BR004,Mass,Retired,18-10-2022
C00516,Arjun Das,Female,09-02-1971,Nashik,Maharashtra,BR004,Mass,Professional,30-09-2021
C00517,Aditya Sharma,Male,17-02-1985,Kochi,Kerala,BR012,Premium,Professional,24-12-2025
C00518,Kavya Mehta,Male,08-01-1995,Patna,Bihar,BR015,Mass,Self-Employed,12-04-2025
C00519,Karan Kulkarni,Male,18-04-1974,Ahmedabad,Gujarat,BR008,Mass,Student,30-05-2023
C00520,Neha Nair,Female,06-06-1972,Kochi,Kerala,BR012,Mass,Self-Employed,03-09-2022
C00521,Sahil Kulkarni,Male,13-06-1970,Patna,Bihar,BR015,Affluent,Retired,04-05-2023
C00522,Riya Mehta,Male,15-05-1960,Nagpur,Maharashtra,BR003,Mass,Professional,21-10-2025
C00523,Rahul Das,Male,10-04-1960,Gurgaon,Haryana,BR006,Mass,Salaried,09-02-2022
C00524,Rohan Sharma,Male,07-10-1978,Gurgaon,Haryana,BR006,Affluent,Salaried,03-06-2024
C00525,Priya Das,Female,04-04-1987,Pune,Maharashtra,BR002,Mass,Professional,08-07-2025
C00526,Vivaan Iyer,Female,20-09-1960,Chennai,Tamil Nadu,BR010,Mass,Business Owner,12-10-2024
C00527,Kavya Nair,Male,05-09-1968,Gurgaon,Haryana,BR006,Mass,Business Owner,08-05-2025
C00528,Amit Shaikh,Female,08-06-2000,Gurgaon,Haryana,BR006,Mass,Retired,27-09-2025
C00529,Neha Khan,Female,10-10-2003,Nashik,Maharashtra,BR004,Affluent,Self-Employed,20-04-2021
C00530,Kavya Deshmukh,Male,13-05-1988,Mumbai,Maharashtra,BR001,Mass,Salaried,13-03-2022
C00531,Sahil Joshi,Male,19-10-1982,Kolkata,West Bengal,BR013,Mass,Self-Employed,21-09-2021
C00532,Pooja Joshi,Female,12-10-1985,Pune,Maharashtra,BR002,Affluent,Salaried,02-11-2023
C00533,Kavya Nair,Male,24-10-1976,New Delhi,Delhi,BR005,Affluent,Self-Employed,14-01-2023
C00534,Simran Deshmukh,Male,19-07-1968,New Delhi,Delhi,BR005,Mass,Student,16-03-2021
C00535,Pooja Verma,Male,23-11-1976,Jaipur,Rajasthan,BR007,Affluent,Salaried,16-10-2023
C00536,Aarav Mehta,Female,20-04-1990,Ahmedabad,Gujarat,BR008,Mass,Student,03-07-2021
C00537,Riya Khan,Female,05-06-1989,Jaipur,Rajasthan,BR007,Mass,Professional,14-01-2023
C00538,Neha Khan,Female,27-05-1989,Pune,Maharashtra,BR002,Affluent,Salaried,01-11-2022
C00539,Amit Khan,Male,22-12-1986,New Delhi,Delhi,BR005,Mass,Student,20-06-2025
C00540,Pooja Iyer,Male,16-12-1962,Kochi,Kerala,BR012,Mass,Professional,31-05-2024
C00541,Isha Kulkarni,Female,05-10-1987,Ahmedabad,Gujarat,BR008,Affluent,Self-Employed,14-02-2024
C00542,Rohan Joshi,Female,05-04-1998,Bengaluru,Karnataka,BR009,Affluent,Salaried,27-02-2025
C00543,Aditya Gupta,Female,17-12-1988,Bengaluru,Karnataka,BR009,Premium,Salaried,26-11-2021
C00544,Neha Kulkarni,Female,12-12-1985,Chennai,Tamil Nadu,BR010,Affluent,Business Owner,14-04-2022
C00545,Vivaan Iyer,Male,19-05-1969,Nagpur,Maharashtra,BR003,Mass,Salaried,05-10-2024
C00546,Sahil Nair,Female,11-07-1994,New Delhi,Delhi,BR005,Affluent,Salaried,29-09-2024
C00547,Neha Singh,Female,14-04-1979,Jaipur,Rajasthan,BR007,Mass,Not Available,09-02-2021
C00548,Sneha Iyer,Female,06-01-1971,New Delhi,Delhi,BR005,Affluent,Professional,14-02-2022
C00549,Arjun Joshi,Female,05-01-1981,Kochi,Kerala,BR012,Mass,Professional,19-02-2022
C00550,Aarav Joshi,Male,03-03-1965,Jaipur,Rajasthan,BR007,Mass,Retired,12-01-2021
C00551,Kavya Iyer,Female,23-01-2000,Chennai,Tamil Nadu,BR010,Mass,Salaried,22-04-2024
C00552,Rahul Gupta,Male,15-03-1990,Kochi,Kerala,BR012,Affluent,Salaried,10-04-2021
C00553,Priya Gupta,Male,26-02-1974,Jaipur,Rajasthan,BR007,Mass,Business Owner,17-03-2025
C00554,Arjun Verma,Female,21-03-1994,Kolkata,West Bengal,BR013,Mass,Self-Employed,06-12-2023
C00555,Amit Joshi,Female,21-08-1962,Ahmedabad,Gujarat,BR008,Affluent,Salaried,22-10-2024
C00556,Simran Singh,Female,14-08-1976,Kochi,Kerala,BR012,Affluent,Professional,27-06-2023
C00557,Karan Deshmukh,Male,23-10-1988,New Delhi,Delhi,BR005,Mass,Salaried,07-11-2025
C00558,Isha Mehta,Male,26-05-1961,Jaipur,Rajasthan,BR007,Mass,Self-Employed,09-05-2022
C00559,Sahil Shaikh,Male,20-12-1991,Jaipur,Rajasthan,BR007,Premium,Self-Employed,16-10-2023
C00560,Riya Nair,Female,03-12-1996,Nagpur,Maharashtra,BR003,Mass,Business Owner,12-01-2021
C00561,Arjun Gupta,Female,18-07-1986,Gurgaon,Haryana,BR006,Mass,Salaried,01-03-2025
C00562,Rahul Nair,Female,04-12-1969,Kolkata,West Bengal,BR013,Premium,Salaried,04-11-2023
C00563,Vivaan Shaikh,Male,03-10-1992,Ahmedabad,Gujarat,BR008,Mass,Student,18-11-2021
C00564,Vikram Singh,Male,19-05-1974,Nashik,Maharashtra,BR004,Mass,Retired,01-02-2025
C00565,Rohan Singh,Female,23-04-1992,New Delhi,Delhi,BR005,Mass,Self-Employed,12-12-2025
C00566,Pooja Iyer,Male,05-12-1987,Nashik,Maharashtra,BR004,Mass,Salaried,06-05-2021
C00567,Vivaan Khan,Female,03-04-1964,Pune,Maharashtra,BR002,Mass,Business Owner,25-03-2025
C00568,Vivaan Nair,Female,24-09-1964,Bhubaneswar,Odisha,BR014,Affluent,Salaried,06-09-2024
C00569,Sneha Joshi,Male,04-08-1960,Gurgaon,Haryana,BR006,Mass,Salaried,10-10-2022
C00570,Isha Singh,Male,01-03-1963,New Delhi,Delhi,BR005,Affluent,Salaried,04-03-2024
C00571,Rohan Joshi,Female,20-06-1973,Ahmedabad,Gujarat,BR008,Affluent,Salaried,05-12-2024
C00572,Pooja Sharma,Female,23-02-1961,Nashik,Maharashtra,BR004,Affluent,Salaried,26-05-2023
C00573,Ananya Joshi,Female,14-04-2001,New Delhi,Delhi,BR005,Mass,Salaried,01-05-2024
C00574,Vivaan Shaikh,Female,15-09-2000,Bengaluru,Karnataka,BR009,Affluent,Professional,30-03-2021
C00575,Amit Gupta,Male,10-06-1967,Ahmedabad,Gujarat,BR008,Mass,Self-Employed,17-08-2025
C00576,Rahul Deshmukh,Female,07-06-1973,Patna,Bihar,BR015,Affluent,Self-Employed,14-08-2025
C00577,Amit Joshi,Female,21-04-1992,Ahmedabad,Gujarat,BR008,Mass,Salaried,19-01-2022
C00578,Isha Patil,Male,23-11-1989,Jaipur,Rajasthan,BR007,Affluent,Student,22-05-2023
C00579,Karan Patil,Female,09-04-1985,Chennai,Tamil Nadu,BR010,Mass,Salaried,12-03-2022
C00580,Simran Khan,Male,08-01-2003,Kolkata,West Bengal,BR013,Affluent,Salaried,31-12-2022
C00581,Kavya Khan,Male,08-08-1987,Chennai,Tamil Nadu,BR010,Mass,Business Owner,18-05-2022
C00582,Vikram Deshmukh,Male,02-09-1989,Patna,Bihar,BR015,Mass,Business Owner,23-04-2025
C00583,Kavya Khan,Female,08-05-1982,Hyderabad,Telangana,BR011,Mass,Professional,22-06-2024
C00584,Rohan Nair,Male,01-06-1983,Kochi,Kerala,BR012,Mass,Self-Employed,25-03-2025
C00585,Vikram Shaikh,Male,22-06-1972,Mumbai,Maharashtra,BR001,Affluent,Salaried,18-12-2024
C00586,Pooja Patil,Female,07-11-1982,Chennai,Tamil Nadu,BR010,Affluent,Salaried,20-08-2024
C00587,Riya Nair,Male,19-06-2000,Gurgaon,Haryana,BR006,Affluent,Self-Employed,01-11-2021
C00588,Riya Verma,Female,15-06-1976,Ahmedabad,Gujarat,BR008,Affluent,Salaried,23-02-2025
C00589,Aditya Mehta,Female,23-05-1965,Bengaluru,Karnataka,BR009,Affluent,Salaried,30-11-2024
C00590,Vikram Das,Male,26-08-1986,Patna,Bihar,BR015,Premium,Salaried,16-08-2021
C00591,Ananya Das,Male,10-10-1994,Patna,Bihar,BR015,Mass,Retired,10-06-2021
C00592,Isha Kulkarni,Female,03-04-2002,New Delhi,Delhi,BR005,Mass,Salaried,21-10-2024
C00593,Aditya Patil,Male,21-08-1983,Chennai,Tamil Nadu,BR010,Affluent,Salaried,14-12-2022
C00594,Aarav Singh,Male,01-05-1994,Chennai,Tamil Nadu,BR010,Mass,Retired,22-08-2022
C00595,Rohan Das,Female,07-10-1971,New Delhi,Delhi,BR005,Mass,Professional,26-12-2022
C00596,Aditya Das,Female,02-07-1978,Nashik,Maharashtra,BR004,Mass,Self-Employed,04-05-2025
C00597,Sneha Patil,Female,25-01-1978,Mumbai,Maharashtra,BR001,Mass,Business Owner,27-10-2022
C00598,Vivaan Gupta,Male,01-09-1974,Hyderabad,Telangana,BR011,Mass,Salaried,08-11-2022
C00599,Vikram Verma,Female,14-02-1991,Jaipur,Rajasthan,BR007,Affluent,Professional,31-12-2022
C00600,Neha Patil,Female,12-09-1998,Patna,Bihar,BR015,Mass,Salaried,10-04-2021
C00601,Aditya Kulkarni,Female,18-11-1974,Gurgaon,Haryana,BR006,Affluent,Retired,10-03-2021
C00602,Nisha Verma,Female,08-08-1965,Patna,Bihar,BR015,Mass,Salaried,27-01-2023
C00603,Simran Gupta,Female,24-09-1996,Gurgaon,Haryana,BR006,Affluent,Business Owner,31-01-2021
C00604,Vikram Patil,Male,20-01-1997,Hyderabad,Telangana,BR011,Affluent,Self-Employed,13-10-2024
C00605,Amit Joshi,Male,12-11-2001,Nashik,Maharashtra,BR004,Mass,Salaried,14-02-2023
C00606,Sneha Khan,Male,10-10-1971,Ahmedabad,Gujarat,BR008,Mass,Salaried,04-07-2023
C00607,Arjun Mehta,Male,23-03-1991,Hyderabad,Telangana,BR011,Mass,Professional,06-09-2022
C00608,Vivaan Khan,Male,21-04-1991,Bhubaneswar,Odisha,BR014,Premium,Salaried,26-10-2024
C00609,Ananya Das,Male,11-04-1994,Kochi,Kerala,BR012,Mass,Retired,20-02-2023
C00610,Priya Khan,Female,10-09-1995,Pune,Maharashtra,BR002,Mass,Not Available,06-03-2021
C00611,Nisha Joshi,Male,02-10-2001,Gurgaon,Haryana,BR006,Mass,Business Owner,11-06-2023
C00612,Pooja Khan,Male,03-01-1980,Nashik,Maharashtra,BR004,Mass,Business Owner,20-11-2021
C00613,Priya Patil,Male,02-04-1963,Mumbai,Maharashtra,BR001,Mass,Self-Employed,23-12-2023
C00614,Ananya Shaikh,Male,01-05-1968,Bengaluru,Karnataka,BR009,Affluent,Business Owner,27-10-2023
C00615,Simran Sharma,Female,05-10-1999,Chennai,Tamil Nadu,BR010,Mass,Professional,17-05-2023
C00616,Sneha Khan,Male,24-12-1997,Hyderabad,Telangana,BR011,Affluent,Business Owner,05-12-2022
C00617,Sneha Joshi,Male,22-09-1960,Kochi,Kerala,BR012,Mass,Self-Employed,25-12-2023
C00618,Nisha Deshmukh,Female,23-10-1976,Chennai,Tamil Nadu,BR010,Mass,Business Owner,27-05-2024
C00619,Karan Patil,Male,17-07-1970,Hyderabad,Telangana,BR011,Affluent,Self-Employed,24-05-2025
C00620,Priya Mehta,Male,17-06-1974,Pune,Maharashtra,BR002,Affluent,Salaried,24-10-2025
C00621,Vivaan Singh,Female,04-05-1988,New Delhi,Delhi,BR005,Affluent,Salaried,01-06-2021
C00622,Rohan Shaikh,Male,19-12-1982,Ahmedabad,Gujarat,BR008,Mass,Business Owner,19-04-2024
C00623,Aarav Gupta,Female,08-09-1981,Kochi,Kerala,BR012,Mass,Not Available,04-06-2021
C00624,Rohan Patil,Female,15-10-1979,Nashik,Maharashtra,BR004,Affluent,Salaried,02-02-2023
C00625,Amit Shaikh,Female,26-01-1988,Jaipur,Rajasthan,BR007,Mass,Self-Employed,15-09-2024
C00626,Aditya Joshi,Male,24-12-1990,Bengaluru,Karnataka,BR009,Affluent,Salaried,18-09-2023
C00627,Vivaan Das,Female,07-06-1961,Mumbai,Maharashtra,BR001,Mass,Self-Employed,15-01-2025
C00628,Sahil Das,Female,20-01-1966,Gurgaon,Haryana,BR006,Mass,Professional,25-07-2025
C00629,Riya Das,Male,03-11-1975,Kolkata,West Bengal,BR013,Affluent,Professional,14-11-2025
C00630,Neha Mehta,Female,01-09-1979,Bengaluru,Karnataka,BR009,Affluent,Professional,13-05-2024
C00631,Pooja Patil,Male,01-10-2003,New Delhi,Delhi,BR005,Affluent,Professional,14-05-2024
C00632,Kavya Verma,Female,05-12-1999,Kochi,Kerala,BR012,Affluent,Salaried,06-01-2025
C00633,Aarav Shaikh,Female,19-05-1988,New Delhi,Delhi,BR005,Mass,Self-Employed,02-03-2022
C00634,Rohan Sharma,Male,10-11-1961,Kochi,Kerala,BR012,Affluent,Salaried,05-07-2022
C00635,Sneha Patil,Male,01-12-1964,New Delhi,Delhi,BR005,Premium,Retired,16-09-2022
C00636,Kavya Mehta,Female,27-06-1980,Ahmedabad,Gujarat,BR008,Mass,Professional,21-09-2024
C00637,Pooja Gupta,Male,15-04-1985,Gurgaon,Haryana,BR006,Mass,Salaried,04-10-2022
C00638,Aditya Khan,Male,11-06-1989,New Delhi,Delhi,BR005,Premium,Salaried,12-09-2021
C00639,Ananya Kulkarni,Male,15-10-1966,Kolkata,West Bengal,BR013,Mass,Self-Employed,29-12-2024
C00640,Rahul Gupta,Female,15-09-1999,Pune,Maharashtra,BR002,Premium,Retired,01-10-2024
C00641,Simran Iyer,Male,13-12-1981,Mumbai,Maharashtra,BR001,Mass,Salaried,21-12-2023
C00642,Amit Shaikh,Female,17-10-1986,New Delhi,Delhi,BR005,Affluent,Self-Employed,29-05-2025
C00643,Vikram Singh,Female,24-10-1961,Chennai,Tamil Nadu,BR010,Affluent,Salaried,16-12-2024
C00644,Priya Khan,Male,09-03-1996,Hyderabad,Telangana,BR011,Affluent,Business Owner,02-07-2025
C00645,Vivaan Joshi,Female,14-04-1983,Patna,Bihar,BR015,Affluent,Business Owner,20-04-2022
C00646,Isha Khan,Male,01-06-1969,New Delhi,Delhi,BR005,Mass,Salaried,01-08-2021
C00647,Amit Khan,Female,24-11-1974,Gurgaon,Haryana,BR006,Affluent,Professional,16-09-2022
C00648,Rohan Deshmukh,Female,09-08-1975,Pune,Maharashtra,BR002,Premium,Salaried,24-02-2025
C00649,Rahul Shaikh,Male,08-10-1961,Ahmedabad,Gujarat,BR008,Premium,Professional,16-08-2025
C00650,Nisha Khan,Male,27-04-2001,Patna,Bihar,BR015,Premium,Salaried,20-07-2021
C00651,Arjun Nair,Male,16-12-1995,Bengaluru,Karnataka,BR009,Affluent,Business Owner,12-04-2025
C00652,Priya Sharma,Female,04-03-1998,Ahmedabad,Gujarat,BR008,Affluent,Salaried,24-05-2023
C00653,Amit Singh,Male,08-12-1975,Gurgaon,Haryana,BR006,Mass,Business Owner,02-02-2025
C00654,Rahul Singh,Female,10-09-1984,Kolkata,West Bengal,BR013,Mass,Salaried,31-05-2024
C00655,Ananya Shaikh,Female,27-06-1980,Jaipur,Rajasthan,BR007,Mass,Self-Employed,20-04-2021
C00656,Kavya Mehta,Male,12-08-1980,Pune,Maharashtra,BR002,Mass,Salaried,04-06-2023
C00657,Nisha Patil,Male,07-05-1985,New Delhi,Delhi,BR005,Mass,Salaried,12-06-2021
C00658,Vikram Kulkarni,Male,16-07-1979,Nagpur,Maharashtra,BR003,Mass,Professional,13-09-2022
C00659,Riya Shaikh,Female,11-02-1994,Pune,Maharashtra,BR002,Mass,Self-Employed,15-10-2024
C00660,Nisha Khan,Male,02-08-1962,Mumbai,Maharashtra,BR001,Mass,Self-Employed,02-06-2024
C00661,Amit Verma,Female,24-12-1968,Gurgaon,Haryana,BR006,Mass,Business Owner,10-07-2024
C00662,Amit Nair,Male,01-08-1999,Ahmedabad,Gujarat,BR008,Affluent,Self-Employed,21-04-2024
C00663,Pooja Reddy,Male,25-07-1998,New Delhi,Delhi,BR005,Premium,Student,27-01-2021
C00664,Rahul Das,Female,22-01-1995,Gurgaon,Haryana,BR006,Affluent,Self-Employed,01-12-2023
C00665,Amit Deshmukh,Female,03-11-1976,Patna,Bihar,BR015,Premium,Retired,05-06-2023
C00666,Sneha Deshmukh,Female,20-03-1980,Chennai,Tamil Nadu,BR010,Affluent,Student,23-08-2023
C00667,Ananya Joshi,Female,21-11-1961,Ahmedabad,Gujarat,BR008,Mass,Self-Employed,24-01-2022
C00668,Ananya Nair,Male,17-07-1972,New Delhi,Delhi,BR005,Mass,Salaried,12-07-2024
C00669,Karan Joshi,Female,16-07-1991,Kolkata,West Bengal,BR013,Mass,Business Owner,15-01-2024
C00670,Arjun Gupta,Male,02-10-1975,New Delhi,Delhi,BR005,Mass,Professional,06-01-2023
C00671,Isha Deshmukh,Male,02-03-1981,New Delhi,Delhi,BR005,Mass,Salaried,14-04-2021
C00672,Rohan Singh,Female,20-10-1965,Kolkata,West Bengal,BR013,Mass,Salaried,06-05-2021
C00673,Kavya Patil,Female,03-01-1981,Jaipur,Rajasthan,BR007,Premium,Salaried,18-10-2022
C00674,Vivaan Gupta,Male,07-04-1991,Chennai,Tamil Nadu,BR010,Mass,Professional,09-09-2023
C00675,Sneha Verma,Male,14-07-1985,Ahmedabad,Gujarat,BR008,Mass,Business Owner,26-12-2025
C00676,Kavya Iyer,Female,05-05-1984,Bengaluru,Karnataka,BR009,Premium,Salaried,14-08-2024
C00677,Neha Gupta,Male,22-08-2000,New Delhi,Delhi,BR005,Premium,Self-Employed,06-06-2023
C00678,Aarav Iyer,Male,22-08-1970,New Delhi,Delhi,BR005,Affluent,Professional,01-07-2022
C00679,Riya Mehta,Male,23-11-1973,New Delhi,Delhi,BR005,Affluent,Retired,04-11-2021
C00680,Neha Reddy,Male,02-08-1987,Mumbai,Maharashtra,BR001,Premium,Salaried,15-09-2021
C00681,Sneha Khan,Male,12-05-1981,Kochi,Kerala,BR012,Mass,Salaried,12-05-2021
C00682,Sneha Nair,Female,23-09-2003,New Delhi,Delhi,BR005,Affluent,Salaried,24-07-2025
C00683,Isha Joshi,Male,10-08-1962,Ahmedabad,Gujarat,BR008,Mass,Business Owner,29-01-2021
C00684,Neha Shaikh,Male,19-10-1965,Hyderabad,Telangana,BR011,Mass,Salaried,27-04-2025
C00685,Sneha Shaikh,Female,16-10-1975,Hyderabad,Telangana,BR011,Mass,Salaried,02-12-2023
C00686,Vikram Shaikh,Male,10-08-1980,Gurgaon,Haryana,BR006,Mass,Professional,04-02-2024
C00687,Vikram Gupta,Female,08-05-1999,Jaipur,Rajasthan,BR007,Mass,Self-Employed,17-10-2025
C00688,Vivaan Kulkarni,Female,18-04-1981,Patna,Bihar,BR015,Mass,Salaried,07-12-2024
C00689,Amit Das,Female,04-05-1979,Bengaluru,Karnataka,BR009,Mass,Self-Employed,26-09-2021
C00690,Arjun Kulkarni,Female,24-01-1967,Hyderabad,Telangana,BR011,Mass,Salaried,05-11-2025
C00691,Arjun Singh,Female,16-06-1979,Kolkata,West Bengal,BR013,Mass,Salaried,18-11-2021
C00692,Sahil Mehta,Female,04-11-1983,Hyderabad,Telangana,BR011,Affluent,Self-Employed,06-11-2023
C00693,Sneha Iyer,Female,19-12-1985,Nashik,Maharashtra,BR004,Mass,Salaried,15-03-2024
C00694,Vikram Iyer,Male,12-08-1986,Ahmedabad,Gujarat,BR008,Affluent,Salaried,22-03-2022
C00695,Arjun Verma,Female,06-09-1978,Nashik,Maharashtra,BR004,Mass,Student,25-02-2024
C00696,Vikram Das,Female,26-04-1966,Bengaluru,Karnataka,BR009,Affluent,Student,12-03-2024
C00697,Aditya Gupta,Male,20-04-1966,Patna,Bihar,BR015,Mass,Salaried,25-11-2025
C00698,Amit Iyer,Female,17-12-1966,Jaipur,Rajasthan,BR007,Mass,Business Owner,29-07-2025
C00699,Sahil Das,Male,23-04-1987,Gurgaon,Haryana,BR006,Mass,Salaried,31-12-2022
C00700,Pooja Kulkarni,Male,15-10-1997,Mumbai,Maharashtra,BR001,Premium,Professional,14-06-2024
C00701,Isha Khan,Female,12-02-1998,Patna,Bihar,BR015,Premium,Student,08-02-2025
C00702,Amit Singh,Male,06-06-1973,Mumbai,Maharashtra,BR001,Affluent,Business Owner,17-02-2021
C00703,Rohan Patil,Male,05-05-1963,Mumbai,Maharashtra,BR001,Affluent,Business Owner,04-06-2024
C00704,Aditya Reddy,Male,12-09-1987,New Delhi,Delhi,BR005,Mass,Salaried,02-08-2025
C00705,Sneha Verma,Female,13-09-1961,Nashik,Maharashtra,BR004,Affluent,Salaried,08-08-2021
C00706,Pooja Kulkarni,Male,20-09-1987,Gurgaon,Haryana,BR006,Mass,Self-Employed,08-10-2024
C00707,Kavya Nair,Female,12-02-1976,Jaipur,Rajasthan,BR007,Mass,Salaried,21-04-2021
C00708,Riya Khan,Female,17-09-1996,New Delhi,Delhi,BR005,Premium,Business Owner,04-01-2023
C00709,Isha Gupta,Female,23-03-1987,Nagpur,Maharashtra,BR003,Premium,Self-Employed,05-02-2025
C00710,Amit Deshmukh,Female,27-03-1992,Nashik,Maharashtra,BR004,Mass,Salaried,09-12-2025
C00711,Ananya Mehta,Female,09-09-1977,Gurgaon,Haryana,BR006,Mass,Business Owner,21-08-2024
C00712,Nisha Khan,Male,25-03-1996,Pune,Maharashtra,BR002,Mass,Professional,10-08-2024
C00713,Vivaan Sharma,Female,22-07-1983,Bengaluru,Karnataka,BR009,Mass,Business Owner,19-04-2022
C00714,Kavya Mehta,Male,02-10-1987,Nagpur,Maharashtra,BR003,Mass,Self-Employed,16-02-2025
C00715,Amit Deshmukh,Male,10-09-1975,New Delhi,Delhi,BR005,Affluent,Student,18-04-2024
C00716,Amit Singh,Male,06-11-1979,Gurgaon,Haryana,BR006,Mass,Salaried,19-09-2025
C00717,Vivaan Khan,Female,18-01-1996,Gurgaon,Haryana,BR006,Mass,Business Owner,06-01-2024
C00718,Simran Mehta,Male,15-07-1977,Mumbai,Maharashtra,BR001,Mass,Self-Employed,14-03-2021
C00719,Arjun Gupta,Female,14-04-1960,Nagpur,Maharashtra,BR003,Affluent,Salaried,23-07-2023
C00720,Vikram Verma,Male,21-12-1976,Kochi,Kerala,BR012,Mass,Retired,15-11-2024
C00721,Rahul Kulkarni,Male,09-12-1977,Nagpur,Maharashtra,BR003,Mass,Self-Employed,09-12-2024
C00722,Aditya Verma,Male,11-11-1978,Jaipur,Rajasthan,BR007,Affluent,Salaried,07-12-2022
C00723,Sahil Singh,Female,24-12-1963,Jaipur,Rajasthan,BR007,Affluent,Salaried,09-11-2021
C00724,Riya Nair,Male,27-02-1965,New Delhi,Delhi,BR005,Mass,Retired,06-05-2025
C00725,Rahul Singh,Male,21-08-1974,Gurgaon,Haryana,BR006,Affluent,Student,12-02-2025
C00726,Aarav Deshmukh,Male,06-07-1978,Hyderabad,Telangana,BR011,Mass,Salaried,24-05-2025
C00727,Arjun Patil,Male,04-12-1961,Kochi,Kerala,BR012,Affluent,Self-Employed,09-05-2024
C00728,Sneha Khan,Female,06-10-1977,New Delhi,Delhi,BR005,Mass,Salaried,22-02-2025
C00729,Sahil Patil,Male,12-10-1974,New Delhi,Delhi,BR005,Premium,Business Owner,06-01-2023
C00730,Pooja Reddy,Male,07-03-1961,New Delhi,Delhi,BR005,Premium,Self-Employed,23-11-2024
C00731,Priya Iyer,Female,25-04-1971,Jaipur,Rajasthan,BR007,Affluent,Salaried,11-06-2023
C00732,Amit Khan,Male,19-10-1972,Bengaluru,Karnataka,BR009,Premium,Self-Employed,21-12-2024
C00733,Arjun Shaikh,Male,12-08-1966,New Delhi,Delhi,BR005,Mass,Student,25-09-2021
C00734,Rohan Verma,Female,08-11-1993,New Delhi,Delhi,BR005,Affluent,Salaried,26-06-2022
C00735,Rohan Singh,Female,11-12-1963,Bhubaneswar,Odisha,BR014,Mass,Salaried,27-01-2022
C00736,Aditya Deshmukh,Female,13-05-1985,Pune,Maharashtra,BR002,Mass,Retired,13-01-2023
C00737,Vikram Kulkarni,Male,20-09-1989,Gurgaon,Haryana,BR006,Mass,Salaried,27-01-2025
C00738,Neha Nair,Male,03-10-1995,Chennai,Tamil Nadu,BR010,Affluent,Self-Employed,30-07-2021
C00739,Amit Verma,Male,23-02-1984,Nagpur,Maharashtra,BR003,Affluent,Self-Employed,26-08-2024
C00740,Priya Deshmukh,Male,04-12-1983,Nagpur,Maharashtra,BR003,Affluent,Salaried,25-02-2025
C00741,Amit Singh,Male,08-11-1993,Pune,Maharashtra,BR002,Mass,Salaried,10-05-2024
C00742,Sahil Verma,Female,27-12-1997,Kolkata,West Bengal,BR013,Premium,Salaried,25-03-2024
C00743,Vikram Nair,Female,06-08-1969,Mumbai,Maharashtra,BR001,Affluent,Salaried,10-09-2021
C00744,Sneha Patil,Male,03-10-1995,Mumbai,Maharashtra,BR001,Affluent,Self-Employed,24-01-2024
C00745,Nisha Kulkarni,Male,18-05-1980,Nashik,Maharashtra,BR004,Mass,Student,18-02-2022
C00746,Vivaan Kulkarni,Female,11-01-1964,Pune,Maharashtra,BR002,Mass,Salaried,26-03-2022
C00747,Priya Nair,Male,03-10-1986,Ahmedabad,Gujarat,BR008,Affluent,Business Owner,23-04-2025
C00748,Sahil Joshi,Male,01-05-2002,New Delhi,Delhi,BR005,Premium,Self-Employed,29-01-2024
C00749,Vikram Verma,Male,03-08-1966,Ahmedabad,Gujarat,BR008,Mass,Salaried,20-12-2025
C00750,Ananya Iyer,Female,15-04-1960,Ahmedabad,Gujarat,BR008,Mass,Self-Employed,11-04-2023
C00751,Riya Reddy,Female,07-03-2000,Kochi,Kerala,BR012,Mass,Salaried,16-10-2022
C00752,Ananya Joshi,Male,21-11-1986,Pune,Maharashtra,BR002,Mass,Business Owner,23-12-2025
C00753,Vikram Reddy,Male,24-01-1969,Kochi,Kerala,BR012,Affluent,Salaried,11-02-2024
C00754,Vikram Verma,Female,04-06-1994,Ahmedabad,Gujarat,BR008,Mass,Business Owner,25-04-2025
C00755,Riya Singh,Female,10-11-1977,Nagpur,Maharashtra,BR003,Mass,Student,23-03-2021
C00756,Karan Iyer,Female,04-04-1974,Hyderabad,Telangana,BR011,Affluent,Salaried,19-08-2023
C00757,Nisha Verma,Male,08-11-1972,Kochi,Kerala,BR012,Mass,Retired,31-01-2025
C00758,Neha Joshi,Female,07-08-1986,New Delhi,Delhi,BR005,Mass,Salaried,16-01-2025
C00759,Pooja Das,Female,22-11-1965,Kolkata,West Bengal,BR013,Mass,Salaried,29-07-2024
C00760,Neha Reddy,Female,10-07-1975,Gurgaon,Haryana,BR006,Mass,Salaried,28-10-2021
C00761,Priya Nair,Male,14-08-1973,Ahmedabad,Gujarat,BR008,Premium,Professional,26-09-2023
C00762,Amit Gupta,Female,19-12-1962,Patna,Bihar,BR015,Affluent,Business Owner,05-07-2021
C00763,Amit Das,Male,23-01-1993,New Delhi,Delhi,BR005,Premium,Retired,04-01-2025
C00764,Ananya Khan,Male,09-03-1960,Hyderabad,Telangana,BR011,Mass,Business Owner,26-02-2024
C00765,Aarav Joshi,Male,06-06-2002,New Delhi,Delhi,BR005,Affluent,Self-Employed,20-12-2021
C00766,Kavya Joshi,Female,27-12-1964,Hyderabad,Telangana,BR011,Mass,Student,20-08-2024
C00767,Priya Reddy,Male,09-02-1975,Ahmedabad,Gujarat,BR008,Affluent,Retired,06-08-2024
C00768,Neha Nair,Female,19-05-1964,Pune,Maharashtra,BR002,Mass,Professional,07-04-2021
C00769,Ananya Kulkarni,Male,19-08-1976,Gurgaon,Haryana,BR006,Mass,Self-Employed,12-06-2021
C00770,Isha Deshmukh,Male,14-01-1986,New Delhi,Delhi,BR005,Mass,Professional,02-01-2022
C00771,Vivaan Mehta,Male,07-03-1963,Pune,Maharashtra,BR002,Affluent,Salaried,09-05-2021
C00772,Aditya Joshi,Female,04-10-1983,Nagpur,Maharashtra,BR003,Affluent,Student,09-09-2023
C00773,Aditya Joshi,Male,14-01-1993,New Delhi,Delhi,BR005,Mass,Retired,26-05-2025
C00774,Vikram Sharma,Male,14-09-1980,Nagpur,Maharashtra,BR003,Affluent,Business Owner,25-04-2021
C00775,Aditya Joshi,Male,21-02-1964,Nagpur,Maharashtra,BR003,Affluent,Salaried,28-01-2024
C00776,Vivaan Iyer,Male,20-05-1990,Chennai,Tamil Nadu,BR010,Mass,Salaried,14-02-2023
C00777,Isha Kulkarni,Male,25-03-1968,Bengaluru,Karnataka,BR009,Mass,Retired,08-03-2025
C00778,Arjun Reddy,Male,27-04-1960,Chennai,Tamil Nadu,BR010,Affluent,Student,31-05-2023
C00779,Ananya Gupta,Male,20-05-1979,New Delhi,Delhi,BR005,Affluent,Professional,06-05-2024
C00780,Aarav Joshi,Female,03-07-1971,Kolkata,West Bengal,BR013,Affluent,Retired,11-08-2025
C00781,Isha Sharma,Male,11-02-1961,Ahmedabad,Gujarat,BR008,Affluent,Self-Employed,06-09-2021
C00782,Vivaan Gupta,Male,17-03-1994,Mumbai,Maharashtra,BR001,Affluent,Student,31-07-2022
C00783,Neha Joshi,Male,16-02-1986,Pune,Maharashtra,BR002,Mass,Salaried,08-05-2022
C00784,Amit Shaikh,Male,05-03-2000,Bengaluru,Karnataka,BR009,Premium,Salaried,04-11-2021
C00785,Vivaan Sharma,Female,16-05-1981,Pune,Maharashtra,BR002,Mass,Self-Employed,29-03-2024
C00786,Vivaan Kulkarni,Male,10-05-1979,Jaipur,Rajasthan,BR007,Affluent,Salaried,14-01-2021
C00787,Isha Mehta,Male,10-05-1997,Patna,Bihar,BR015,Affluent,Self-Employed,06-12-2022
C00788,Vivaan Mehta,Female,23-05-1963,Nagpur,Maharashtra,BR003,Affluent,Professional,11-08-2021
C00789,Nisha Shaikh,Male,12-07-1975,Mumbai,Maharashtra,BR001,Mass,Salaried,29-01-2024
C00790,Sahil Singh,Female,15-09-1995,Patna,Bihar,BR015,Mass,Professional,03-10-2024
C00791,Vikram Mehta,Female,16-12-1972,Ahmedabad,Gujarat,BR008,Mass,Salaried,03-05-2023
C00792,Sahil Joshi,Male,16-03-1998,Mumbai,Maharashtra,BR001,Mass,Student,24-03-2023
C00793,Pooja Singh,Male,06-10-1972,Kolkata,West Bengal,BR013,Mass,Salaried,02-04-2023
C00794,Vivaan Sharma,Male,17-03-1978,Kolkata,West Bengal,BR013,Mass,Professional,29-12-2021
C00795,Amit Nair,Male,10-11-1999,Jaipur,Rajasthan,BR007,Premium,Business Owner,17-11-2022
C00796,Aarav Patil,Male,18-07-1970,Ahmedabad,Gujarat,BR008,Mass,Self-Employed,31-08-2025
C00797,Sneha Mehta,Female,04-08-2002,New Delhi,Delhi,BR005,Mass,Salaried,17-03-2021
C00798,Rohan Shaikh,Male,27-05-1961,Nashik,Maharashtra,BR004,Mass,Salaried,09-12-2024
C00799,Sneha Joshi,Male,21-11-1971,Ahmedabad,Gujarat,BR008,Affluent,Salaried,28-10-2021
C00800,Ananya Verma,Male,12-01-1986,New Delhi,Delhi,BR005,Mass,Salaried,28-07-2021
C00801,Neha Iyer,Female,09-01-1986,Bengaluru,Karnataka,BR009,Affluent,Salaried,06-06-2022
C00802,Vikram Gupta,Female,11-11-2000,Kochi,Kerala,BR012,Mass,Professional,07-05-2022
C00803,Arjun Deshmukh,Male,20-03-2002,Nagpur,Maharashtra,BR003,Mass,Salaried,01-08-2022
C00804,Aarav Shaikh,Female,18-10-1989,Ahmedabad,Gujarat,BR008,Mass,Salaried,01-04-2025
C00805,Pooja Sharma,Male,19-10-1989,New Delhi,Delhi,BR005,Mass,Salaried,10-07-2025
C00806,Nisha Mehta,Female,25-08-1973,Kochi,Kerala,BR012,Affluent,Self-Employed,18-06-2024
C00807,Karan Singh,Female,13-04-1995,New Delhi,Delhi,BR005,Mass,Self-Employed,24-09-2021
C00808,Ananya Mehta,Female,19-07-1988,Ahmedabad,Gujarat,BR008,Mass,Business Owner,23-09-2025
C00809,Riya Das,Male,12-06-1961,Ahmedabad,Gujarat,BR008,Mass,Business Owner,28-03-2025
C00810,Rohan Kulkarni,Male,18-02-1996,Gurgaon,Haryana,BR006,Mass,Self-Employed,20-05-2021
C00811,Vikram Das,Female,13-02-1975,Bengaluru,Karnataka,BR009,Mass,Self-Employed,09-12-2022
C00812,Rahul Verma,Male,21-05-1980,Chennai,Tamil Nadu,BR010,Mass,Salaried,16-11-2024
C00813,Pooja Reddy,Male,01-06-1981,Ahmedabad,Gujarat,BR008,Premium,Business Owner,12-06-2021
C00814,Aditya Singh,Female,06-07-1996,Chennai,Tamil Nadu,BR010,Mass,Salaried,20-05-2021
C00815,Vikram Deshmukh,Female,09-05-1971,Patna,Bihar,BR015,Mass,Student,12-01-2024
C00816,Priya Das,Female,26-02-1977,Gurgaon,Haryana,BR006,Affluent,Business Owner,07-09-2022
C00817,Simran Deshmukh,Female,14-04-1961,Jaipur,Rajasthan,BR007,Mass,Business Owner,18-03-2023
C00818,Sneha Nair,Female,10-10-1975,Nashik,Maharashtra,BR004,Affluent,Self-Employed,02-10-2024
C00819,Arjun Kulkarni,Male,11-12-1963,Hyderabad,Telangana,BR011,Affluent,Retired,22-09-2023
C00820,Isha Patil,Female,13-12-1985,Jaipur,Rajasthan,BR007,Affluent,Self-Employed,22-07-2024
C00821,Riya Kulkarni,Female,24-01-1999,Gurgaon,Haryana,BR006,Premium,Self-Employed,19-08-2021
C00822,Vikram Joshi,Female,26-11-1980,Pune,Maharashtra,BR002,Affluent,Student,04-01-2021
C00823,Sahil Nair,Male,23-02-2000,Kolkata,West Bengal,BR013,Mass,Business Owner,05-04-2022
C00824,Nisha Iyer,Male,23-05-2002,Gurgaon,Haryana,BR006,Premium,Self-Employed,04-01-2022
C00825,Sneha Patil,Female,06-12-1962,Bengaluru,Karnataka,BR009,Mass,Salaried,15-08-2022
C00826,Simran Khan,Male,08-05-1982,Nashik,Maharashtra,BR004,Mass,Salaried,22-11-2024
C00827,Arjun Patil,Male,17-04-1983,Patna,Bihar,BR015,Affluent,Professional,05-10-2021
C00828,Simran Joshi,Female,18-05-1976,Pune,Maharashtra,BR002,Affluent,Salaried,19-08-2021
C00829,Rohan Patil,Male,06-09-1996,Nagpur,Maharashtra,BR003,Premium,Salaried,02-01-2022
C00830,Amit Kulkarni,Male,21-01-1977,Kochi,Kerala,BR012,Mass,Salaried,19-08-2022
C00831,Nisha Singh,Male,06-03-1962,Kolkata,West Bengal,BR013,Affluent,Retired,27-12-2021
C00832,Ananya Iyer,Male,08-08-1984,Mumbai,Maharashtra,BR001,Mass,Self-Employed,02-12-2021
C00833,Simran Verma,Female,09-03-1968,Gurgaon,Haryana,BR006,Affluent,Self-Employed,25-11-2023
C00834,Nisha Joshi,Male,23-07-1975,Chennai,Tamil Nadu,BR010,Affluent,Student,23-07-2021
C00835,Simran Patil,Male,20-12-1982,Kochi,Kerala,BR012,Mass,Salaried,09-10-2021
C00836,Vivaan Nair,Male,15-11-1991,Gurgaon,Haryana,BR006,Affluent,Professional,08-03-2025
C00837,Sneha Khan,Male,23-05-1972,Jaipur,Rajasthan,BR007,Mass,Professional,03-02-2021
C00838,Riya Patil,Male,22-04-1976,Chennai,Tamil Nadu,BR010,Mass,Self-Employed,23-04-2021
C00839,Sneha Shaikh,Male,11-12-1962,Chennai,Tamil Nadu,BR010,Premium,Professional,07-05-2021
C00840,Vivaan Iyer,Male,22-08-1976,Hyderabad,Telangana,BR011,Affluent,Retired,06-09-2023
C00841,Kavya Patil,Male,06-10-1985,Ahmedabad,Gujarat,BR008,Mass,Salaried,22-06-2024
C00842,Vivaan Deshmukh,Male,14-12-1987,Nashik,Maharashtra,BR004,Mass,Salaried,18-06-2024
C00843,Aarav Reddy,Male,04-01-1972,Kolkata,West Bengal,BR013,Mass,Professional,14-06-2024
C00844,Simran Reddy,Male,12-09-1962,Kochi,Kerala,BR012,Mass,Self-Employed,16-04-2021
C00845,Rohan Khan,Male,15-02-1985,Hyderabad,Telangana,BR011,Mass,Self-Employed,22-09-2022
C00846,Sneha Sharma,Male,03-08-1988,Pune,Maharashtra,BR002,Mass,Salaried,02-03-2024
C00847,Neha Mehta,Male,13-05-1963,Nashik,Maharashtra,BR004,Mass,Student,30-05-2024
C00848,Pooja Shaikh,Male,18-10-1982,Chennai,Tamil Nadu,BR010,Affluent,Professional,03-09-2022
C00849,Isha Kulkarni,Female,17-02-1964,Pune,Maharashtra,BR002,Mass,Retired,27-03-2025
C00850,Rohan Gupta,Male,02-11-1979,Patna,Bihar,BR015,Mass,Self-Employed,03-03-2025
C00851,Vivaan Mehta,Female,03-12-1988,Gurgaon,Haryana,BR006,Premium,Retired,30-10-2024
C00852,Rahul Patil,Female,10-08-1991,Chennai,Tamil Nadu,BR010,Mass,Self-Employed,27-12-2024
C00853,Priya Singh,Male,23-09-1991,Kolkata,West Bengal,BR013,Affluent,Business Owner,16-11-2025
C00854,Vivaan Khan,Male,24-11-1993,Gurgaon,Haryana,BR006,Mass,Business Owner,20-12-2024
C00855,Vivaan Kulkarni,Male,09-10-1970,New Delhi,Delhi,BR005,Mass,Self-Employed,06-12-2023
C00856,Vikram Patil,Male,20-06-1997,Ahmedabad,Gujarat,BR008,Affluent,Self-Employed,29-12-2022
C00857,Arjun Das,Male,16-03-1975,Ahmedabad,Gujarat,BR008,Mass,Salaried,24-10-2022
C00858,Rahul Kulkarni,Male,27-07-1976,Gurgaon,Haryana,BR006,Mass,Salaried,10-02-2025
C00859,Sahil Khan,Female,03-01-1994,Ahmedabad,Gujarat,BR008,Affluent,Business Owner,25-06-2022
C00860,Vikram Sharma,Male,15-01-1974,Bhubaneswar,Odisha,BR014,Mass,Salaried,25-02-2024
C00861,Pooja Gupta,Female,16-07-1963,Gurgaon,Haryana,BR006,Affluent,Business Owner,07-07-2023
C00862,Sahil Khan,Female,09-03-1991,Nashik,Maharashtra,BR004,Mass,Salaried,23-11-2022
C00863,Kavya Shaikh,Male,02-06-1989,Gurgaon,Haryana,BR006,Mass,Salaried,04-04-2023
C00864,Priya Nair,Female,02-10-1985,Gurgaon,Haryana,BR006,Affluent,Business Owner,28-05-2021
C00865,Pooja Deshmukh,Female,13-09-1966,Pune,Maharashtra,BR002,Mass,Salaried,19-07-2024
C00866,Riya Khan,Male,19-12-1987,Mumbai,Maharashtra,BR001,Mass,Retired,03-05-2021
C00867,Nisha Singh,Male,19-06-1968,Bengaluru,Karnataka,BR009,Premium,Retired,15-05-2021
C00868,Amit Shaikh,Male,05-02-1984,New Delhi,Delhi,BR005,Mass,Self-Employed,05-04-2022
C00869,Pooja Das,Male,24-06-1982,Patna,Bihar,BR015,Affluent,Self-Employed,29-08-2023
C00870,Sneha Sharma,Male,11-10-1993,New Delhi,Delhi,BR005,Mass,Salaried,02-07-2022
C00871,Sahil Kulkarni,Male,27-04-2002,Mumbai,Maharashtra,BR001,Mass,Professional,27-05-2025
C00872,Karan Reddy,Male,04-07-1968,Chennai,Tamil Nadu,BR010,Affluent,Salaried,21-08-2025
C00873,Pooja Patil,Female,23-03-1965,Kolkata,West Bengal,BR013,Affluent,Retired,20-12-2022
C00874,Priya Khan,Male,25-11-1984,New Delhi,Delhi,BR005,Mass,Retired,31-12-2025
C00875,Sahil Gupta,Male,23-01-2001,Nagpur,Maharashtra,BR003,Affluent,Salaried,12-06-2021
C00876,Kavya Nair,Male,22-02-1966,Mumbai,Maharashtra,BR001,Mass,Business Owner,20-09-2021
C00877,Sahil Singh,Female,10-11-1981,Jaipur,Rajasthan,BR007,Mass,Self-Employed,27-09-2022
C00878,Ananya Deshmukh,Female,20-03-1977,Gurgaon,Haryana,BR006,Affluent,Self-Employed,18-09-2025
C00879,Ananya Reddy,Male,16-01-1973,New Delhi,Delhi,BR005,Mass,Salaried,09-07-2023
C00880,Nisha Iyer,Female,12-04-1989,Pune,Maharashtra,BR002,Mass,Professional,14-07-2024
C00881,Aditya Joshi,Male,27-10-1973,Jaipur,Rajasthan,BR007,Affluent,Salaried,06-04-2024
C00882,Sahil Joshi,Female,08-05-1981,Patna,Bihar,BR015,Mass,Student,30-06-2023
C00883,Neha Kulkarni,Female,12-11-1997,Bengaluru,Karnataka,BR009,Premium,Self-Employed,29-08-2025
C00884,Amit Shaikh,Male,25-03-1976,Jaipur,Rajasthan,BR007,Affluent,Business Owner,10-10-2025
C00885,Sahil Iyer,Female,08-12-1960,Nagpur,Maharashtra,BR003,Mass,Retired,30-03-2023
C00886,Vikram Sharma,Female,05-02-1998,New Delhi,Delhi,BR005,Mass,Professional,27-07-2024
C00887,Nisha Khan,Female,09-08-1972,New Delhi,Delhi,BR005,Premium,Self-Employed,14-02-2024
C00888,Ananya Iyer,Male,21-08-1994,Chennai,Tamil Nadu,BR010,Affluent,Self-Employed,21-12-2023
C00889,Rahul Gupta,Female,24-01-1993,Kochi,Kerala,BR012,Mass,Self-Employed,05-07-2021
C00890,Rahul Khan,Male,04-01-1983,Kolkata,West Bengal,BR013,Mass,Salaried,18-01-2022
C00891,Arjun Khan,Female,17-09-1963,Patna,Bihar,BR015,Mass,Retired,13-12-2025
C00892,Sahil Joshi,Female,16-12-2001,Patna,Bihar,BR015,Affluent,Salaried,23-03-2022
C00893,Aarav Iyer,Male,19-06-1989,Patna,Bihar,BR015,Premium,Self-Employed,05-04-2024
C00894,Sneha Patil,Male,19-10-1978,Pune,Maharashtra,BR002,Affluent,Professional,23-07-2025
C00895,Kavya Sharma,Male,26-05-1997,Mumbai,Maharashtra,BR001,Mass,Salaried,06-01-2024
C00896,Priya Mehta,Male,10-04-1994,New Delhi,Delhi,BR005,Affluent,Student,28-01-2022
C00897,Neha Das,Male,09-04-1993,Ahmedabad,Gujarat,BR008,Mass,Salaried,19-04-2025
C00898,Simran Verma,Male,16-03-1967,Nagpur,Maharashtra,BR003,Mass,Salaried,28-02-2021
C00899,Priya Das,Female,12-09-1987,Kochi,Kerala,BR012,Mass,Business Owner,13-08-2024
C00900,Pooja Nair,Male,13-12-1972,Ahmedabad,Gujarat,BR008,Mass,Self-Employed,02-05-2022
C00901,Amit Verma,Male,02-06-1963,Ahmedabad,Gujarat,BR008,Mass,Retired,15-03-2024
C00902,Neha Iyer,Female,05-11-1974,Nagpur,Maharashtra,BR003,Mass,Self-Employed,28-05-2023
C00903,Simran Kulkarni,Male,26-02-1964,New Delhi,Delhi,BR005,Mass,Salaried,06-11-2023
C00904,Pooja Joshi,Male,02-07-1964,Nagpur,Maharashtra,BR003,Affluent,Salaried,29-11-2022
C00905,Vikram Mehta,Female,16-06-1991,Kochi,Kerala,BR012,Mass,Self-Employed,24-08-2023
C00906,Sahil Iyer,Female,21-01-1982,Ahmedabad,Gujarat,BR008,Mass,Business Owner,05-09-2025
C00907,Priya Reddy,Female,01-09-1977,Chennai,Tamil Nadu,BR010,Mass,Salaried,18-02-2025
C00908,Aarav Reddy,Male,07-08-1968,New Delhi,Delhi,BR005,Mass,Self-Employed,04-02-2023
C00909,Neha Das,Male,11-09-1993,Gurgaon,Haryana,BR006,Mass,Student,15-09-2025
C00910,Sahil Joshi,Female,14-03-1987,Gurgaon,Haryana,BR006,Affluent,Self-Employed,12-06-2025
C00911,Aditya Iyer,Female,10-06-1985,Chennai,Tamil Nadu,BR010,Mass,Business Owner,20-02-2024
C00912,Pooja Iyer,Female,18-11-1968,Hyderabad,Telangana,BR011,Mass,Salaried,22-12-2023
C00913,Vivaan Shaikh,Female,07-06-1965,Nashik,Maharashtra,BR004,Affluent,Professional,07-03-2021
C00914,Riya Sharma,Male,01-07-1965,Bhubaneswar,Odisha,BR014,Mass,Salaried,16-08-2023
C00915,Neha Mehta,Male,01-11-1961,Mumbai,Maharashtra,BR001,Affluent,Self-Employed,24-01-2022
C00916,Simran Iyer,Female,10-09-2002,Kolkata,West Bengal,BR013,Mass,Salaried,20-10-2021
C00917,Riya Verma,Female,10-09-1976,Pune,Maharashtra,BR002,Premium,Salaried,17-04-2025
C00918,Priya Kulkarni,Male,26-01-1988,New Delhi,Delhi,BR005,Mass,Salaried,10-05-2022
C00919,Nisha Sharma,Female,02-10-2003,Kochi,Kerala,BR012,Mass,Salaried,29-01-2024
C00920,Nisha Gupta,Male,15-01-2001,Mumbai,Maharashtra,BR001,Affluent,Student,03-05-2025
C00921,Aditya Deshmukh,Female,16-12-1974,Gurgaon,Haryana,BR006,Mass,Salaried,28-12-2023
C00922,Isha Patil,Male,19-01-1981,Gurgaon,Haryana,BR006,Affluent,Retired,25-11-2024
C00923,Aarav Nair,Female,18-06-1980,New Delhi,Delhi,BR005,Mass,Self-Employed,16-11-2024
C00924,Simran Khan,Male,01-05-1961,Chennai,Tamil Nadu,BR010,Mass,Salaried,28-03-2023
C00925,Simran Nair,Female,18-01-1993,Kochi,Kerala,BR012,Affluent,Self-Employed,11-08-2025
C00926,Nisha Shaikh,Female,09-08-1985,Kochi,Kerala,BR012,Affluent,Salaried,18-07-2025
C00927,Priya Das,Male,21-01-1976,New Delhi,Delhi,BR005,Mass,Professional,09-09-2022
C00928,Simran Deshmukh,Female,06-02-1984,Jaipur,Rajasthan,BR007,Mass,Salaried,04-02-2025
C00929,Arjun Patil,Female,20-06-1992,New Delhi,Delhi,BR005,Affluent,Student,01-12-2021
C00930,Rahul Sharma,Female,17-12-1960,New Delhi,Delhi,BR005,Affluent,Salaried,24-07-2021
C00931,Arjun Patil,Male,18-12-1988,Nashik,Maharashtra,BR004,Affluent,Salaried,26-08-2023
C00932,Isha Singh,Female,05-11-1997,Bhubaneswar,Odisha,BR014,Affluent,Salaried,12-01-2024
C00933,Neha Iyer,Male,19-01-1991,Kolkata,West Bengal,BR013,Mass,Business Owner,02-12-2023
C00934,Amit Mehta,Female,20-12-1987,Hyderabad,Telangana,BR011,Affluent,Self-Employed,29-12-2024
C00935,Rohan Mehta,Male,14-05-1963,Jaipur,Rajasthan,BR007,Mass,Retired,15-12-2022
C00936,Arjun Singh,Female,10-02-1992,Jaipur,Rajasthan,BR007,Mass,Salaried,16-01-2025
C00937,Nisha Joshi,Male,05-09-1993,Jaipur,Rajasthan,BR007,Affluent,Salaried,06-07-2025
C00938,Rahul Kulkarni,Male,08-06-1981,Jaipur,Rajasthan,BR007,Mass,Professional,16-06-2021
C00939,Kavya Joshi,Male,21-06-1985,Gurgaon,Haryana,BR006,Mass,Self-Employed,01-04-2023
C00940,Rahul Kulkarni,Male,12-11-1987,Nagpur,Maharashtra,BR003,Affluent,Professional,15-02-2022
C00941,Arjun Das,Male,19-10-1965,Mumbai,Maharashtra,BR001,Mass,Self-Employed,13-04-2024
C00942,Vikram Gupta,Male,20-12-1971,Patna,Bihar,BR015,Mass,Professional,25-01-2023
C00943,Pooja Sharma,Female,19-07-1994,Jaipur,Rajasthan,BR007,Mass,Salaried,30-05-2022
C00944,Rohan Patil,Male,19-04-2002,Patna,Bihar,BR015,Affluent,Retired,05-04-2022
C00945,Karan Singh,Male,17-09-1971,Nagpur,Maharashtra,BR003,Mass,Salaried,10-10-2022
C00946,Arjun Gupta,Female,14-02-1977,Ahmedabad,Gujarat,BR008,Mass,Professional,18-07-2021
C00947,Isha Das,Female,06-09-2000,Mumbai,Maharashtra,BR001,Mass,Salaried,10-07-2021
C00948,Aarav Deshmukh,Female,23-10-1967,New Delhi,Delhi,BR005,Mass,Professional,23-02-2024
C00949,Aarav Joshi,Female,27-07-1971,Pune,Maharashtra,BR002,Premium,Student,18-09-2025
C00950,Riya Reddy,Female,13-11-1962,Nagpur,Maharashtra,BR003,Mass,Student,16-07-2023
C00951,Rohan Shaikh,Female,26-11-1970,Kolkata,West Bengal,BR013,Affluent,Self-Employed,21-08-2025
C00952,Isha Iyer,Female,27-02-1987,New Delhi,Delhi,BR005,Mass,Self-Employed,11-10-2021
C00953,Rahul Sharma,Female,14-01-1975,Ahmedabad,Gujarat,BR008,Mass,Professional,13-11-2025
C00954,Amit Deshmukh,Male,20-12-2003,Gurgaon,Haryana,BR006,Mass,Self-Employed,07-12-2023
C00955,Amit Das,Female,18-04-1999,Gurgaon,Haryana,BR006,Affluent,Business Owner,20-09-2024
C00956,Kavya Reddy,Female,07-03-1999,Jaipur,Rajasthan,BR007,Premium,Salaried,24-04-2021
C00957,Aarav Iyer,Female,02-11-1991,Nagpur,Maharashtra,BR003,Mass,Self-Employed,09-01-2024
C00958,Isha Gupta,Female,13-12-1990,Patna,Bihar,BR015,Mass,Salaried,01-12-2022
C00959,Priya Iyer,Male,22-01-1982,Hyderabad,Telangana,BR011,Mass,Business Owner,29-06-2025
C00960,Simran Singh,Male,09-01-2003,Chennai,Tamil Nadu,BR010,Mass,Salaried,18-12-2024
C00961,Aarav Deshmukh,Female,22-03-1964,Gurgaon,Haryana,BR006,Mass,Self-Employed,28-04-2025
C00962,Sneha Sharma,Female,18-05-1991,Nashik,Maharashtra,BR004,Premium,Student,14-06-2025
C00963,Kavya Shaikh,Female,19-01-1966,Bhubaneswar,Odisha,BR014,Mass,Self-Employed,08-08-2024
C00964,Riya Singh,Female,08-09-1974,New Delhi,Delhi,BR005,Affluent,Student,24-03-2022
C00965,Vikram Sharma,Female,13-11-1971,Nagpur,Maharashtra,BR003,Affluent,Salaried,01-06-2022
C00966,Aarav Reddy,Female,05-09-1986,New Delhi,Delhi,BR005,Mass,Self-Employed,19-04-2025
C00967,Karan Iyer,Male,07-12-1994,Hyderabad,Telangana,BR011,Mass,Self-Employed,04-01-2024
C00968,Rohan Nair,Female,03-08-1963,Ahmedabad,Gujarat,BR008,Affluent,Self-Employed,17-06-2025
C00969,Simran Patil,Male,04-01-1986,Chennai,Tamil Nadu,BR010,Mass,Business Owner,22-12-2024
C00970,Ananya Das,Male,06-12-1969,Hyderabad,Telangana,BR011,Mass,Salaried,14-01-2024
C00971,Vikram Patil,Male,16-11-1963,Nashik,Maharashtra,BR004,Affluent,Self-Employed,06-10-2021
C00972,Riya Joshi,Female,12-02-1978,Bhubaneswar,Odisha,BR014,Mass,Salaried,29-11-2025
C00973,Aarav Iyer,Male,08-06-1985,Gurgaon,Haryana,BR006,Affluent,Business Owner,20-03-2022
C00974,Sneha Patil,Male,24-08-1968,Ahmedabad,Gujarat,BR008,Mass,Professional,26-03-2022
C00975,Rahul Sharma,Female,15-11-1977,Nagpur,Maharashtra,BR003,Mass,Salaried,24-09-2021
C00976,Nisha Sharma,Female,25-11-2001,Patna,Bihar,BR015,Mass,Self-Employed,06-05-2021
C00977,Isha Joshi,Male,18-02-1975,New Delhi,Delhi,BR005,Mass,Self-Employed,16-11-2022
C00978,Priya Iyer,Female,01-10-2003,Mumbai,Maharashtra,BR001,Mass,Professional,21-03-2025
C00979,Riya Patil,Male,25-08-1996,Gurgaon,Haryana,BR006,Mass,Salaried,30-04-2025
C00980,Aarav Patil,Male,24-04-1976,Mumbai,Maharashtra,BR001,Mass,Self-Employed,16-06-2023
C00981,Sneha Singh,Male,18-12-1985,Nashik,Maharashtra,BR004,Mass,Professional,29-07-2022
C00982,Vivaan Shaikh,Female,15-08-1991,Ahmedabad,Gujarat,BR008,Mass,Self-Employed,25-09-2022
C00983,Neha Kulkarni,Female,13-05-1980,Gurgaon,Haryana,BR006,Mass,Professional,05-08-2025
C00984,Vikram Das,Female,14-07-1977,Bhubaneswar,Odisha,BR014,Mass,Salaried,11-04-2021
C00985,Nisha Reddy,Female,21-10-1974,New Delhi,Delhi,BR005,Mass,Retired,15-04-2021
C00986,Sahil Nair,Female,14-05-1966,Chennai,Tamil Nadu,BR010,Mass,Salaried,29-04-2021
C00987,Pooja Joshi,Female,05-03-1961,Gurgaon,Haryana,BR006,Mass,Salaried,10-06-2025
C00988,Amit Iyer,Female,02-05-1974,Bengaluru,Karnataka,BR009,Mass,Self-Employed,15-06-2021
C00989,Priya Khan,Male,04-11-1995,Ahmedabad,Gujarat,BR008,Mass,Self-Employed,16-09-2025
C00990,Nisha Patil,Male,07-04-1970,Jaipur,Rajasthan,BR007,Affluent,Business Owner,02-12-2021
C00991,Sneha Deshmukh,Male,10-03-1967,Patna,Bihar,BR015,Affluent,Salaried,29-09-2023
C00992,Priya Sharma,Female,25-09-1974,New Delhi,Delhi,BR005,Mass,Salaried,07-11-2025
C00993,Sahil Nair,Male,07-03-1986,Mumbai,Maharashtra,BR001,Affluent,Professional,31-07-2021
C00994,Rohan Kulkarni,Male,09-06-1969,Bengaluru,Karnataka,BR009,Mass,Salaried,29-05-2022
C00995,Riya Das,Female,07-10-1969,Kochi,Kerala,BR012,Mass,Professional,21-08-2024
C00996,Neha Verma,Female,15-05-1964,Pune,Maharashtra,BR002,Mass,Business Owner,31-01-2025
C00997,Sneha Joshi,Male,17-05-1974,Gurgaon,Haryana,BR006,Mass,Salaried,15-07-2025
C00998,Ananya Reddy,Male,15-10-1969,Kolkata,West Bengal,BR013,Mass,Business Owner,05-02-2021
C00999,Pooja Shaikh,Male,26-06-1996,Chennai,Tamil Nadu,BR010,Mass,Student,19-11-2024
C01000,Isha Singh,Male,27-12-1999,Patna,Bihar,BR015,Affluent,Professional,11-08-2022
C01001,Simran Deshmukh,Female,23-01-1976,Jaipur,Rajasthan,BR007,Mass,Salaried,16-10-2023
C01002,Riya Das,Female,22-11-1963,Bengaluru,Karnataka,BR009,Mass,Self-Employed,13-07-2025
C01003,Nisha Reddy,Male,10-09-1963,New Delhi,Delhi,BR005,Mass,Student,06-07-2025
C01004,Priya Patil,Male,16-09-1974,Bhubaneswar,Odisha,BR014,Mass,Business Owner,04-12-2021
C01005,Karan Joshi,Male,10-10-1980,New Delhi,Delhi,BR005,Mass,Salaried,10-05-2023
C01006,Isha Singh,Male,22-09-1983,Chennai,Tamil Nadu,BR010,Mass,Salaried,03-06-2022
C01007,Amit Khan,Male,05-11-1973,Gurgaon,Haryana,BR006,Mass,Business Owner,28-01-2024
C01008,Pooja Mehta,Female,06-11-1975,Ahmedabad,Gujarat,BR008,Mass,Professional,18-02-2025
C01009,Aarav Verma,Male,02-12-1972,Chennai,Tamil Nadu,BR010,Mass,Student,04-08-2022
C01010,Riya Patil,Female,17-03-1982,Jaipur,Rajasthan,BR007,Premium,Student,10-08-2021
C01011,Amit Joshi,Male,19-07-1990,Kolkata,West Bengal,BR013,Affluent,Salaried,28-04-2021
C01012,Vivaan Khan,Female,01-05-1961,Gurgaon,Haryana,BR006,Mass,Business Owner,08-04-2021
C01013,Simran Singh,Male,14-08-1981,Bengaluru,Karnataka,BR009,Mass,Salaried,01-11-2022
C01014,Rohan Khan,Male,11-07-1988,New Delhi,Delhi,BR005,Affluent,Salaried,30-10-2025
C01015,Amit Kulkarni,Female,22-11-1989,Gurgaon,Haryana,BR006,Premium,Salaried,05-04-2022
C01016,Pooja Khan,Female,02-03-1984,Gurgaon,Haryana,BR006,Mass,Retired,10-01-2023
C01017,Pooja Nair,Male,02-03-1983,Mumbai,Maharashtra,BR001,Mass,Salaried,17-05-2024
C01018,Rohan Sharma,Male,17-09-1989,Pune,Maharashtra,BR002,Affluent,Self-Employed,16-04-2024
C01019,Nisha Joshi,Female,16-06-1976,Bengaluru,Karnataka,BR009,Mass,Self-Employed,09-05-2022
C01020,Isha Verma,Female,23-10-1984,Bengaluru,Karnataka,BR009,Affluent,Salaried,21-08-2021
C01021,Rahul Shaikh,Female,16-06-1974,Bengaluru,Karnataka,BR009,Mass,Self-Employed,13-10-2021
C01022,Rohan Joshi,Male,26-07-1979,Nagpur,Maharashtra,BR003,Mass,Salaried,07-02-2022
C01023,Aditya Iyer,Male,09-10-1965,New Delhi,Delhi,BR005,Affluent,Self-Employed,07-06-2021
C01024,Neha Nair,Male,11-11-1975,Mumbai,Maharashtra,BR001,Affluent,Self-Employed,20-04-2023
C01025,Neha Verma,Male,27-10-1966,Hyderabad,Telangana,BR011,Mass,Professional,25-03-2024
C01026,Neha Khan,Female,03-10-1969,Kochi,Kerala,BR012,Affluent,Business Owner,17-05-2024
C01027,Kavya Kulkarni,Female,22-03-1978,New Delhi,Delhi,BR005,Affluent,Student,18-07-2025
C01028,Aditya Singh,Male,01-02-1982,Bengaluru,Karnataka,BR009,Mass,Salaried,20-06-2022
C01029,Neha Shaikh,Female,14-04-2001,Pune,Maharashtra,BR002,Premium,Salaried,10-04-2024
C01030,Aditya Reddy,Female,05-02-1961,New Delhi,Delhi,BR005,Mass,Self-Employed,04-06-2025
C01031,Rahul Joshi,Female,17-05-1999,Nashik,Maharashtra,BR004,Mass,Retired,21-02-2021
C01032,Rohan Deshmukh,Male,22-07-1974,New Delhi,Delhi,BR005,Affluent,Salaried,27-11-2024
C01033,Aarav Gupta,Male,01-12-1991,Bengaluru,Karnataka,BR009,Mass,Salaried,10-06-2021
C01034,Neha Mehta,Male,05-09-1989,Kolkata,West Bengal,BR013,Affluent,Retired,05-10-2023
C01035,Ananya Khan,Male,10-05-2002,Mumbai,Maharashtra,BR001,Mass,Retired,25-02-2025
C01036,Amit Reddy,Male,07-09-1964,Ahmedabad,Gujarat,BR008,Mass,Salaried,19-04-2023
C01037,Vikram Khan,Male,11-11-2002,Bengaluru,Karnataka,BR009,Mass,Professional,20-10-2023
C01038,Kavya Reddy,Male,26-10-1962,Patna,Bihar,BR015,Mass,Self-Employed,06-02-2024
C01039,Sneha Reddy,Male,03-07-1998,Ahmedabad,Gujarat,BR008,Affluent,Self-Employed,22-11-2023
C01040,Isha Reddy,Female,12-09-1988,New Delhi,Delhi,BR005,Mass,Self-Employed,29-08-2024
C01041,Neha Sharma,Female,13-05-1981,Ahmedabad,Gujarat,BR008,Mass,Retired,18-04-2025
C01042,Priya Verma,Male,08-04-1977,New Delhi,Delhi,BR005,Mass,Salaried,04-09-2021
C01043,Isha Joshi,Female,08-12-1964,Patna,Bihar,BR015,Mass,Professional,30-01-2023
C01044,Simran Singh,Male,20-06-1995,Gurgaon,Haryana,BR006,Affluent,Salaried,06-04-2025
C01045,Priya Nair,Male,17-03-1992,Bengaluru,Karnataka,BR009,Affluent,Business Owner,28-11-2022
C01046,Sahil Gupta,Female,22-11-2001,Mumbai,Maharashtra,BR001,Mass,Business Owner,13-06-2023
C01047,Karan Nair,Male,11-01-1992,Gurgaon,Haryana,BR006,Mass,Not Available,17-09-2024
C01048,Isha Khan,Male,17-01-2002,Kochi,Kerala,BR012,Affluent,Retired,04-09-2025
C01049,Sahil Gupta,Male,25-04-1999,Ahmedabad,Gujarat,BR008,Mass,Professional,05-04-2022
C01050,Ananya Sharma,Male,23-03-1978,Gurgaon,Haryana,BR006,Mass,Professional,11-10-2025
C01051,Pooja Reddy,Female,25-05-1990,Bhubaneswar,Odisha,BR014,Mass,Salaried,20-07-2024
C01052,Rohan Khan,Male,08-03-1971,Kochi,Kerala,BR012,Mass,Retired,26-02-2021
C01053,Ananya Shaikh,Male,27-05-1994,New Delhi,Delhi,BR005,Mass,Self-Employed,23-04-2025
C01054,Simran Reddy,Male,23-09-1986,Ahmedabad,Gujarat,BR008,Mass,Self-Employed,04-12-2022
C01055,Nisha Singh,Male,22-07-1979,Jaipur,Rajasthan,BR007,Affluent,Self-Employed,31-05-2022
C01056,Simran Sharma,Male,19-08-1987,Ahmedabad,Gujarat,BR008,Mass,Self-Employed,19-08-2023
C01057,Rahul Sharma,Female,27-11-1972,New Delhi,Delhi,BR005,Affluent,Business Owner,19-11-2023
C01058,Sneha Joshi,Female,12-07-1987,New Delhi,Delhi,BR005,Mass,Salaried,13-09-2023
C01059,Rahul Verma,Male,21-08-1980,Kolkata,West Bengal,BR013,Mass,Salaried,11-04-2021
C01060,Ananya Khan,Female,19-12-1974,Bhubaneswar,Odisha,BR014,Affluent,Retired,10-02-2025
C01061,Neha Deshmukh,Male,20-12-2002,Kochi,Kerala,BR012,Mass,Retired,17-09-2022
C01062,Rohan Shaikh,Male,21-12-1962,Patna,Bihar,BR015,Mass,Self-Employed,15-09-2021
C01063,Karan Singh,Male,06-11-1993,Chennai,Tamil Nadu,BR010,Mass,Retired,31-10-2023
C01064,Rahul Gupta,Male,10-12-1969,Chennai,Tamil Nadu,BR010,Affluent,Self-Employed,11-02-2024
C01065,Neha Khan,Female,11-10-1969,Chennai,Tamil Nadu,BR010,Mass,Self-Employed,09-07-2021
C01066,Priya Khan,Female,21-06-1966,Jaipur,Rajasthan,BR007,Affluent,Student,18-09-2025
C01067,Aditya Shaikh,Male,20-07-1964,Gurgaon,Haryana,BR006,Mass,Business Owner,02-01-2024
C01068,Rahul Sharma,Male,23-01-1965,New Delhi,Delhi,BR005,Mass,Professional,25-12-2025
C01069,Nisha Verma,Female,22-05-1996,Bengaluru,Karnataka,BR009,Mass,Self-Employed,09-05-2024
C01070,Kavya Nair,Male,17-04-2000,New Delhi,Delhi,BR005,Mass,Self-Employed,19-01-2021
C01071,Kavya Iyer,Male,04-08-1985,New Delhi,Delhi,BR005,Affluent,Salaried,16-01-2022
C01072,Aditya Gupta,Female,18-06-1960,Ahmedabad,Gujarat,BR008,Mass,Retired,11-11-2025
C01073,Pooja Singh,Female,24-11-1998,Gurgaon,Haryana,BR006,Premium,Salaried,19-10-2023
C01074,Aarav Singh,Female,18-05-1986,Pune,Maharashtra,BR002,Mass,Self-Employed,12-08-2021
C01075,Kavya Iyer,Male,25-03-1982,Hyderabad,Telangana,BR011,Mass,Salaried,16-05-2021
C01076,Karan Shaikh,Male,27-11-2001,Kochi,Kerala,BR012,Mass,Business Owner,08-09-2023
C01077,Vikram Verma,Male,10-06-1978,Nashik,Maharashtra,BR004,Affluent,Self-Employed,21-12-2023
C01078,Vikram Verma,Female,20-10-1975,Pune,Maharashtra,BR002,Mass,Professional,26-03-2022
C01079,Sahil Sharma,Male,15-03-1994,New Delhi,Delhi,BR005,Mass,Self-Employed,22-12-2021
C01080,Rahul Verma,Male,13-08-1983,Hyderabad,Telangana,BR011,Premium,Salaried,13-01-2024
C01081,Arjun Nair,Male,07-05-1991,Kochi,Kerala,BR012,Affluent,Salaried,07-03-2023
C01082,Sneha Nair,Female,07-05-1990,Nagpur,Maharashtra,BR003,Mass,Salaried,09-03-2021
C01083,Priya Patil,Female,05-04-1996,Hyderabad,Telangana,BR011,Affluent,Professional,16-04-2021
C01084,Simran Mehta,Female,18-05-1973,Mumbai,Maharashtra,BR001,Mass,Professional,12-03-2022
C01085,Sneha Gupta,Male,04-05-1963,Gurgaon,Haryana,BR006,Mass,Salaried,28-10-2023
C01086,Sahil Joshi,Female,12-10-1981,Patna,Bihar,BR015,Mass,Self-Employed,03-07-2022
C01087,Rahul Singh,Male,15-08-1988,Nagpur,Maharashtra,BR003,Affluent,Salaried,28-01-2021
C01088,Pooja Sharma,Male,12-07-1995,Mumbai,Maharashtra,BR001,Mass,Student,30-07-2025
C01089,Aditya Iyer,Male,24-10-1971,Gurgaon,Haryana,BR006,Affluent,Retired,20-06-2024
C01090,Priya Das,Male,12-11-1992,Ahmedabad,Gujarat,BR008,Affluent,Professional,02-12-2023
C01091,Ananya Deshmukh,Male,03-05-1996,Bhubaneswar,Odisha,BR014,Mass,Salaried,23-03-2022
C01092,Riya Deshmukh,Female,27-06-1995,Patna,Bihar,BR015,Mass,Self-Employed,17-07-2024
C01093,Vikram Joshi,Male,23-04-1995,Nagpur,Maharashtra,BR003,Affluent,Retired,24-09-2025
C01094,Rohan Gupta,Male,18-10-2003,Mumbai,Maharashtra,BR001,Mass,Salaried,19-05-2024
C01095,Sneha Khan,Female,21-07-1989,Hyderabad,Telangana,BR011,Mass,Business Owner,25-06-2022
C01096,Sneha Singh,Female,04-02-1976,New Delhi,Delhi,BR005,Mass,Retired,18-12-2022
C01097,Vikram Sharma,Male,21-03-1979,Kolkata,West Bengal,BR013,Affluent,Professional,24-08-2025
C01098,Pooja Iyer,Female,06-06-1992,Bengaluru,Karnataka,BR009,Mass,Business Owner,26-01-2021
C01099,Pooja Mehta,Male,14-01-1970,Nashik,Maharashtra,BR004,Mass,Self-Employed,09-02-2022
C01100,Sneha Mehta,Male,05-05-1986,Kochi,Kerala,BR012,Mass,Retired,15-07-2021
C01101,Karan Verma,Female,21-01-1985,Pune,Maharashtra,BR002,Mass,Self-Employed,16-03-2024
C01102,Rohan Das,Male,07-10-1989,Gurgaon,Haryana,BR006,Premium,Student,18-04-2023
C01103,Sneha Khan,Male,07-06-1978,Ahmedabad,Gujarat,BR008,Mass,Self-Employed,01-09-2021
C01104,Riya Khan,Male,03-05-1992,Jaipur,Rajasthan,BR007,Affluent,Professional,15-09-2025
C01105,Priya Khan,Male,20-12-1963,Bengaluru,Karnataka,BR009,Affluent,Student,05-10-2023
C01106,Karan Deshmukh,Male,08-11-1992,Bengaluru,Karnataka,BR009,Mass,Self-Employed,31-03-2022
C01107,Nisha Das,Female,14-11-1995,Patna,Bihar,BR015,Affluent,Salaried,24-09-2025
C01108,Riya Shaikh,Male,09-03-1998,Patna,Bihar,BR015,Premium,Salaried,29-06-2024
C01109,Vivaan Nair,Female,21-10-2000,Jaipur,Rajasthan,BR007,Affluent,Professional,26-08-2021
C01110,Simran Verma,Male,07-09-1975,Mumbai,Maharashtra,BR001,Affluent,Business Owner,18-02-2025
C01111,Aarav Deshmukh,Female,26-08-1962,Chennai,Tamil Nadu,BR010,Mass,Salaried,18-04-2021
C01112,Vivaan Sharma,Male,09-01-1988,Patna,Bihar,BR015,Affluent,Student,14-07-2025
C01113,Simran Joshi,Male,03-01-1963,New Delhi,Delhi,BR005,Mass,Retired,20-12-2022
C01114,Aditya Deshmukh,Male,07-12-1972,Gurgaon,Haryana,BR006,Affluent,Student,20-06-2022
C01115,Karan Singh,Male,02-03-1990,Gurgaon,Haryana,BR006,Mass,Business Owner,08-04-2021
C01116,Riya Shaikh,Female,13-12-1986,Pune,Maharashtra,BR002,Mass,Retired,28-08-2025
C01117,Ananya Iyer,Female,07-10-1986,Bengaluru,Karnataka,BR009,Affluent,Student,19-10-2023
C01118,Amit Das,Female,24-08-1993,New Delhi,Delhi,BR005,Mass,Salaried,16-01-2024
C01119,Amit Mehta,Male,14-09-1967,Hyderabad,Telangana,BR011,Mass,Retired,02-04-2025
C01120,Riya Deshmukh,Female,07-03-1994,Kochi,Kerala,BR012,Affluent,Self-Employed,18-07-2023
C01121,Riya Reddy,Female,13-08-1985,Kochi,Kerala,BR012,Premium,Retired,14-06-2022
C01122,Pooja Shaikh,Female,06-01-1978,Gurgaon,Haryana,BR006,Affluent,Professional,22-11-2024
C01123,Karan Iyer,Female,05-06-1980,New Delhi,Delhi,BR005,Affluent,Business Owner,27-08-2023
C01124,Ananya Verma,Female,09-07-1982,Chennai,Tamil Nadu,BR010,Affluent,Salaried,12-03-2022
C01125,Vikram Reddy,Male,03-04-1984,Hyderabad,Telangana,BR011,Affluent,Salaried,23-03-2025
C01126,Arjun Patil,Female,06-07-1974,Jaipur,Rajasthan,BR007,Mass,Salaried,23-01-2025
C01127,Isha Verma,Male,26-08-1969,Kolkata,West Bengal,BR013,Mass,Business Owner,28-03-2022
C01128,Isha Singh,Male,19-11-1967,Mumbai,Maharashtra,BR001,Affluent,Student,01-04-2024
C01129,Nisha Joshi,Female,25-10-1974,Kochi,Kerala,BR012,Premium,Salaried,09-08-2025
C01130,Riya Iyer,Male,07-09-1971,Mumbai,Maharashtra,BR001,Mass,Salaried,30-12-2024
C01131,Rohan Das,Male,24-07-1982,Nagpur,Maharashtra,BR003,Mass,Business Owner,29-12-2021
C01132,Pooja Patil,Male,10-09-2000,Jaipur,Rajasthan,BR007,Mass,Salaried,12-04-2025
C01133,Aarav Verma,Male,04-03-1964,Pune,Maharashtra,BR002,Affluent,Salaried,13-04-2021
C01134,Aarav Gupta,Female,22-05-1973,Pune,Maharashtra,BR002,Affluent,Salaried,02-02-2024
C01135,Nisha Joshi,Female,02-07-1962,Nashik,Maharashtra,BR004,Mass,Business Owner,23-07-2023
C01136,Aarav Joshi,Male,11-12-2002,Gurgaon,Haryana,BR006,Mass,Business Owner,09-03-2021
C01137,Rohan Iyer,Female,23-05-1990,Hyderabad,Telangana,BR011,Mass,Student,18-08-2024
C01138,Vivaan Reddy,Female,17-05-1970,Mumbai,Maharashtra,BR001,Affluent,Salaried,28-06-2022
C01139,Amit Sharma,Female,14-12-1978,Bengaluru,Karnataka,BR009,Mass,Salaried,06-04-2025
C01140,Sneha Mehta,Male,10-08-1991,Kochi,Kerala,BR012,Mass,Professional,23-05-2025
C01141,Isha Deshmukh,Male,03-11-2002,Pune,Maharashtra,BR002,Mass,Retired,15-12-2023
C01142,Isha Mehta,Male,27-04-1985,Mumbai,Maharashtra,BR001,Affluent,Salaried,19-02-2024
C01143,Aarav Patil,Male,05-06-1971,Kochi,Kerala,BR012,Mass,Student,06-04-2021
C01144,Sahil Gupta,Female,07-05-1990,Kochi,Kerala,BR012,Mass,Professional,14-06-2025
C01145,Isha Mehta,Male,07-07-1990,Jaipur,Rajasthan,BR007,Mass,Student,29-05-2024
C01146,Riya Khan,Male,25-05-1988,Hyderabad,Telangana,BR011,Premium,Self-Employed,04-12-2022
C01147,Karan Reddy,Female,21-01-1962,Pune,Maharashtra,BR002,Mass,Salaried,06-06-2021
C01148,Aditya Verma,Male,13-01-1991,Gurgaon,Haryana,BR006,Mass,Salaried,11-07-2023
C01149,Isha Singh,Male,26-09-1960,Chennai,Tamil Nadu,BR010,Mass,Professional,03-07-2025
C01150,Isha Joshi,Female,02-04-1999,New Delhi,Delhi,BR005,Mass,Student,25-04-2025
C01151,Riya Nair,Female,25-10-1998,Chennai,Tamil Nadu,BR010,Affluent,Self-Employed,30-06-2021
C01152,Nisha Patil,Male,02-07-1984,Jaipur,Rajasthan,BR007,Affluent,Salaried,23-10-2024
C01153,Priya Patil,Female,11-07-1988,Chennai,Tamil Nadu,BR010,Mass,Salaried,30-05-2021
C01154,Rohan Verma,Female,02-06-1962,Gurgaon,Haryana,BR006,Affluent,Business Owner,21-11-2022
C01155,Ananya Mehta,Female,27-04-1998,New Delhi,Delhi,BR005,Mass,Student,28-03-2023
C01156,Riya Verma,Male,25-01-1971,Pune,Maharashtra,BR002,Affluent,Self-Employed,11-02-2021
C01157,Ananya Reddy,Female,16-07-1971,Mumbai,Maharashtra,BR001,Mass,Business Owner,08-09-2021
C01158,Nisha Shaikh,Female,06-12-1991,Chennai,Tamil Nadu,BR010,Mass,Self-Employed,27-05-2025
C01159,Pooja Patil,Male,08-12-2001,Mumbai,Maharashtra,BR001,Affluent,Student,24-02-2024
C01160,Neha Mehta,Female,13-05-1981,Nashik,Maharashtra,BR004,Premium,Professional,06-12-2024
C01161,Nisha Reddy,Female,09-08-1982,Mumbai,Maharashtra,BR001,Affluent,Salaried,10-11-2023
C01162,Simran Iyer,Male,01-10-1984,Nashik,Maharashtra,BR004,Affluent,Business Owner,01-04-2023
C01163,Amit Reddy,Female,18-08-1972,Kochi,Kerala,BR012,Affluent,Student,03-02-2021
C01164,Aarav Singh,Male,17-07-1986,Gurgaon,Haryana,BR006,Affluent,Retired,25-09-2023
C01165,Aarav Kulkarni,Female,25-09-2002,Patna,Bihar,BR015,Mass,Business Owner,08-11-2024
C01166,Nisha Kulkarni,Female,13-03-1976,Nashik,Maharashtra,BR004,Mass,Salaried,09-01-2022
C01167,Kavya Shaikh,Male,10-07-1994,Bengaluru,Karnataka,BR009,Affluent,Self-Employed,16-06-2023
C01168,Nisha Singh,Male,14-12-1994,Gurgaon,Haryana,BR006,Mass,Business Owner,23-01-2023
C01169,Sneha Reddy,Male,06-08-1997,Gurgaon,Haryana,BR006,Affluent,Salaried,10-05-2025
C01170,Ananya Verma,Female,17-05-1991,Kochi,Kerala,BR012,Mass,Retired,25-10-2021
C01171,Ananya Deshmukh,Male,21-06-2000,Patna,Bihar,BR015,Mass,Salaried,12-07-2021
C01172,Riya Joshi,Female,05-02-1991,Kochi,Kerala,BR012,Mass,Student,20-01-2022
C01173,Neha Joshi,Male,09-05-2002,Pune,Maharashtra,BR002,Affluent,Self-Employed,13-10-2021
C01174,Aditya Patil,Male,24-10-1991,New Delhi,Delhi,BR005,Mass,Salaried,26-03-2025
C01175,Aarav Deshmukh,Female,14-06-1996,Bengaluru,Karnataka,BR009,Affluent,Self-Employed,21-04-2022
C01176,Amit Iyer,Female,15-04-1999,New Delhi,Delhi,BR005,Mass,Business Owner,24-10-2022
C01177,Pooja Khan,Male,20-09-2003,Chennai,Tamil Nadu,BR010,Mass,Student,15-04-2022
C01178,Aditya Gupta,Male,16-12-1986,Ahmedabad,Gujarat,BR008,Affluent,Self-Employed,27-01-2025
C01179,Simran Sharma,Male,02-05-1991,Ahmedabad,Gujarat,BR008,Mass,Salaried,27-04-2024
C01180,Arjun Sharma,Male,22-09-2002,Kochi,Kerala,BR012,Affluent,Retired,16-05-2023
C01181,Amit Das,Male,25-07-1976,Chennai,Tamil Nadu,BR010,Mass,Self-Employed,29-12-2024
C01182,Sneha Joshi,Female,02-04-1965,Pune,Maharashtra,BR002,Mass,Salaried,10-05-2021
C01183,Aditya Gupta,Male,04-08-1998,Nashik,Maharashtra,BR004,Mass,Student,23-05-2024
C01184,Neha Verma,Male,19-02-1987,Ahmedabad,Gujarat,BR008,Affluent,Salaried,23-10-2022
C01185,Pooja Das,Male,17-06-1978,Jaipur,Rajasthan,BR007,Mass,Salaried,24-11-2022
C01186,Rohan Shaikh,Male,11-09-1991,New Delhi,Delhi,BR005,Mass,Self-Employed,17-10-2021
C01187,Aditya Kulkarni,Female,15-08-1961,Gurgaon,Haryana,BR006,Affluent,Business Owner,27-06-2021
C01188,Sahil Verma,Male,19-07-1980,Chennai,Tamil Nadu,BR010,Premium,Self-Employed,20-06-2024
C01189,Rohan Patil,Male,14-05-1971,Kochi,Kerala,BR012,Affluent,Retired,02-04-2025
C01190,Sahil Kulkarni,Female,04-08-1972,Ahmedabad,Gujarat,BR008,Affluent,Salaried,23-07-2025
C01191,Rohan Sharma,Female,03-03-2002,Gurgaon,Haryana,BR006,Mass,Retired,21-03-2022
C01192,Sahil Kulkarni,Female,12-03-1984,New Delhi,Delhi,BR005,Mass,Salaried,25-10-2024
C01193,Vikram Shaikh,Female,25-12-1966,Jaipur,Rajasthan,BR007,Affluent,Salaried,23-07-2021
C01194,Arjun Reddy,Female,16-10-1976,New Delhi,Delhi,BR005,Affluent,Salaried,22-11-2024
C01195,Riya Reddy,Female,10-03-1970,Ahmedabad,Gujarat,BR008,Affluent,Salaried,31-10-2023
C01196,Neha Kulkarni,Female,25-10-2000,Bengaluru,Karnataka,BR009,Affluent,Self-Employed,23-04-2025
C01197,Karan Sharma,Male,11-12-1972,Nashik,Maharashtra,BR004,Affluent,Student,04-05-2021
C01198,Karan Kulkarni,Female,14-06-1975,Mumbai,Maharashtra,BR001,Mass,Professional,19-11-2024
C01199,Ananya Das,Female,04-01-1974,Nashik,Maharashtra,BR004,Mass,Professional,03-05-2023
C01200,Nisha Shaikh,Female,20-01-1967,Kolkata,West Bengal,BR013,Premium,Salaried,05-11-2023
C01201,Aarav Verma,Male,19-03-1994,Bengaluru,Karnataka,BR009,Mass,Student,12-09-2023
C01202,Riya Iyer,Female,22-05-1985,Nashik,Maharashtra,BR004,Mass,Self-Employed,28-07-2024
C01203,Vivaan Khan,Male,09-02-1979,Kolkata,West Bengal,BR013,Mass,Professional,30-12-2023
C01204,Priya Deshmukh,Female,12-03-1977,Gurgaon,Haryana,BR006,Affluent,Professional,30-01-2023
C01205,Nisha Reddy,Male,05-07-1989,Jaipur,Rajasthan,BR007,Affluent,Salaried,06-03-2023
C01206,Rohan Sharma,Female,27-09-1964,Bhubaneswar,Odisha,BR014,Affluent,Self-Employed,10-05-2021
C01207,Ananya Singh,Female,03-01-2000,Mumbai,Maharashtra,BR001,Mass,Retired,15-08-2024
C01208,Simran Singh,Male,18-12-1984,Mumbai,Maharashtra,BR001,Mass,Salaried,12-07-2024
C01209,Neha Verma,Male,20-12-1970,Ahmedabad,Gujarat,BR008,Mass,Business Owner,02-11-2023
C01210,Vivaan Nair,Male,05-09-1983,Nagpur,Maharashtra,BR003,Affluent,Retired,10-08-2024
C01211,Kavya Khan,Female,10-07-1997,Bengaluru,Karnataka,BR009,Mass,Salaried,07-05-2022
C01212,Pooja Gupta,Female,02-11-1967,Mumbai,Maharashtra,BR001,Affluent,Self-Employed,13-02-2022
C01213,Amit Iyer,Female,16-01-1983,Nagpur,Maharashtra,BR003,Mass,Self-Employed,16-08-2025
C01214,Kavya Khan,Male,27-12-1986,Mumbai,Maharashtra,BR001,Affluent,Professional,08-10-2025
C01215,Vikram Iyer,Female,12-08-1995,Gurgaon,Haryana,BR006,Mass,Self-Employed,07-04-2025
C01216,Simran Patil,Female,27-04-1984,Nagpur,Maharashtra,BR003,Affluent,Self-Employed,06-04-2021
C01217,Kavya Joshi,Male,04-03-1992,Mumbai,Maharashtra,BR001,Affluent,Salaried,30-09-2023
C01218,Priya Patil,Male,11-07-1994,Kochi,Kerala,BR012,Mass,Retired,05-09-2024
C01219,Sneha Kulkarni,Male,25-06-1999,New Delhi,Delhi,BR005,Mass,Student,09-03-2021
C01220,Sneha Reddy,Male,24-04-1975,New Delhi,Delhi,BR005,Mass,Business Owner,04-11-2025
C01221,Simran Iyer,Male,09-03-1990,Mumbai,Maharashtra,BR001,Mass,Retired,08-12-2024
C01222,Pooja Das,Male,19-01-1970,New Delhi,Delhi,BR005,Affluent,Business Owner,19-07-2022
C01223,Sneha Kulkarni,Male,24-11-1997,New Delhi,Delhi,BR005,Mass,Retired,14-07-2023
C01224,Neha Reddy,Male,21-03-2001,Ahmedabad,Gujarat,BR008,Affluent,Salaried,25-07-2025
C01225,Vivaan Joshi,Male,17-02-1972,Mumbai,Maharashtra,BR001,Mass,Salaried,08-04-2025
C01226,Amit Nair,Female,05-09-1984,Kolkata,West Bengal,BR013,Affluent,Student,18-02-2025
C01227,Vivaan Deshmukh,Male,02-02-1996,Bhubaneswar,Odisha,BR014,Mass,Self-Employed,02-12-2025
C01228,Arjun Nair,Male,17-09-1961,Mumbai,Maharashtra,BR001,Mass,Salaried,20-09-2024
C01229,Riya Shaikh,Female,14-02-1991,Nagpur,Maharashtra,BR003,Mass,Professional,04-09-2025
C01230,Riya Joshi,Male,07-10-1996,Mumbai,Maharashtra,BR001,Affluent,Business Owner,08-10-2025
C01231,Nisha Kulkarni,Male,08-08-1998,Ahmedabad,Gujarat,BR008,Mass,Salaried,05-02-2021
C01232,Aarav Shaikh,Male,11-04-1968,Nashik,Maharashtra,BR004,Affluent,Self-Employed,09-04-2024
C01233,Amit Shaikh,Male,14-05-1993,Kochi,Kerala,BR012,Mass,Self-Employed,02-09-2022
C01234,Aditya Das,Female,11-03-1994,Chennai,Tamil Nadu,BR010,Premium,Salaried,23-06-2023
C01235,Riya Mehta,Male,11-08-1960,Hyderabad,Telangana,BR011,Affluent,Salaried,03-11-2021
C01236,Rohan Khan,Male,04-08-1991,Jaipur,Rajasthan,BR007,Mass,Self-Employed,18-05-2024
C01237,Simran Verma,Male,24-02-1987,Patna,Bihar,BR015,Affluent,Professional,05-03-2025
C01238,Aarav Gupta,Female,17-06-2002,Nagpur,Maharashtra,BR003,Mass,Self-Employed,22-01-2023
C01239,Sahil Deshmukh,Male,04-09-1961,Gurgaon,Haryana,BR006,Affluent,Self-Employed,28-06-2024
C01240,Vikram Nair,Male,12-12-2002,New Delhi,Delhi,BR005,Mass,Business Owner,17-08-2022
C01241,Ananya Das,Male,12-11-1985,Bhubaneswar,Odisha,BR014,Affluent,Salaried,30-09-2024
C01242,Karan Deshmukh,Female,17-05-1972,Ahmedabad,Gujarat,BR008,Mass,Self-Employed,31-05-2021
C01243,Karan Kulkarni,Female,17-03-1977,Hyderabad,Telangana,BR011,Mass,Salaried,27-05-2025
C01244,Pooja Verma,Female,18-12-1993,Pune,Maharashtra,BR002,Affluent,Business Owner,22-11-2022
C01245,Simran Iyer,Male,19-01-2003,Patna,Bihar,BR015,Mass,Salaried,11-07-2023
C01246,Riya Shaikh,Male,03-01-1973,Jaipur,Rajasthan,BR007,Mass,Self-Employed,06-01-2025
C01247,Pooja Patil,Female,09-04-2003,Jaipur,Rajasthan,BR007,Mass,Business Owner,24-02-2021
C01248,Aditya Das,Male,01-01-1987,Patna,Bihar,BR015,Affluent,Professional,23-09-2025
C01249,Arjun Iyer,Female,13-10-1968,Gurgaon,Haryana,BR006,Mass,Professional,27-01-2024
C01250,Amit Verma,Male,12-03-1986,Gurgaon,Haryana,BR006,Mass,Retired,16-11-2025
C01251,Vivaan Kulkarni,Male,20-09-1995,Ahmedabad,Gujarat,BR008,Premium,Business Owner,04-10-2023
C01252,Pooja Joshi,Male,05-04-1962,Nashik,Maharashtra,BR004,Premium,Salaried,13-01-2022
C01253,Kavya Verma,Male,18-12-1963,New Delhi,Delhi,BR005,Mass,Salaried,30-11-2023
C01254,Priya Verma,Female,09-12-1960,Nagpur,Maharashtra,BR003,Mass,Salaried,10-11-2023
C01255,Priya Khan,Male,11-02-1985,Nagpur,Maharashtra,BR003,Mass,Salaried,09-08-2025
C01256,Sahil Singh,Female,20-04-1962,Kochi,Kerala,BR012,Premium,Salaried,18-11-2023
C01257,Priya Mehta,Female,02-09-2001,Ahmedabad,Gujarat,BR008,Mass,Salaried,12-01-2023
C01258,Ananya Joshi,Female,10-08-1965,New Delhi,Delhi,BR005,Mass,Business Owner,18-11-2021
C01259,Rahul Shaikh,Female,11-08-1963,Gurgaon,Haryana,BR006,Mass,Business Owner,19-08-2022
C01260,Ananya Das,Female,20-07-1971,Gurgaon,Haryana,BR006,Mass,Salaried,29-11-2023
C01261,Isha Deshmukh,Female,06-04-1993,Ahmedabad,Gujarat,BR008,Mass,Self-Employed,05-11-2022
C01262,Simran Nair,Male,26-09-1999,Bhubaneswar,Odisha,BR014,Affluent,Salaried,25-10-2022
C01263,Neha Patil,Female,27-06-1971,Bhubaneswar,Odisha,BR014,Mass,Self-Employed,27-01-2021
C01264,Ananya Deshmukh,Female,23-03-1982,Gurgaon,Haryana,BR006,Mass,Self-Employed,17-09-2025
C01265,Rahul Iyer,Male,09-12-1994,New Delhi,Delhi,BR005,Affluent,Salaried,08-03-2025
C01266,Riya Verma,Female,18-02-1995,Gurgaon,Haryana,BR006,Mass,Salaried,11-04-2022
C01267,Sahil Khan,Male,03-11-1966,Ahmedabad,Gujarat,BR008,Mass,Retired,08-09-2021
C01268,Arjun Shaikh,Female,24-08-1996,Gurgaon,Haryana,BR006,Mass,Self-Employed,05-03-2025
C01269,Karan Verma,Male,14-01-1998,Bengaluru,Karnataka,BR009,Affluent,Self-Employed,08-03-2025
C01270,Arjun Mehta,Female,05-01-1992,Ahmedabad,Gujarat,BR008,Mass,Salaried,26-06-2025
C01271,Ananya Verma,Male,09-06-1983,New Delhi,Delhi,BR005,Affluent,Salaried,27-09-2023
C01272,Neha Verma,Female,22-02-1977,New Delhi,Delhi,BR005,Mass,Salaried,05-09-2024
C01273,Pooja Deshmukh,Male,24-03-1999,Gurgaon,Haryana,BR006,Mass,Retired,25-08-2024
C01274,Nisha Sharma,Female,15-03-1998,Mumbai,Maharashtra,BR001,Mass,Salaried,28-01-2022
C01275,Riya Gupta,Male,13-09-1982,Nagpur,Maharashtra,BR003,Mass,Salaried,15-08-2023
C01276,Vivaan Kulkarni,Female,21-06-1992,Chennai,Tamil Nadu,BR010,Mass,Retired,21-04-2022
C01277,Arjun Khan,Male,23-01-1977,Gurgaon,Haryana,BR006,Affluent,Self-Employed,08-10-2024
C01278,Nisha Shaikh,Male,21-09-1992,Nagpur,Maharashtra,BR003,Mass,Salaried,09-11-2025
C01279,Neha Shaikh,Male,11-06-1963,Ahmedabad,Gujarat,BR008,Mass,Business Owner,20-05-2021
C01280,Aditya Sharma,Female,18-07-1999,Chennai,Tamil Nadu,BR010,Premium,Self-Employed,19-05-2021
C01281,Aarav Joshi,Male,24-12-1982,New Delhi,Delhi,BR005,Mass,Retired,28-04-2022
C01282,Amit Sharma,Female,05-01-1986,Kochi,Kerala,BR012,Mass,Salaried,02-08-2021
C01283,Vikram Verma,Male,11-12-1968,Bhubaneswar,Odisha,BR014,Mass,Professional,17-01-2021
C01284,Priya Das,Female,02-07-1983,Ahmedabad,Gujarat,BR008,Mass,Salaried,22-11-2025
C01285,Sneha Nair,Male,12-02-1960,Bengaluru,Karnataka,BR009,Premium,Professional,30-11-2023
C01286,Arjun Shaikh,Male,21-09-1999,Nashik,Maharashtra,BR004,Premium,Student,19-11-2024
C01287,Isha Verma,Male,06-11-1992,Bhubaneswar,Odisha,BR014,Mass,Student,31-10-2023
C01288,Kavya Mehta,Male,15-03-1979,Gurgaon,Haryana,BR006,Premium,Student,24-09-2024
C01289,Rohan Iyer,Male,01-07-1996,Bhubaneswar,Odisha,BR014,Mass,Business Owner,06-06-2024
C01290,Priya Iyer,Male,25-06-1995,Ahmedabad,Gujarat,BR008,Premium,Salaried,20-10-2021
C01291,Sahil Patil,Male,23-02-1965,Pune,Maharashtra,BR002,Affluent,Salaried,02-10-2021
C01292,Sneha Patil,Female,15-06-1962,Nagpur,Maharashtra,BR003,Mass,Salaried,12-06-2023
C01293,Sneha Mehta,Male,20-08-1971,Bengaluru,Karnataka,BR009,Mass,Self-Employed,09-11-2022
C01294,Isha Nair,Female,03-08-1960,Ahmedabad,Gujarat,BR008,Affluent,Salaried,16-03-2025
C01295,Amit Nair,Male,23-04-1985,Pune,Maharashtra,BR002,Mass,Professional,14-07-2022
C01296,Aditya Patil,Male,20-01-1983,Chennai,Tamil Nadu,BR010,Mass,Professional,24-08-2022
C01297,Nisha Singh,Male,04-07-1983,Kochi,Kerala,BR012,Affluent,Retired,24-08-2023
C01298,Sahil Khan,Male,27-02-1963,Jaipur,Rajasthan,BR007,Mass,Self-Employed,18-12-2021
C01299,Rahul Kulkarni,Male,01-01-2000,Gurgaon,Haryana,BR006,Mass,Professional,17-04-2025
C01300,Kavya Nair,Female,17-01-2002,Mumbai,Maharashtra,BR001,Mass,Professional,20-01-2021
C01301,Amit Mehta,Female,05-12-1985,Hyderabad,Telangana,BR011,Affluent,Retired,28-03-2025
C01302,Arjun Patil,Female,20-10-1960,New Delhi,Delhi,BR005,Mass,Professional,11-02-2024
C01303,Amit Singh,Male,02-03-1977,Kochi,Kerala,BR012,Mass,Salaried,10-06-2025
C01304,Aditya Mehta,Male,03-06-1991,Gurgaon,Haryana,BR006,Mass,Salaried,21-06-2022
C01305,Ananya Iyer,Female,13-02-1992,Ahmedabad,Gujarat,BR008,Mass,Retired,02-07-2025
C01306,Simran Gupta,Male,27-10-1970,New Delhi,Delhi,BR005,Affluent,Business Owner,27-04-2025
C01307,Karan Nair,Male,08-08-1996,Mumbai,Maharashtra,BR001,Mass,Professional,14-04-2023
C01308,Sneha Verma,Male,17-04-2002,Hyderabad,Telangana,BR011,Affluent,Professional,02-06-2022
C01309,Sneha Khan,Male,15-03-1982,Jaipur,Rajasthan,BR007,Mass,Professional,26-12-2021
C01310,Amit Verma,Female,23-10-1976,Jaipur,Rajasthan,BR007,Affluent,Professional,04-10-2021
C01311,Nisha Sharma,Male,08-01-1983,Patna,Bihar,BR015,Mass,Retired,01-12-2023
C01312,Riya Verma,Male,15-04-1961,Patna,Bihar,BR015,Affluent,Student,20-10-2025
C01313,Aarav Deshmukh,Female,26-03-1983,Kochi,Kerala,BR012,Mass,Salaried,30-10-2023
C01314,Sneha Khan,Female,09-12-1961,Nashik,Maharashtra,BR004,Affluent,Salaried,28-10-2025
C01315,Aarav Patil,Male,12-05-1961,Ahmedabad,Gujarat,BR008,Mass,Salaried,11-10-2024
C01316,Amit Patil,Male,24-01-1984,Kochi,Kerala,BR012,Mass,Self-Employed,04-06-2024
C01317,Pooja Patil,Female,09-10-1982,Gurgaon,Haryana,BR006,Mass,Professional,16-08-2024
C01318,Isha Nair,Male,11-07-2003,Nagpur,Maharashtra,BR003,Mass,Student,23-08-2025
C01319,Pooja Das,Male,09-03-1982,Hyderabad,Telangana,BR011,Mass,Self-Employed,16-04-2025
C01320,Simran Sharma,Male,22-02-2003,Jaipur,Rajasthan,BR007,Affluent,Salaried,23-10-2021
C01321,Vikram Reddy,Male,26-08-1995,Ahmedabad,Gujarat,BR008,Affluent,Self-Employed,05-12-2023
C01322,Vikram Reddy,Female,18-01-1974,Patna,Bihar,BR015,Mass,Professional,21-04-2023
C01323,Isha Das,Female,17-07-2000,Ahmedabad,Gujarat,BR008,Premium,Business Owner,25-05-2025
C01324,Vikram Gupta,Female,11-12-1981,Gurgaon,Haryana,BR006,Mass,Salaried,08-01-2022
C01325,Aarav Verma,Female,01-02-1986,New Delhi,Delhi,BR005,Mass,Not Available,06-02-2025
C01326,Rahul Mehta,Female,05-06-1964,Gurgaon,Haryana,BR006,Affluent,Self-Employed,25-05-2023
C01327,Amit Iyer,Female,04-02-1969,Pune,Maharashtra,BR002,Mass,Self-Employed,30-08-2025
C01328,Isha Kulkarni,Female,04-04-1982,Hyderabad,Telangana,BR011,Mass,Professional,15-12-2024
C01329,Aarav Joshi,Male,18-06-1971,Kochi,Kerala,BR012,Mass,Retired,22-09-2022
C01330,Pooja Shaikh,Male,04-04-1986,New Delhi,Delhi,BR005,Mass,Salaried,23-03-2025
C01331,Amit Kulkarni,Male,03-07-1963,New Delhi,Delhi,BR005,Mass,Salaried,09-12-2021
C01332,Isha Iyer,Male,11-09-1971,Kochi,Kerala,BR012,Mass,Self-Employed,08-01-2021
C01333,Amit Gupta,Male,07-05-1989,Nagpur,Maharashtra,BR003,Mass,Salaried,15-07-2023
C01334,Karan Kulkarni,Male,04-04-1986,Jaipur,Rajasthan,BR007,Affluent,Self-Employed,13-12-2022
C01335,Amit Mehta,Female,04-07-2003,Gurgaon,Haryana,BR006,Premium,Salaried,18-08-2021
C01336,Arjun Joshi,Male,07-09-1999,Bengaluru,Karnataka,BR009,Mass,Salaried,21-12-2025
C01337,Rohan Joshi,Male,15-07-1995,Mumbai,Maharashtra,BR001,Mass,Professional,13-03-2021
C01338,Riya Reddy,Male,21-08-1960,Bengaluru,Karnataka,BR009,Mass,Salaried,13-12-2023
C01339,Sahil Das,Male,24-07-1986,Gurgaon,Haryana,BR006,Mass,Professional,22-04-2022
C01340,Nisha Mehta,Female,21-04-1970,Ahmedabad,Gujarat,BR008,Mass,Salaried,25-06-2022
C01341,Isha Gupta,Male,17-05-1971,Mumbai,Maharashtra,BR001,Affluent,Salaried,21-01-2022
C01342,Riya Gupta,Male,25-06-1969,Gurgaon,Haryana,BR006,Affluent,Salaried,12-12-2022
C01343,Rahul Khan,Male,15-04-1980,Jaipur,Rajasthan,BR007,Mass,Salaried,03-05-2024
C01344,Kavya Verma,Female,18-02-1965,Nagpur,Maharashtra,BR003,Affluent,Salaried,13-08-2022
C01345,Kavya Patil,Female,12-01-1983,Nagpur,Maharashtra,BR003,Affluent,Professional,10-08-2024
C01346,Neha Mehta,Male,09-01-1967,Nashik,Maharashtra,BR004,Affluent,Student,29-03-2023
C01347,Amit Khan,Male,09-06-1982,New Delhi,Delhi,BR005,Mass,Salaried,04-12-2024
C01348,Vivaan Gupta,Female,05-05-1987,Nashik,Maharashtra,BR004,Affluent,Salaried,23-03-2023
C01349,Sahil Reddy,Female,22-09-1967,Bhubaneswar,Odisha,BR014,Affluent,Salaried,30-10-2022
C01350,Sahil Shaikh,Male,02-06-1964,Gurgaon,Haryana,BR006,Mass,Professional,15-07-2023
C01351,Rahul Deshmukh,Male,19-01-1995,Hyderabad,Telangana,BR011,Affluent,Salaried,07-06-2024
C01352,Amit Nair,Male,24-12-1992,Patna,Bihar,BR015,Affluent,Salaried,29-04-2023
C01353,Amit Singh,Male,14-05-1971,Pune,Maharashtra,BR002,Mass,Student,13-07-2025
C01354,Vivaan Khan,Female,02-02-1999,Bengaluru,Karnataka,BR009,Mass,Student,01-08-2023
C01355,Riya Gupta,Female,12-10-1969,Kochi,Kerala,BR012,Mass,Business Owner,25-06-2022
C01356,Amit Singh,Female,10-06-2000,Ahmedabad,Gujarat,BR008,Affluent,Salaried,21-02-2021
C01357,Vivaan Joshi,Female,27-04-1964,Gurgaon,Haryana,BR006,Mass,Self-Employed,18-12-2022
C01358,Vikram Khan,Male,19-10-1989,Gurgaon,Haryana,BR006,Mass,Salaried,10-04-2021
C01359,Amit Mehta,Female,20-05-1960,Nashik,Maharashtra,BR004,Mass,Business Owner,07-03-2021
C01360,Arjun Singh,Male,14-05-1968,Jaipur,Rajasthan,BR007,Affluent,Professional,09-11-2022
C01361,Pooja Verma,Male,20-02-1977,Patna,Bihar,BR015,Affluent,Salaried,15-06-2022
C01362,Nisha Deshmukh,Female,20-01-1963,Patna,Bihar,BR015,Mass,Student,04-06-2025
C01363,Isha Patil,Male,02-08-1980,Pune,Maharashtra,BR002,Mass,Self-Employed,26-08-2024
C01364,Isha Gupta,Female,07-07-1970,Bengaluru,Karnataka,BR009,Mass,Professional,15-12-2024
C01365,Pooja Iyer,Female,01-06-1964,New Delhi,Delhi,BR005,Mass,Salaried,24-09-2023
C01366,Rahul Shaikh,Female,14-09-2002,Kolkata,West Bengal,BR013,Affluent,Salaried,21-07-2021
C01367,Vivaan Deshmukh,Female,24-05-2003,Nashik,Maharashtra,BR004,Mass,Salaried,03-04-2025
C01368,Isha Mehta,Male,17-08-2002,Bhubaneswar,Odisha,BR014,Affluent,Business Owner,23-06-2023
C01369,Arjun Verma,Male,14-02-1966,Kochi,Kerala,BR012,Affluent,Salaried,23-02-2023
C01370,Amit Nair,Female,26-09-1976,Mumbai,Maharashtra,BR001,Affluent,Salaried,09-01-2024
C01371,Aditya Gupta,Female,05-08-1974,Mumbai,Maharashtra,BR001,Mass,Professional,26-10-2021
C01372,Ananya Shaikh,Female,03-09-1974,Kochi,Kerala,BR012,Mass,Professional,29-05-2023
C01373,Riya Nair,Male,25-04-1978,Mumbai,Maharashtra,BR001,Mass,Business Owner,12-01-2024
C01374,Karan Reddy,Male,25-10-1982,Jaipur,Rajasthan,BR007,Premium,Business Owner,27-06-2024
C01375,Isha Kulkarni,Male,19-05-1981,Kolkata,West Bengal,BR013,Affluent,Business Owner,03-07-2023
C01376,Arjun Sharma,Female,07-09-1972,Ahmedabad,Gujarat,BR008,Affluent,Business Owner,27-12-2025
C01377,Vikram Patil,Female,27-12-2003,Gurgaon,Haryana,BR006,Affluent,Salaried,14-12-2025
C01378,Rahul Deshmukh,Female,21-02-2003,Gurgaon,Haryana,BR006,Mass,Salaried,26-06-2021
C01379,Priya Shaikh,Male,19-06-1974,Nashik,Maharashtra,BR004,Mass,Self-Employed,01-06-2021
C01380,Aarav Shaikh,Male,07-07-1969,Patna,Bihar,BR015,Affluent,Salaried,31-07-2023
C01381,Sahil Reddy,Male,14-02-1983,New Delhi,Delhi,BR005,Mass,Self-Employed,20-02-2025
C01382,Karan Verma,Male,23-11-1976,Mumbai,Maharashtra,BR001,Premium,Self-Employed,25-07-2023
C01383,Priya Patil,Male,24-04-2003,New Delhi,Delhi,BR005,Affluent,Salaried,01-02-2022
C01384,Rohan Sharma,Female,16-05-1978,Patna,Bihar,BR015,Premium,Professional,24-10-2023
C01385,Neha Mehta,Male,15-04-1961,Nashik,Maharashtra,BR004,Affluent,Business Owner,19-09-2025
C01386,Priya Deshmukh,Male,19-07-1965,Kochi,Kerala,BR012,Mass,Self-Employed,01-11-2021
C01387,Karan Nair,Female,15-06-1963,Bengaluru,Karnataka,BR009,Mass,Retired,25-03-2023
C01388,Simran Patil,Female,12-08-1976,Kochi,Kerala,BR012,Mass,Salaried,11-03-2024
C01389,Simran Khan,Male,03-07-1973,Patna,Bihar,BR015,Affluent,Salaried,20-12-2022
C01390,Rohan Joshi,Male,04-11-1997,Kochi,Kerala,BR012,Mass,Salaried,22-03-2021
C01391,Aarav Gupta,Female,21-11-1999,Bhubaneswar,Odisha,BR014,Affluent,Self-Employed,07-05-2024
C01392,Arjun Joshi,Female,01-12-1966,Nagpur,Maharashtra,BR003,Mass,Salaried,15-09-2024
C01393,Kavya Nair,Female,02-03-2001,Hyderabad,Telangana,BR011,Mass,Student,11-04-2024
C01394,Rohan Singh,Male,25-06-1985,Ahmedabad,Gujarat,BR008,Mass,Salaried,25-04-2024
C01395,Sahil Mehta,Male,20-10-1973,Ahmedabad,Gujarat,BR008,Affluent,Self-Employed,14-04-2024
C01396,Ananya Das,Female,01-11-1977,Kolkata,West Bengal,BR013,Mass,Self-Employed,27-08-2022
C01397,Amit Sharma,Male,09-10-1979,Patna,Bihar,BR015,Mass,Salaried,31-01-2021
C01398,Simran Nair,Male,21-09-1967,Bengaluru,Karnataka,BR009,Mass,Professional,11-12-2025
C01399,Vikram Joshi,Female,12-09-1998,Jaipur,Rajasthan,BR007,Mass,Business Owner,09-01-2022
C01400,Riya Joshi,Male,13-08-1960,Gurgaon,Haryana,BR006,Premium,Professional,22-02-2025
C01401,Sahil Nair,Female,13-08-1963,Gurgaon,Haryana,BR006,Mass,Business Owner,15-09-2023
C01402,Kavya Joshi,Female,06-05-1972,New Delhi,Delhi,BR005,Mass,Self-Employed,13-09-2023
C01403,Arjun Mehta,Male,20-05-1966,Gurgaon,Haryana,BR006,Mass,Self-Employed,08-02-2021
C01404,Sneha Verma,Female,03-11-1962,Mumbai,Maharashtra,BR001,Mass,Business Owner,14-12-2025
C01405,Neha Deshmukh,Male,14-03-1976,Nashik,Maharashtra,BR004,Mass,Salaried,24-08-2023
C01406,Vivaan Singh,Female,05-09-1976,Hyderabad,Telangana,BR011,Mass,Self-Employed,24-02-2025
C01407,Pooja Shaikh,Female,02-04-1965,Gurgaon,Haryana,BR006,Mass,Salaried,21-11-2024
C01408,Neha Kulkarni,Female,04-01-1995,Bhubaneswar,Odisha,BR014,Mass,Business Owner,09-09-2021
C01409,Aarav Deshmukh,Male,24-09-1998,Ahmedabad,Gujarat,BR008,Mass,Salaried,27-09-2025
C01410,Rahul Gupta,Female,05-06-1991,Mumbai,Maharashtra,BR001,Affluent,Retired,16-12-2023
C01411,Ananya Sharma,Female,08-12-1982,Mumbai,Maharashtra,BR001,Mass,Salaried,05-12-2021
C01412,Aarav Mehta,Female,04-02-2001,Nagpur,Maharashtra,BR003,Affluent,Self-Employed,27-11-2023
C01413,Simran Sharma,Female,20-05-1975,Patna,Bihar,BR015,Affluent,Salaried,31-01-2024
C01414,Isha Patil,Male,13-05-1978,Pune,Maharashtra,BR002,Affluent,Salaried,07-04-2024
C01415,Sahil Mehta,Female,26-05-1960,Jaipur,Rajasthan,BR007,Mass,Salaried,11-08-2022
C01416,Sahil Patil,Male,18-09-1991,Bhubaneswar,Odisha,BR014,Affluent,Business Owner,14-09-2025
C01417,Isha Verma,Male,15-06-1964,Patna,Bihar,BR015,Affluent,Salaried,09-03-2022
C01418,Isha Deshmukh,Female,18-11-1989,New Delhi,Delhi,BR005,Premium,Salaried,18-06-2023
C01419,Priya Verma,Female,02-10-1994,Pune,Maharashtra,BR002,Affluent,Salaried,12-03-2025
C01420,Sneha Das,Female,26-11-1969,Mumbai,Maharashtra,BR001,Mass,Salaried,22-05-2021
C01421,Simran Nair,Male,26-09-1986,Nagpur,Maharashtra,BR003,Premium,Retired,07-01-2023
C01422,Rohan Singh,Male,08-07-1973,Mumbai,Maharashtra,BR001,Affluent,Self-Employed,26-05-2023
C01423,Karan Das,Male,17-08-1977,Ahmedabad,Gujarat,BR008,Mass,Professional,12-11-2024
C01424,Nisha Nair,Male,06-02-1983,Kolkata,West Bengal,BR013,Mass,Self-Employed,09-12-2024
C01425,Arjun Verma,Female,15-04-1970,Jaipur,Rajasthan,BR007,Premium,Self-Employed,26-12-2024
C01426,Pooja Reddy,Female,21-02-1995,Ahmedabad,Gujarat,BR008,Mass,Professional,17-10-2022
C01427,Karan Khan,Male,26-02-1977,Mumbai,Maharashtra,BR001,Affluent,Salaried,17-06-2023
C01428,Aditya Kulkarni,Male,10-09-1980,Hyderabad,Telangana,BR011,Mass,Student,19-02-2021
C01429,Sahil Joshi,Male,19-05-1995,Ahmedabad,Gujarat,BR008,Affluent,Self-Employed,11-02-2025
C01430,Kavya Sharma,Female,20-02-1970,Kochi,Kerala,BR012,Mass,Salaried,08-07-2022
C01431,Isha Verma,Female,06-07-1979,Bhubaneswar,Odisha,BR014,Affluent,Student,04-05-2023
C01432,Simran Das,Male,17-11-2003,New Delhi,Delhi,BR005,Mass,Salaried,30-05-2024
C01433,Neha Verma,Male,18-02-1977,Nagpur,Maharashtra,BR003,Premium,Retired,18-11-2024
C01434,Rohan Khan,Male,21-05-1965,New Delhi,Delhi,BR005,Mass,Retired,07-06-2021
C01435,Nisha Khan,Male,27-06-1972,Gurgaon,Haryana,BR006,Mass,Salaried,01-11-2024
C01436,Amit Joshi,Female,02-12-2002,Bhubaneswar,Odisha,BR014,Mass,Salaried,18-11-2022
C01437,Sneha Iyer,Female,06-05-1993,Gurgaon,Haryana,BR006,Mass,Professional,02-02-2023
C01438,Priya Reddy,Male,04-06-1995,Hyderabad,Telangana,BR011,Premium,Salaried,01-09-2021
C01439,Priya Mehta,Female,05-07-1971,Ahmedabad,Gujarat,BR008,Mass,Professional,01-08-2024
C01440,Arjun Shaikh,Male,13-08-1996,Pune,Maharashtra,BR002,Mass,Salaried,20-05-2023
C01441,Amit Sharma,Male,24-12-1977,New Delhi,Delhi,BR005,Affluent,Salaried,09-07-2021
C01442,Vikram Mehta,Female,13-08-1994,Bengaluru,Karnataka,BR009,Mass,Self-Employed,16-09-2021
C01443,Sahil Iyer,Male,19-09-1998,Bengaluru,Karnataka,BR009,Mass,Professional,10-08-2024
C01444,Nisha Kulkarni,Male,11-02-1969,Gurgaon,Haryana,BR006,Affluent,Professional,19-07-2021
C01445,Vivaan Mehta,Female,09-12-2001,New Delhi,Delhi,BR005,Mass,Business Owner,10-08-2023
C01446,Pooja Singh,Female,23-01-1987,Chennai,Tamil Nadu,BR010,Affluent,Salaried,28-06-2024
C01447,Sahil Mehta,Male,18-12-1992,Nagpur,Maharashtra,BR003,Affluent,Self-Employed,24-07-2025
C01448,Amit Singh,Female,10-08-1993,Bhubaneswar,Odisha,BR014,Mass,Salaried,16-10-2021
C01449,Arjun Joshi,Male,25-05-1967,Mumbai,Maharashtra,BR001,Mass,Salaried,25-06-2022
C01450,Rohan Kulkarni,Female,14-11-1992,Nagpur,Maharashtra,BR003,Affluent,Salaried,10-10-2021
C01451,Riya Joshi,Male,06-04-1969,Jaipur,Rajasthan,BR007,Mass,Business Owner,26-05-2025
C01452,Karan Das,Female,14-01-1971,Jaipur,Rajasthan,BR007,Affluent,Salaried,18-12-2023
C01453,Sneha Mehta,Male,19-07-1965,Jaipur,Rajasthan,BR007,Mass,Salaried,01-12-2025
C01454,Aarav Sharma,Female,10-10-1967,Gurgaon,Haryana,BR006,Mass,Business Owner,21-03-2021
C01455,Rohan Shaikh,Female,23-03-2003,Patna,Bihar,BR015,Affluent,Salaried,12-07-2024
C01456,Pooja Joshi,Male,15-10-1974,Jaipur,Rajasthan,BR007,Mass,Retired,02-03-2021
C01457,Nisha Singh,Female,13-01-1977,Jaipur,Rajasthan,BR007,Mass,Salaried,19-07-2021
C01458,Simran Singh,Male,24-08-1981,Gurgaon,Haryana,BR006,Mass,Salaried,27-02-2023
C01459,Karan Kulkarni,Female,13-07-1991,Nashik,Maharashtra,BR004,Affluent,Student,01-11-2022
C01460,Amit Verma,Male,12-05-1985,Ahmedabad,Gujarat,BR008,Mass,Business Owner,29-10-2022
C01461,Sahil Deshmukh,Male,03-01-1983,New Delhi,Delhi,BR005,Mass,Professional,04-05-2021
C01462,Karan Kulkarni,Female,10-10-1996,Ahmedabad,Gujarat,BR008,Mass,Self-Employed,22-09-2023
C01463,Nisha Mehta,Male,11-11-1981,Pune,Maharashtra,BR002,Premium,Salaried,15-09-2022
C01464,Rahul Mehta,Male,05-12-1993,Patna,Bihar,BR015,Mass,Business Owner,20-12-2025
C01465,Kavya Khan,Male,16-03-2000,Gurgaon,Haryana,BR006,Mass,Self-Employed,12-12-2024
C01466,Nisha Mehta,Male,04-10-1989,Kolkata,West Bengal,BR013,Mass,Self-Employed,05-03-2023
C01467,Kavya Reddy,Male,07-07-1961,Jaipur,Rajasthan,BR007,Mass,Salaried,29-10-2024
C01468,Isha Nair,Female,16-09-1971,Pune,Maharashtra,BR002,Mass,Salaried,18-11-2023
C01469,Arjun Singh,Female,08-08-1987,Kochi,Kerala,BR012,Affluent,Salaried,24-06-2023
C01470,Vivaan Verma,Male,18-04-1981,Bengaluru,Karnataka,BR009,Affluent,Professional,06-08-2025
C01471,Aarav Kulkarni,Male,19-05-1972,Hyderabad,Telangana,BR011,Mass,Salaried,09-12-2023
C01472,Ananya Reddy,Female,09-02-1974,Gurgaon,Haryana,BR006,Mass,Retired,02-06-2023
C01473,Arjun Verma,Female,03-02-1963,Ahmedabad,Gujarat,BR008,Mass,Salaried,01-11-2023
C01474,Sneha Iyer,Female,14-04-1970,Kochi,Kerala,BR012,Mass,Self-Employed,27-11-2024
C01475,Riya Patil,Male,03-02-1994,Ahmedabad,Gujarat,BR008,Mass,Salaried,15-09-2024
C01476,Amit Sharma,Male,14-11-1960,New Delhi,Delhi,BR005,Mass,Business Owner,29-09-2023
C01477,Kavya Patil,Female,20-09-1996,Bengaluru,Karnataka,BR009,Affluent,Professional,19-11-2021
C01478,Kavya Khan,Male,17-02-1974,Bengaluru,Karnataka,BR009,Mass,Self-Employed,09-03-2024
C01479,Aarav Nair,Male,13-11-1995,Patna,Bihar,BR015,Mass,Salaried,26-02-2023
C01480,Amit Mehta,Male,26-11-1971,Gurgaon,Haryana,BR006,Premium,Professional,30-08-2025
C01481,Ananya Verma,Female,03-07-1996,Gurgaon,Haryana,BR006,Mass,Salaried,17-07-2025
C01482,Sneha Mehta,Male,24-08-1985,Hyderabad,Telangana,BR011,Mass,Business Owner,02-01-2021
C01483,Rahul Gupta,Female,22-07-1997,Jaipur,Rajasthan,BR007,Mass,Professional,30-12-2025
C01484,Aarav Verma,Female,12-07-1962,Chennai,Tamil Nadu,BR010,Premium,Salaried,04-07-2025
C01485,Priya Khan,Male,05-12-1995,Gurgaon,Haryana,BR006,Mass,Business Owner,15-07-2025
C01486,Aditya Deshmukh,Female,05-06-1971,Nagpur,Maharashtra,BR003,Mass,Professional,28-06-2023
C01487,Amit Khan,Female,25-08-1975,Chennai,Tamil Nadu,BR010,Mass,Salaried,10-05-2022
C01488,Pooja Reddy,Male,07-12-1961,Nagpur,Maharashtra,BR003,Mass,Salaried,13-01-2024
C01489,Aarav Shaikh,Female,24-09-2001,Mumbai,Maharashtra,BR001,Mass,Self-Employed,01-06-2025
C01490,Karan Kulkarni,Male,14-11-1988,Ahmedabad,Gujarat,BR008,Mass,Professional,02-04-2023
C01491,Vivaan Iyer,Male,13-03-2003,Chennai,Tamil Nadu,BR010,Affluent,Self-Employed,05-12-2025
C01492,Vikram Patil,Female,17-10-1985,Kolkata,West Bengal,BR013,Affluent,Self-Employed,22-04-2022
C01493,Riya Patil,Female,06-05-1966,New Delhi,Delhi,BR005,Mass,Salaried,07-04-2025
C01494,Aditya Das,Male,12-08-1974,Nagpur,Maharashtra,BR003,Mass,Salaried,01-05-2021
C01495,Neha Mehta,Female,26-06-1979,Patna,Bihar,BR015,Mass,Salaried,13-03-2025
C01496,Sneha Deshmukh,Female,07-01-1966,Mumbai,Maharashtra,BR001,Mass,Salaried,22-09-2025
C01497,Ananya Sharma,Female,25-12-2000,Nagpur,Maharashtra,BR003,Affluent,Salaried,06-07-2024
C01498,Priya Verma,Male,27-04-2002,New Delhi,Delhi,BR005,Mass,Salaried,14-02-2024
C01499,Kavya Joshi,Male,02-03-1984,Jaipur,Rajasthan,BR007,Affluent,Business Owner,22-01-2023
C01500,Aditya Nair,Male,15-04-1985,Kolkata,West Bengal,BR013,Mass,Business Owner,14-05-2025
C01501,Rahul Verma,Female,05-01-1990,Chennai,Tamil Nadu,BR010,Affluent,Salaried,20-08-2021
C01502,Simran Reddy,Male,17-10-1989,Bengaluru,Karnataka,BR009,Affluent,Business Owner,16-06-2022
C01503,Riya Deshmukh,Female,27-08-1962,Nashik,Maharashtra,BR004,Affluent,Salaried,28-08-2021
C01504,Simran Patil,Male,25-03-1983,New Delhi,Delhi,BR005,Affluent,Salaried,23-05-2022
C01505,Priya Verma,Female,25-05-1994,Jaipur,Rajasthan,BR007,Affluent,Retired,14-08-2023
C01506,Karan Shaikh,Female,06-10-1995,Nagpur,Maharashtra,BR003,Mass,Self-Employed,06-09-2022
C01507,Rohan Mehta,Female,15-03-1986,New Delhi,Delhi,BR005,Mass,Salaried,07-02-2023
C01508,Simran Deshmukh,Female,07-07-1999,New Delhi,Delhi,BR005,Mass,Salaried,26-02-2022
C01509,Vikram Mehta,Female,25-04-1985,Nashik,Maharashtra,BR004,Affluent,Business Owner,07-10-2022
C01510,Neha Shaikh,Male,06-10-1976,Ahmedabad,Gujarat,BR008,Mass,Salaried,29-06-2023
C01511,Neha Kulkarni,Female,05-09-1979,Bengaluru,Karnataka,BR009,Premium,Retired,26-01-2022
C01512,Rohan Singh,Female,01-06-1990,Pune,Maharashtra,BR002,Mass,Self-Employed,06-09-2025
C01513,Pooja Joshi,Female,05-08-1999,Jaipur,Rajasthan,BR007,Affluent,Salaried,27-06-2025
C01514,Rahul Singh,Male,06-03-1970,Hyderabad,Telangana,BR011,Mass,Self-Employed,19-05-2025
C01515,Isha Shaikh,Female,03-03-1972,Chennai,Tamil Nadu,BR010,Premium,Business Owner,03-01-2021
C01516,Priya Kulkarni,Male,24-07-1988,Hyderabad,Telangana,BR011,Mass,Self-Employed,24-06-2023
C01517,Vikram Gupta,Male,22-04-1993,Gurgaon,Haryana,BR006,Mass,Retired,22-12-2024
C01518,Riya Gupta,Male,07-07-1977,Kochi,Kerala,BR012,Affluent,Student,29-09-2022
C01519,Priya Khan,Male,22-01-1988,New Delhi,Delhi,BR005,Mass,Salaried,27-02-2022
C01520,Simran Singh,Male,12-01-1960,New Delhi,Delhi,BR005,Mass,Salaried,22-01-2024
C01521,Isha Deshmukh,Male,21-01-1972,Nashik,Maharashtra,BR004,Affluent,Salaried,05-01-2021
C01522,Karan Gupta,Female,09-12-2002,Gurgaon,Haryana,BR006,Affluent,Business Owner,23-01-2024
C01523,Pooja Iyer,Male,16-04-1985,Gurgaon,Haryana,BR006,Mass,Business Owner,05-04-2023
C01524,Aditya Iyer,Male,11-07-1998,New Delhi,Delhi,BR005,Mass,Salaried,02-06-2024
C01525,Kavya Patil,Female,06-05-1969,Chennai,Tamil Nadu,BR010,Mass,Retired,31-05-2024
C01526,Aditya Kulkarni,Female,16-04-1972,New Delhi,Delhi,BR005,Mass,Salaried,06-09-2023
C01527,Kavya Gupta,Male,21-09-2002,New Delhi,Delhi,BR005,Mass,Professional,02-12-2023
C01528,Ananya Das,Male,21-07-2003,Nashik,Maharashtra,BR004,Mass,Professional,18-02-2021
C01529,Vikram Shaikh,Female,10-08-1998,Gurgaon,Haryana,BR006,Mass,Salaried,27-11-2025
C01530,Nisha Verma,Female,15-05-1973,New Delhi,Delhi,BR005,Mass,Salaried,19-05-2021
C01531,Sahil Mehta,Male,21-04-1995,New Delhi,Delhi,BR005,Affluent,Salaried,19-11-2025
C01532,Neha Verma,Male,02-03-1980,New Delhi,Delhi,BR005,Mass,Student,14-11-2025
C01533,Sneha Kulkarni,Female,02-06-1997,Chennai,Tamil Nadu,BR010,Mass,Salaried,03-08-2024
C01534,Rohan Joshi,Female,11-03-1997,Bhubaneswar,Odisha,BR014,Premium,Professional,24-09-2024
C01535,Vivaan Shaikh,Female,07-01-1979,Jaipur,Rajasthan,BR007,Affluent,Self-Employed,24-02-2021
C01536,Nisha Joshi,Female,11-07-1973,Bengaluru,Karnataka,BR009,Mass,Self-Employed,28-09-2025
C01537,Ananya Nair,Female,03-11-2002,Kochi,Kerala,BR012,Premium,Student,23-08-2023
C01538,Pooja Reddy,Female,16-09-1979,Patna,Bihar,BR015,Mass,Self-Employed,12-09-2022
C01539,Pooja Joshi,Female,19-08-1978,Ahmedabad,Gujarat,BR008,Mass,Professional,08-05-2024
C01540,Ananya Verma,Female,22-01-1989,Kolkata,West Bengal,BR013,Mass,Self-Employed,04-09-2023
C01541,Riya Khan,Male,18-04-2001,Kolkata,West Bengal,BR013,Mass,Salaried,23-10-2022
C01542,Riya Nair,Male,11-04-1965,Hyderabad,Telangana,BR011,Affluent,Salaried,11-08-2022
C01543,Aditya Kulkarni,Female,26-09-2003,Gurgaon,Haryana,BR006,Mass,Salaried,04-08-2021
C01544,Nisha Singh,Female,20-11-1978,Nashik,Maharashtra,BR004,Affluent,Professional,18-07-2025
C01545,Vikram Nair,Male,15-07-1961,Nagpur,Maharashtra,BR003,Mass,Salaried,30-04-2024
C01546,Neha Patil,Male,06-12-1973,Jaipur,Rajasthan,BR007,Mass,Self-Employed,10-06-2022
C01547,Rohan Kulkarni,Female,18-12-1980,Jaipur,Rajasthan,BR007,Mass,Salaried,13-08-2024
C01548,Sahil Shaikh,Female,16-08-1989,Gurgaon,Haryana,BR006,Mass,Business Owner,20-06-2024
C01549,Isha Patil,Male,19-10-1984,Ahmedabad,Gujarat,BR008,Premium,Professional,13-09-2021
C01550,Rohan Mehta,Male,22-02-1965,Ahmedabad,Gujarat,BR008,Affluent,Business Owner,16-11-2021
C01551,Aarav Gupta,Male,25-09-1981,Kochi,Kerala,BR012,Affluent,Retired,26-02-2022
C01552,Simran Das,Female,26-12-1970,Nagpur,Maharashtra,BR003,Affluent,Salaried,12-07-2021
C01553,Riya Verma,Female,18-01-1971,New Delhi,Delhi,BR005,Mass,Salaried,11-02-2025
C01554,Vivaan Iyer,Female,27-12-1991,Hyderabad,Telangana,BR011,Mass,Self-Employed,12-10-2021
C01555,Karan Reddy,Male,25-07-1995,Kochi,Kerala,BR012,Mass,Salaried,21-01-2025
C01556,Aditya Kulkarni,Female,01-11-1966,Patna,Bihar,BR015,Affluent,Business Owner,25-08-2023
C01557,Priya Nair,Male,18-11-1986,Kochi,Kerala,BR012,Mass,Professional,02-08-2021
C01558,Aditya Mehta,Female,05-07-1978,Kolkata,West Bengal,BR013,Mass,Salaried,23-03-2025
C01559,Nisha Gupta,Male,08-12-1974,New Delhi,Delhi,BR005,Affluent,Student,13-11-2021
C01560,Sneha Khan,Male,09-06-1991,Gurgaon,Haryana,BR006,Mass,Salaried,30-12-2025
C01561,Pooja Verma,Female,14-12-1970,New Delhi,Delhi,BR005,Mass,Business Owner,26-01-2021
C01562,Priya Nair,Male,01-02-1993,Ahmedabad,Gujarat,BR008,Mass,Self-Employed,12-02-2024
C01563,Sneha Joshi,Female,07-12-1977,Bhubaneswar,Odisha,BR014,Mass,Business Owner,27-07-2022
C01564,Arjun Gupta,Female,01-10-1964,New Delhi,Delhi,BR005,Mass,Salaried,02-09-2023
C01565,Kavya Shaikh,Male,18-11-1994,Ahmedabad,Gujarat,BR008,Affluent,Retired,14-03-2025
C01566,Sneha Joshi,Male,25-03-1997,New Delhi,Delhi,BR005,Affluent,Retired,07-12-2024
C01567,Vikram Kulkarni,Female,27-04-1984,Nagpur,Maharashtra,BR003,Mass,Self-Employed,29-05-2022
C01568,Karan Verma,Female,13-08-1991,Nashik,Maharashtra,BR004,Affluent,Self-Employed,27-04-2021
C01569,Neha Reddy,Male,08-01-1966,Nashik,Maharashtra,BR004,Affluent,Business Owner,02-06-2022
C01570,Riya Deshmukh,Male,24-01-1974,Bhubaneswar,Odisha,BR014,Affluent,Business Owner,17-01-2025
C01571,Sneha Reddy,Female,04-02-1975,Gurgaon,Haryana,BR006,Premium,Self-Employed,31-07-2023
C01572,Rahul Shaikh,Male,27-02-1993,Kochi,Kerala,BR012,Affluent,Business Owner,16-10-2024
C01573,Sahil Deshmukh,Female,20-12-1975,Bengaluru,Karnataka,BR009,Mass,Student,23-06-2023
C01574,Ananya Khan,Male,14-01-1992,Pune,Maharashtra,BR002,Mass,Business Owner,25-08-2023
C01575,Isha Gupta,Male,03-12-1973,Mumbai,Maharashtra,BR001,Mass,Salaried,29-04-2021
C01576,Riya Kulkarni,Female,01-10-1986,Hyderabad,Telangana,BR011,Mass,Student,11-02-2021
C01577,Nisha Deshmukh,Male,15-10-1969,New Delhi,Delhi,BR005,Premium,Salaried,08-07-2024
C01578,Neha Khan,Male,12-11-1984,Kolkata,West Bengal,BR013,Mass,Salaried,05-01-2022
C01579,Karan Iyer,Female,23-10-1963,Mumbai,Maharashtra,BR001,Mass,Retired,21-10-2022
C01580,Karan Sharma,Female,18-04-1992,Bengaluru,Karnataka,BR009,Premium,Salaried,07-11-2022
C01581,Rohan Singh,Female,12-06-1961,Hyderabad,Telangana,BR011,Affluent,Salaried,02-03-2024
C01582,Ananya Das,Male,07-10-2003,New Delhi,Delhi,BR005,Mass,Self-Employed,15-09-2025
C01583,Simran Joshi,Female,13-02-1996,New Delhi,Delhi,BR005,Premium,Professional,15-10-2024
C01584,Priya Iyer,Male,05-10-1985,Patna,Bihar,BR015,Mass,Salaried,11-03-2024
C01585,Aarav Singh,Male,19-05-2000,New Delhi,Delhi,BR005,Mass,Self-Employed,05-03-2025
C01586,Sahil Reddy,Male,17-06-1995,Gurgaon,Haryana,BR006,Mass,Salaried,21-07-2023
C01587,Kavya Deshmukh,Male,22-07-1966,Gurgaon,Haryana,BR006,Premium,Self-Employed,23-09-2021
C01588,Sneha Kulkarni,Male,13-11-1992,New Delhi,Delhi,BR005,Mass,Salaried,11-06-2023
C01589,Priya Shaikh,Female,08-06-1976,Hyderabad,Telangana,BR011,Mass,Salaried,21-11-2025
C01590,Rahul Reddy,Male,23-06-1997,Hyderabad,Telangana,BR011,Affluent,Retired,25-11-2024
C01591,Ananya Shaikh,Female,19-07-1998,Gurgaon,Haryana,BR006,Affluent,Business Owner,01-10-2022
C01592,Riya Das,Female,20-06-2001,Kochi,Kerala,BR012,Mass,Student,14-08-2022
C01593,Ananya Shaikh,Male,15-09-1979,Mumbai,Maharashtra,BR001,Mass,Student,04-08-2025
C01594,Simran Shaikh,Male,24-12-1968,Mumbai,Maharashtra,BR001,Premium,Retired,22-06-2021
C01595,Amit Iyer,Male,07-02-1965,Ahmedabad,Gujarat,BR008,Affluent,Professional,31-08-2025
C01596,Neha Shaikh,Male,11-12-1967,Patna,Bihar,BR015,Mass,Salaried,21-05-2024
C01597,Vivaan Gupta,Female,22-04-2003,Mumbai,Maharashtra,BR001,Mass,Professional,14-01-2025
C01598,Sneha Kulkarni,Female,04-08-1985,Mumbai,Maharashtra,BR001,Mass,Self-Employed,24-08-2022
C01599,Rohan Khan,Female,22-02-1975,Jaipur,Rajasthan,BR007,Affluent,Salaried,30-03-2024
C01600,Pooja Khan,Male,10-10-1979,Hyderabad,Telangana,BR011,Mass,Self-Employed,18-08-2022
C01601,Vivaan Joshi,Male,04-11-1967,Nashik,Maharashtra,BR004,Affluent,Salaried,01-02-2021
C01602,Priya Shaikh,Male,03-11-1985,Gurgaon,Haryana,BR006,Mass,Self-Employed,11-04-2023
C01603,Rohan Shaikh,Female,23-08-1978,Chennai,Tamil Nadu,BR010,Affluent,Professional,25-11-2025
C01604,Vikram Sharma,Male,22-08-1995,Gurgaon,Haryana,BR006,Mass,Self-Employed,20-03-2022
C01605,Aarav Gupta,Male,08-05-1960,Mumbai,Maharashtra,BR001,Affluent,Salaried,23-10-2021
C01606,Aarav Verma,Female,04-04-2000,Nagpur,Maharashtra,BR003,Mass,Salaried,11-08-2025
C01607,Priya Sharma,Male,07-04-1962,Gurgaon,Haryana,BR006,Mass,Student,21-07-2025
C01608,Ananya Deshmukh,Male,06-10-1978,Jaipur,Rajasthan,BR007,Mass,Self-Employed,27-03-2025
C01609,Priya Deshmukh,Female,20-02-1974,Kochi,Kerala,BR012,Mass,Self-Employed,19-11-2025
C01610,Kavya Patil,Male,06-07-1991,Bengaluru,Karnataka,BR009,Mass,Professional,15-12-2025
C01611,Arjun Verma,Male,06-09-1988,Bengaluru,Karnataka,BR009,Affluent,Student,04-08-2025
C01612,Sneha Nair,Male,01-10-1968,Patna,Bihar,BR015,Affluent,Self-Employed,28-10-2025
C01613,Simran Singh,Male,17-08-1981,Gurgaon,Haryana,BR006,Mass,Business Owner,21-09-2024
C01614,Amit Mehta,Female,19-05-1983,Gurgaon,Haryana,BR006,Mass,Salaried,29-07-2022
C01615,Vivaan Mehta,Male,18-05-1980,Bhubaneswar,Odisha,BR014,Mass,Retired,17-04-2023
C01616,Neha Shaikh,Female,16-03-1960,New Delhi,Delhi,BR005,Affluent,Self-Employed,26-11-2022
C01617,Isha Iyer,Male,27-10-1967,Chennai,Tamil Nadu,BR010,Mass,Business Owner,20-07-2023
C01618,Vikram Nair,Female,13-05-1982,Chennai,Tamil Nadu,BR010,Mass,Salaried,29-06-2024
C01619,Aditya Nair,Female,24-06-1971,Pune,Maharashtra,BR002,Mass,Business Owner,18-03-2022
C01620,Isha Shaikh,Male,18-12-1983,Gurgaon,Haryana,BR006,Mass,Salaried,29-01-2021
C01621,Sneha Verma,Female,03-10-1967,Mumbai,Maharashtra,BR001,Mass,Self-Employed,06-01-2024
C01622,Isha Khan,Female,22-10-1992,Nagpur,Maharashtra,BR003,Mass,Business Owner,20-12-2025
C01623,Rohan Verma,Female,16-09-1968,Gurgaon,Haryana,BR006,Mass,Professional,23-04-2025
C01624,Arjun Verma,Male,18-11-1988,New Delhi,Delhi,BR005,Affluent,Salaried,20-01-2021
C01625,Ananya Deshmukh,Female,05-11-1996,Hyderabad,Telangana,BR011,Mass,Student,30-12-2023
C01626,Priya Khan,Male,12-08-1975,Kolkata,West Bengal,BR013,Mass,Salaried,29-08-2023
C01627,Rohan Nair,Female,24-11-1966,Hyderabad,Telangana,BR011,Mass,Not Available,15-02-2023
C01628,Rahul Patil,Female,06-11-1960,New Delhi,Delhi,BR005,Affluent,Salaried,06-05-2024
C01629,Sahil Sharma,Male,01-06-1975,New Delhi,Delhi,BR005,Affluent,Salaried,18-02-2023
C01630,Vikram Iyer,Female,07-12-1965,New Delhi,Delhi,BR005,Mass,Student,28-07-2025
C01631,Rahul Kulkarni,Female,14-08-1998,Nashik,Maharashtra,BR004,Affluent,Salaried,16-07-2025
C01632,Sahil Gupta,Female,23-11-2002,Bhubaneswar,Odisha,BR014,Mass,Student,22-03-2024
C01633,Sneha Singh,Male,18-10-2003,Gurgaon,Haryana,BR006,Mass,Salaried,18-04-2023
C01634,Vikram Shaikh,Male,25-02-2000,New Delhi,Delhi,BR005,Affluent,Business Owner,27-12-2023
C01635,Simran Khan,Male,13-01-1985,Kochi,Kerala,BR012,Affluent,Salaried,02-07-2025
C01636,Nisha Joshi,Male,11-05-1974,Gurgaon,Haryana,BR006,Mass,Business Owner,03-07-2022
C01637,Nisha Gupta,Female,07-12-1979,Nashik,Maharashtra,BR004,Mass,Student,06-05-2025
C01638,Priya Deshmukh,Male,06-07-1971,Nashik,Maharashtra,BR004,Mass,Self-Employed,16-12-2023
C01639,Vikram Shaikh,Female,20-11-1996,Ahmedabad,Gujarat,BR008,Mass,Salaried,27-04-2021
C01640,Neha Deshmukh,Female,03-05-1979,Hyderabad,Telangana,BR011,Premium,Professional,30-09-2024
C01641,Rahul Reddy,Female,07-02-1976,Nagpur,Maharashtra,BR003,Mass,Business Owner,05-01-2022
C01642,Ananya Khan,Male,24-05-1990,Kolkata,West Bengal,BR013,Premium,Salaried,31-07-2023
C01643,Simran Sharma,Female,16-02-1976,Kochi,Kerala,BR012,Mass,Business Owner,02-10-2025
C01644,Sneha Mehta,Female,02-05-1975,Kochi,Kerala,BR012,Affluent,Business Owner,24-11-2024
C01645,Sneha Reddy,Female,20-08-1970,New Delhi,Delhi,BR005,Premium,Professional,01-07-2024
C01646,Sneha Deshmukh,Male,14-12-1962,Nagpur,Maharashtra,BR003,Affluent,Salaried,08-05-2021
C01647,Kavya Kulkarni,Female,24-04-1961,Kochi,Kerala,BR012,Mass,Self-Employed,18-04-2025
C01648,Kavya Mehta,Male,19-03-1977,New Delhi,Delhi,BR005,Mass,Retired,05-09-2022
C01649,Rohan Shaikh,Female,01-12-2003,Ahmedabad,Gujarat,BR008,Mass,Self-Employed,02-04-2021
C01650,Ananya Joshi,Male,06-12-1971,Chennai,Tamil Nadu,BR010,Mass,Self-Employed,19-10-2025
C01651,Vivaan Shaikh,Male,07-06-1988,Mumbai,Maharashtra,BR001,Premium,Retired,15-12-2021
C01652,Nisha Kulkarni,Female,19-02-1974,Hyderabad,Telangana,BR011,Mass,Salaried,14-08-2022
C01653,Isha Khan,Male,14-06-1973,Bhubaneswar,Odisha,BR014,Mass,Self-Employed,17-09-2021
C01654,Vivaan Verma,Female,21-06-1967,Chennai,Tamil Nadu,BR010,Mass,Professional,10-02-2024
C01655,Riya Joshi,Female,14-12-1984,Gurgaon,Haryana,BR006,Mass,Business Owner,04-05-2025
C01656,Isha Joshi,Male,09-02-1988,Kochi,Kerala,BR012,Mass,Retired,08-08-2023
C01657,Sahil Deshmukh,Male,03-06-1975,Jaipur,Rajasthan,BR007,Mass,Business Owner,07-05-2025
C01658,Nisha Mehta,Male,06-03-1983,Chennai,Tamil Nadu,BR010,Affluent,Salaried,07-09-2025
C01659,Priya Nair,Female,11-12-1980,Kochi,Kerala,BR012,Mass,Self-Employed,13-05-2025
C01660,Karan Iyer,Female,15-11-1971,Chennai,Tamil Nadu,BR010,Affluent,Salaried,25-10-2021
C01661,Neha Nair,Male,26-07-1990,New Delhi,Delhi,BR005,Mass,Retired,12-01-2022
C01662,Sahil Deshmukh,Male,07-09-1984,Nashik,Maharashtra,BR004,Mass,Salaried,01-07-2022
C01663,Vikram Deshmukh,Male,18-04-1962,New Delhi,Delhi,BR005,Affluent,Self-Employed,11-03-2024
C01664,Vikram Deshmukh,Female,05-01-1981,Jaipur,Rajasthan,BR007,Affluent,Self-Employed,24-04-2025
C01665,Isha Mehta,Male,20-01-1977,Jaipur,Rajasthan,BR007,Mass,Salaried,26-07-2022
C01666,Amit Verma,Male,01-06-1995,Ahmedabad,Gujarat,BR008,Affluent,Salaried,01-05-2024
C01667,Pooja Singh,Female,18-09-1973,Gurgaon,Haryana,BR006,Mass,Business Owner,08-12-2021
C01668,Neha Sharma,Male,05-09-2002,Hyderabad,Telangana,BR011,Mass,Salaried,19-09-2023
C01669,Aditya Sharma,Male,05-11-1987,Kolkata,West Bengal,BR013,Premium,Retired,24-11-2024
C01670,Riya Iyer,Female,16-07-1965,New Delhi,Delhi,BR005,Premium,Student,23-12-2022
C01671,Vivaan Sharma,Female,11-03-1977,Chennai,Tamil Nadu,BR010,Mass,Salaried,25-10-2021
C01672,Isha Joshi,Male,13-01-1998,Bengaluru,Karnataka,BR009,Premium,Student,22-01-2023
C01673,Vikram Deshmukh,Female,09-09-1971,Jaipur,Rajasthan,BR007,Affluent,Salaried,23-10-2024
C01674,Rohan Khan,Male,26-07-1991,Nagpur,Maharashtra,BR003,Mass,Salaried,04-09-2025
C01675,Karan Nair,Female,08-03-1994,Hyderabad,Telangana,BR011,Mass,Salaried,31-01-2024
C01676,Isha Khan,Male,15-02-1990,Patna,Bihar,BR015,Mass,Professional,10-05-2024
C01677,Priya Nair,Female,24-03-1963,Chennai,Tamil Nadu,BR010,Mass,Business Owner,05-02-2023
C01678,Nisha Reddy,Male,18-04-1976,Kolkata,West Bengal,BR013,Premium,Salaried,24-08-2025
C01679,Aditya Shaikh,Female,09-03-1975,Patna,Bihar,BR015,Mass,Business Owner,08-05-2025
C01680,Rohan Khan,Female,15-03-1975,New Delhi,Delhi,BR005,Mass,Business Owner,11-11-2025
C01681,Arjun Verma,Male,03-01-1998,Ahmedabad,Gujarat,BR008,Mass,Professional,26-04-2025
C01682,Priya Gupta,Male,15-07-1960,Jaipur,Rajasthan,BR007,Mass,Self-Employed,26-09-2023
C01683,Amit Shaikh,Female,12-04-1983,Patna,Bihar,BR015,Affluent,Professional,20-10-2025
C01684,Arjun Das,Male,21-05-2003,Pune,Maharashtra,BR002,Mass,Business Owner,19-01-2024
C01685,Priya Shaikh,Female,23-06-1998,Gurgaon,Haryana,BR006,Mass,Salaried,04-01-2024
C01686,Kavya Iyer,Female,06-03-1986,Kochi,Kerala,BR012,Mass,Professional,13-04-2024
C01687,Nisha Khan,Male,03-05-2003,New Delhi,Delhi,BR005,Affluent,Salaried,06-12-2021
C01688,Ananya Das,Male,11-09-1977,Hyderabad,Telangana,BR011,Affluent,Business Owner,13-03-2025
C01689,Kavya Shaikh,Female,15-05-1986,Gurgaon,Haryana,BR006,Affluent,Business Owner,25-10-2022
C01690,Riya Mehta,Male,11-01-1983,Patna,Bihar,BR015,Mass,Salaried,18-04-2024
C01691,Sahil Singh,Female,17-12-1962,Kolkata,West Bengal,BR013,Mass,Salaried,22-03-2025
C01692,Isha Patil,Male,14-07-1961,New Delhi,Delhi,BR005,Affluent,Business Owner,29-07-2021
C01693,Neha Iyer,Male,26-06-1999,Hyderabad,Telangana,BR011,Affluent,Student,04-07-2022
C01694,Neha Verma,Male,12-12-1967,New Delhi,Delhi,BR005,Mass,Professional,17-09-2025
C01695,Vivaan Singh,Male,03-12-1975,Ahmedabad,Gujarat,BR008,Affluent,Business Owner,22-10-2022
C01696,Pooja Singh,Female,09-04-1987,Bengaluru,Karnataka,BR009,Mass,Salaried,21-04-2024
C01697,Nisha Deshmukh,Male,17-09-1985,Kochi,Kerala,BR012,Mass,Salaried,23-10-2023
C01698,Neha Sharma,Female,07-06-1982,Pune,Maharashtra,BR002,Premium,Professional,08-05-2025
C01699,Priya Khan,Female,08-07-2003,New Delhi,Delhi,BR005,Mass,Self-Employed,21-07-2023
C01700,Pooja Khan,Male,10-06-1994,Chennai,Tamil Nadu,BR010,Premium,Professional,15-02-2023
C01701,Simran Verma,Male,21-11-2001,Ahmedabad,Gujarat,BR008,Mass,Salaried,31-01-2021
C01702,Amit Khan,Female,26-03-1988,Jaipur,Rajasthan,BR007,Premium,Salaried,17-05-2023
C01703,Rohan Nair,Female,10-08-2003,Nagpur,Maharashtra,BR003,Mass,Business Owner,05-12-2023
C01704,Rahul Joshi,Male,06-07-1986,New Delhi,Delhi,BR005,Affluent,Business Owner,11-06-2024
C01705,Nisha Deshmukh,Male,12-01-1983,Kochi,Kerala,BR012,Affluent,Business Owner,25-11-2024
C01706,Aarav Gupta,Female,10-10-1995,Mumbai,Maharashtra,BR001,Mass,Salaried,18-11-2024
C01707,Karan Verma,Male,27-05-1998,Gurgaon,Haryana,BR006,Mass,Professional,19-04-2023
C01708,Rohan Joshi,Female,13-12-1963,Bhubaneswar,Odisha,BR014,Mass,Self-Employed,24-05-2021
C01709,Karan Verma,Male,19-01-2000,Nashik,Maharashtra,BR004,Mass,Professional,10-04-2022
C01710,Amit Gupta,Female,25-09-1990,Chennai,Tamil Nadu,BR010,Premium,Business Owner,14-01-2023
C01711,Rohan Mehta,Male,17-12-1999,New Delhi,Delhi,BR005,Mass,Self-Employed,23-11-2025
C01712,Simran Joshi,Female,07-02-1991,Kochi,Kerala,BR012,Affluent,Business Owner,06-11-2024
C01713,Priya Das,Male,17-09-2000,Chennai,Tamil Nadu,BR010,Mass,Self-Employed,22-06-2025
C01714,Ananya Shaikh,Male,11-06-1972,Kolkata,West Bengal,BR013,Mass,Self-Employed,17-12-2025
C01715,Karan Joshi,Male,12-09-1968,Pune,Maharashtra,BR002,Premium,Business Owner,01-09-2021
C01716,Sahil Khan,Female,27-02-1968,Jaipur,Rajasthan,BR007,Mass,Salaried,22-01-2021
C01717,Aditya Gupta,Male,08-05-1971,Hyderabad,Telangana,BR011,Mass,Student,15-11-2023
C01718,Simran Kulkarni,Male,13-01-1969,New Delhi,Delhi,BR005,Mass,Salaried,29-04-2022
C01719,Kavya Khan,Female,05-12-1979,New Delhi,Delhi,BR005,Mass,Salaried,06-05-2025
C01720,Amit Singh,Male,05-03-1968,Mumbai,Maharashtra,BR001,Mass,Professional,29-04-2023
C01721,Amit Mehta,Male,17-02-1966,Patna,Bihar,BR015,Affluent,Salaried,18-01-2021
C01722,Karan Sharma,Female,21-04-1983,Chennai,Tamil Nadu,BR010,Mass,Retired,12-02-2022
C01723,Riya Nair,Female,18-05-1994,Ahmedabad,Gujarat,BR008,Affluent,Self-Employed,16-09-2022
C01724,Vivaan Mehta,Female,09-02-1965,Chennai,Tamil Nadu,BR010,Affluent,Salaried,19-02-2021
C01725,Neha Reddy,Male,02-05-1982,Jaipur,Rajasthan,BR007,Mass,Salaried,03-08-2022
C01726,Nisha Mehta,Male,13-06-1989,Jaipur,Rajasthan,BR007,Mass,Salaried,13-09-2023
C01727,Pooja Das,Female,14-05-1991,Gurgaon,Haryana,BR006,Mass,Salaried,20-06-2025
C01728,Kavya Verma,Male,21-10-1964,Bengaluru,Karnataka,BR009,Affluent,Salaried,31-03-2024
C01729,Kavya Mehta,Female,18-01-1992,Pune,Maharashtra,BR002,Mass,Salaried,20-06-2021
C01730,Aarav Reddy,Male,24-11-1961,Kolkata,West Bengal,BR013,Mass,Salaried,30-01-2023
C01731,Kavya Gupta,Female,22-04-1970,Hyderabad,Telangana,BR011,Mass,Self-Employed,04-11-2024
C01732,Sahil Gupta,Female,10-10-1974,New Delhi,Delhi,BR005,Mass,Salaried,07-11-2022
C01733,Aditya Das,Male,18-11-1997,Ahmedabad,Gujarat,BR008,Affluent,Salaried,26-10-2023
C01734,Aarav Singh,Male,21-10-1968,Nashik,Maharashtra,BR004,Mass,Salaried,05-12-2025
C01735,Aarav Kulkarni,Male,26-10-1994,Patna,Bihar,BR015,Mass,Salaried,09-09-2021
C01736,Simran Deshmukh,Male,12-11-2003,Kolkata,West Bengal,BR013,Mass,Salaried,22-05-2023
C01737,Ananya Iyer,Female,18-07-2002,Bhubaneswar,Odisha,BR014,Affluent,Salaried,19-01-2024
C01738,Nisha Iyer,Male,11-11-1973,New Delhi,Delhi,BR005,Affluent,Salaried,28-12-2024
C01739,Rohan Singh,Male,20-04-1964,Pune,Maharashtra,BR002,Mass,Retired,09-03-2025
C01740,Kavya Verma,Male,25-12-1969,Nagpur,Maharashtra,BR003,Mass,Salaried,09-06-2022
C01741,Sneha Sharma,Female,25-02-1993,Nashik,Maharashtra,BR004,Affluent,Salaried,03-05-2023
C01742,Riya Deshmukh,Male,05-10-1968,Mumbai,Maharashtra,BR001,Mass,Business Owner,24-02-2025
C01743,Pooja Iyer,Male,06-01-1988,Nashik,Maharashtra,BR004,Mass,Self-Employed,12-03-2025
C01744,Rohan Mehta,Female,21-12-1976,Patna,Bihar,BR015,Mass,Salaried,13-02-2025
C01745,Riya Khan,Male,18-07-1993,Pune,Maharashtra,BR002,Mass,Professional,04-05-2024
C01746,Kavya Verma,Male,25-05-1986,Nagpur,Maharashtra,BR003,Mass,Business Owner,04-05-2022
C01747,Priya Joshi,Female,09-02-1985,Kochi,Kerala,BR012,Mass,Retired,04-11-2022
C01748,Sneha Iyer,Male,23-03-1994,Ahmedabad,Gujarat,BR008,Mass,Retired,12-04-2024
C01749,Vikram Khan,Female,19-07-2002,Hyderabad,Telangana,BR011,Mass,Business Owner,10-04-2022
C01750,Amit Deshmukh,Female,06-12-1976,Ahmedabad,Gujarat,BR008,Mass,Business Owner,30-05-2024
C01751,Isha Reddy,Female,04-12-1983,Kolkata,West Bengal,BR013,Mass,Self-Employed,30-07-2023
C01752,Vikram Das,Male,19-10-1987,Ahmedabad,Gujarat,BR008,Mass,Student,20-03-2023
C01753,Vivaan Patil,Male,05-10-1996,Jaipur,Rajasthan,BR007,Mass,Self-Employed,12-10-2022
C01754,Aarav Nair,Male,22-12-1981,Chennai,Tamil Nadu,BR010,Affluent,Salaried,13-11-2024
C01755,Arjun Deshmukh,Male,16-02-1976,Gurgaon,Haryana,BR006,Premium,Salaried,30-04-2023
C01756,Kavya Reddy,Male,13-10-1997,New Delhi,Delhi,BR005,Mass,Business Owner,15-07-2022
C01757,Simran Sharma,Female,08-05-2001,Gurgaon,Haryana,BR006,Mass,Self-Employed,03-12-2022
C01758,Amit Joshi,Female,27-07-1985,Mumbai,Maharashtra,BR001,Mass,Professional,04-06-2023
C01759,Sneha Deshmukh,Male,20-08-1964,Hyderabad,Telangana,BR011,Affluent,Salaried,02-02-2024
C01760,Priya Verma,Female,22-10-1972,New Delhi,Delhi,BR005,Mass,Professional,14-12-2025
C01761,Aditya Mehta,Female,21-05-1980,Mumbai,Maharashtra,BR001,Mass,Salaried,14-09-2022
C01762,Rahul Singh,Female,16-04-1990,New Delhi,Delhi,BR005,Affluent,Business Owner,23-11-2021
C01763,Isha Singh,Female,26-04-1989,Kochi,Kerala,BR012,Mass,Self-Employed,21-11-2025
C01764,Priya Sharma,Female,16-09-1996,New Delhi,Delhi,BR005,Mass,Salaried,27-09-2021
C01765,Ananya Mehta,Male,15-06-1961,Bengaluru,Karnataka,BR009,Mass,Self-Employed,09-07-2025
C01766,Aditya Shaikh,Male,08-10-1980,Kochi,Kerala,BR012,Affluent,Salaried,17-09-2021
C01767,Isha Nair,Female,08-10-1990,Nashik,Maharashtra,BR004,Affluent,Salaried,27-10-2022
C01768,Neha Das,Female,20-02-2003,Chennai,Tamil Nadu,BR010,Mass,Professional,28-12-2025
C01769,Arjun Verma,Female,10-09-1966,New Delhi,Delhi,BR005,Affluent,Salaried,30-10-2021
C01770,Simran Khan,Female,20-08-1998,Nashik,Maharashtra,BR004,Mass,Professional,20-10-2021
C01771,Sneha Shaikh,Male,26-10-1960,Bengaluru,Karnataka,BR009,Mass,Business Owner,18-01-2024
C01772,Vikram Joshi,Male,12-11-1968,Kolkata,West Bengal,BR013,Affluent,Salaried,14-12-2021
C01773,Karan Nair,Female,03-03-1997,New Delhi,Delhi,BR005,Affluent,Student,14-02-2021
C01774,Nisha Joshi,Male,18-07-1994,Ahmedabad,Gujarat,BR008,Premium,Professional,22-06-2024
C01775,Neha Sharma,Female,01-09-2002,New Delhi,Delhi,BR005,Affluent,Professional,18-10-2025
C01776,Rohan Sharma,Female,22-09-1986,Ahmedabad,Gujarat,BR008,Mass,Professional,18-10-2024
C01777,Riya Shaikh,Female,15-09-1987,Ahmedabad,Gujarat,BR008,Mass,Business Owner,27-10-2025
C01778,Vikram Iyer,Male,14-01-1983,Ahmedabad,Gujarat,BR008,Mass,Retired,21-08-2023
C01779,Pooja Deshmukh,Female,16-08-1982,Ahmedabad,Gujarat,BR008,Mass,Salaried,27-01-2024
C01780,Aarav Singh,Male,14-07-1982,Nashik,Maharashtra,BR004,Mass,Salaried,30-11-2025
C01781,Priya Verma,Female,09-07-1972,Bengaluru,Karnataka,BR009,Mass,Business Owner,09-07-2023
C01782,Pooja Nair,Male,08-08-1997,Bengaluru,Karnataka,BR009,Mass,Salaried,13-03-2021
C01783,Rahul Verma,Female,12-06-1975,Bengaluru,Karnataka,BR009,Affluent,Business Owner,13-03-2022
C01784,Vikram Iyer,Male,25-09-1986,Nagpur,Maharashtra,BR003,Mass,Self-Employed,08-02-2024
C01785,Vivaan Nair,Male,04-08-1989,Gurgaon,Haryana,BR006,Mass,Salaried,15-04-2025
C01786,Isha Joshi,Male,09-09-1983,Gurgaon,Haryana,BR006,Affluent,Student,13-01-2024
C01787,Priya Nair,Male,06-01-1986,Pune,Maharashtra,BR002,Mass,Salaried,11-01-2023
C01788,Isha Verma,Male,12-12-1962,New Delhi,Delhi,BR005,Mass,Salaried,10-08-2022
C01789,Vivaan Deshmukh,Female,04-03-1973,Gurgaon,Haryana,BR006,Mass,Business Owner,01-06-2024
C01790,Aditya Patil,Female,21-08-1979,Chennai,Tamil Nadu,BR010,Affluent,Professional,01-07-2025
C01791,Nisha Joshi,Male,03-05-1977,New Delhi,Delhi,BR005,Affluent,Professional,23-05-2022
C01792,Sneha Shaikh,Female,18-05-1999,Kochi,Kerala,BR012,Mass,Salaried,07-10-2023
C01793,Aditya Sharma,Female,08-02-1999,Ahmedabad,Gujarat,BR008,Mass,Student,20-02-2023
C01794,Karan Sharma,Female,13-01-1991,Chennai,Tamil Nadu,BR010,Mass,Business Owner,26-03-2022
C01795,Amit Verma,Male,06-03-1975,Jaipur,Rajasthan,BR007,Mass,Professional,11-01-2023
C01796,Neha Singh,Male,20-02-1962,Jaipur,Rajasthan,BR007,Affluent,Salaried,11-06-2021
C01797,Vikram Mehta,Female,26-06-1993,Ahmedabad,Gujarat,BR008,Affluent,Salaried,27-08-2023
C01798,Vivaan Verma,Male,06-05-1998,Bhubaneswar,Odisha,BR014,Affluent,Self-Employed,15-07-2021
C01799,Nisha Das,Male,26-03-1981,Jaipur,Rajasthan,BR007,Premium,Self-Employed,16-05-2023
C01800,Sahil Das,Female,09-08-1996,Jaipur,Rajasthan,BR007,Mass,Salaried,27-06-2025
C01801,Neha Patil,Male,16-08-2000,Ahmedabad,Gujarat,BR008,Premium,Self-Employed,24-09-2021
C01802,Riya Mehta,Female,19-02-1984,Chennai,Tamil Nadu,BR010,Affluent,Business Owner,03-04-2022
C01803,Ananya Deshmukh,Male,06-02-1969,Mumbai,Maharashtra,BR001,Mass,Salaried,09-08-2024
C01804,Vikram Reddy,Female,13-09-1960,Jaipur,Rajasthan,BR007,Affluent,Self-Employed,15-07-2025
C01805,Neha Gupta,Female,02-03-1993,Jaipur,Rajasthan,BR007,Affluent,Salaried,11-10-2025
C01806,Rahul Reddy,Female,19-08-1984,Bhubaneswar,Odisha,BR014,Premium,Student,08-08-2021
C01807,Rohan Patil,Female,12-03-1966,Jaipur,Rajasthan,BR007,Mass,Not Available,13-03-2022
C01808,Riya Verma,Female,25-05-1962,Gurgaon,Haryana,BR006,Mass,Self-Employed,02-12-2025
C01809,Ananya Kulkarni,Male,08-10-2002,Patna,Bihar,BR015,Affluent,Retired,13-07-2023
C01810,Kavya Deshmukh,Female,25-07-1974,Gurgaon,Haryana,BR006,Mass,Business Owner,02-03-2025
C01811,Pooja Iyer,Female,04-05-1974,Pune,Maharashtra,BR002,Affluent,Salaried,27-01-2021
C01812,Simran Sharma,Male,17-04-1987,Nagpur,Maharashtra,BR003,Mass,Business Owner,01-08-2021
C01813,Pooja Khan,Male,09-12-1976,Pune,Maharashtra,BR002,Mass,Retired,09-01-2022
C01814,Riya Sharma,Male,05-01-2000,Pune,Maharashtra,BR002,Mass,Salaried,07-06-2021
C01815,Rohan Khan,Female,03-05-1989,Gurgaon,Haryana,BR006,Affluent,Business Owner,15-06-2025
C01816,Ananya Sharma,Female,18-01-1975,Chennai,Tamil Nadu,BR010,Mass,Salaried,07-01-2025
C01817,Aarav Joshi,Male,07-10-1971,Chennai,Tamil Nadu,BR010,Affluent,Professional,14-12-2022
C01818,Nisha Joshi,Male,16-07-1997,Mumbai,Maharashtra,BR001,Affluent,Business Owner,23-05-2021
C01819,Amit Deshmukh,Female,27-09-1986,Ahmedabad,Gujarat,BR008,Affluent,Retired,13-07-2021
C01820,Priya Gupta,Male,09-11-2000,Pune,Maharashtra,BR002,Mass,Business Owner,24-04-2022
C01821,Priya Sharma,Female,01-12-1975,Bhubaneswar,Odisha,BR014,Mass,Salaried,20-08-2024
C01822,Rohan Kulkarni,Male,04-12-1960,Mumbai,Maharashtra,BR001,Affluent,Self-Employed,03-01-2025
C01823,Vikram Sharma,Male,04-02-1999,Ahmedabad,Gujarat,BR008,Mass,Student,12-09-2023
C01824,Aditya Iyer,Male,13-02-1970,New Delhi,Delhi,BR005,Mass,Salaried,16-07-2025
C01825,Vikram Sharma,Female,21-08-1997,Bengaluru,Karnataka,BR009,Premium,Salaried,22-08-2025
C01826,Pooja Joshi,Female,09-01-1991,Gurgaon,Haryana,BR006,Mass,Business Owner,02-11-2024
C01827,Sahil Nair,Male,04-02-1970,Chennai,Tamil Nadu,BR010,Mass,Self-Employed,24-05-2021
C01828,Vikram Singh,Male,18-09-1993,New Delhi,Delhi,BR005,Premium,Salaried,13-06-2025
C01829,Pooja Deshmukh,Male,09-03-1963,Kolkata,West Bengal,BR013,Mass,Salaried,17-07-2025
C01830,Rohan Kulkarni,Male,16-12-1977,Jaipur,Rajasthan,BR007,Mass,Salaried,20-10-2023
C01831,Pooja Patil,Female,26-03-1975,Chennai,Tamil Nadu,BR010,Mass,Business Owner,31-12-2023
C01832,Arjun Kulkarni,Male,08-03-1988,Kochi,Kerala,BR012,Affluent,Self-Employed,24-11-2024
C01833,Aditya Nair,Male,14-09-1983,Patna,Bihar,BR015,Affluent,Self-Employed,18-12-2023
C01834,Aditya Das,Male,22-01-1986,New Delhi,Delhi,BR005,Affluent,Professional,21-09-2022
C01835,Sneha Mehta,Male,19-03-1980,New Delhi,Delhi,BR005,Premium,Salaried,26-06-2024
C01836,Rahul Gupta,Male,21-05-1992,New Delhi,Delhi,BR005,Mass,Business Owner,04-12-2024
C01837,Pooja Reddy,Male,21-11-1967,New Delhi,Delhi,BR005,Mass,Salaried,16-09-2021
C01838,Rohan Singh,Male,15-12-1991,Ahmedabad,Gujarat,BR008,Mass,Self-Employed,26-05-2024
C01839,Nisha Shaikh,Male,15-01-1962,Patna,Bihar,BR015,Premium,Self-Employed,13-11-2021
C01840,Sneha Khan,Male,20-06-1963,Patna,Bihar,BR015,Premium,Business Owner,16-11-2023
C01841,Kavya Khan,Female,19-03-1991,Jaipur,Rajasthan,BR007,Mass,Retired,16-07-2021
C01842,Rahul Mehta,Male,19-06-1966,Ahmedabad,Gujarat,BR008,Affluent,Salaried,17-12-2025
C01843,Karan Khan,Male,11-06-1993,Kochi,Kerala,BR012,Affluent,Salaried,04-05-2024
C01844,Ananya Sharma,Male,23-03-1965,Bhubaneswar,Odisha,BR014,Mass,Self-Employed,08-05-2023
C01845,Nisha Sharma,Female,07-01-1966,Mumbai,Maharashtra,BR001,Mass,Self-Employed,10-07-2023
C01846,Vikram Nair,Female,05-06-2001,Jaipur,Rajasthan,BR007,Premium,Salaried,05-02-2024
C01847,Arjun Patil,Female,10-12-1967,Kochi,Kerala,BR012,Mass,Student,16-08-2021
C01848,Pooja Patil,Female,07-03-2000,New Delhi,Delhi,BR005,Mass,Professional,21-07-2023
C01849,Riya Mehta,Female,18-03-1975,Gurgaon,Haryana,BR006,Premium,Self-Employed,31-07-2024
C01850,Riya Shaikh,Male,07-06-1995,Patna,Bihar,BR015,Mass,Self-Employed,21-04-2022
C01851,Aditya Das,Female,18-11-2001,Patna,Bihar,BR015,Mass,Salaried,26-05-2023
C01852,Isha Nair,Female,14-05-1965,Kolkata,West Bengal,BR013,Affluent,Self-Employed,27-08-2022
C01853,Vikram Mehta,Male,05-08-1974,Hyderabad,Telangana,BR011,Mass,Business Owner,22-10-2021
C01854,Priya Mehta,Male,07-10-1985,New Delhi,Delhi,BR005,Mass,Student,23-11-2025
C01855,Rohan Gupta,Male,15-01-1998,New Delhi,Delhi,BR005,Mass,Self-Employed,19-12-2023
C01856,Ananya Sharma,Male,20-11-1968,Ahmedabad,Gujarat,BR008,Affluent,Salaried,17-12-2022
C01857,Vikram Verma,Female,11-04-1968,Ahmedabad,Gujarat,BR008,Mass,Salaried,10-09-2022
C01858,Vivaan Patil,Male,07-08-1976,Jaipur,Rajasthan,BR007,Affluent,Salaried,25-05-2024
C01859,Sahil Patil,Female,08-10-1969,Ahmedabad,Gujarat,BR008,Affluent,Retired,17-07-2021
C01860,Vikram Singh,Female,03-03-1971,Gurgaon,Haryana,BR006,Mass,Professional,02-11-2023
C01861,Riya Patil,Male,01-09-1965,Chennai,Tamil Nadu,BR010,Affluent,Professional,25-02-2022
C01862,Amit Patil,Male,27-10-1996,New Delhi,Delhi,BR005,Affluent,Student,13-06-2025
C01863,Amit Joshi,Female,03-02-1995,New Delhi,Delhi,BR005,Premium,Salaried,03-12-2024
C01864,Isha Mehta,Female,04-12-1966,Mumbai,Maharashtra,BR001,Mass,Business Owner,15-10-2024
C01865,Simran Khan,Male,24-05-1983,Nagpur,Maharashtra,BR003,Mass,Business Owner,24-09-2021
C01866,Vivaan Sharma,Male,18-02-1988,Kochi,Kerala,BR012,Affluent,Salaried,28-05-2021
C01867,Karan Khan,Female,12-05-1987,Gurgaon,Haryana,BR006,Premium,Self-Employed,18-04-2023
C01868,Vivaan Shaikh,Female,18-12-2003,New Delhi,Delhi,BR005,Premium,Business Owner,12-10-2022
C01869,Nisha Iyer,Male,26-04-1988,Chennai,Tamil Nadu,BR010,Mass,Student,15-08-2024
C01870,Aarav Nair,Male,03-07-1990,Ahmedabad,Gujarat,BR008,Mass,Salaried,23-07-2024
C01871,Rohan Mehta,Female,07-05-1961,Pune,Maharashtra,BR002,Mass,Student,27-12-2022
C01872,Vikram Mehta,Male,24-08-1963,New Delhi,Delhi,BR005,Affluent,Retired,22-10-2021
C01873,Isha Kulkarni,Male,22-01-1987,Mumbai,Maharashtra,BR001,Affluent,Retired,16-08-2022
C01874,Priya Deshmukh,Female,27-11-1999,Bengaluru,Karnataka,BR009,Affluent,Salaried,09-07-2023
C01875,Pooja Khan,Male,09-08-1977,New Delhi,Delhi,BR005,Mass,Salaried,08-04-2022
C01876,Karan Patil,Male,26-02-1988,Nagpur,Maharashtra,BR003,Premium,Business Owner,04-08-2022
C01877,Pooja Mehta,Female,10-05-1969,Mumbai,Maharashtra,BR001,Mass,Salaried,16-03-2022
C01878,Ananya Singh,Female,20-09-1980,Ahmedabad,Gujarat,BR008,Mass,Salaried,29-04-2021
C01879,Rahul Khan,Male,24-10-1993,Mumbai,Maharashtra,BR001,Mass,Professional,03-01-2024
C01880,Nisha Verma,Male,05-11-1989,Kochi,Kerala,BR012,Mass,Salaried,26-12-2025
C01881,Aditya Verma,Female,06-03-1965,Mumbai,Maharashtra,BR001,Affluent,Self-Employed,05-10-2025
C01882,Simran Shaikh,Female,16-08-1998,Ahmedabad,Gujarat,BR008,Mass,Retired,25-08-2025
C01883,Nisha Mehta,Female,23-11-2000,Gurgaon,Haryana,BR006,Mass,Self-Employed,18-04-2024
C01884,Riya Deshmukh,Female,03-10-1980,Gurgaon,Haryana,BR006,Mass,Student,26-09-2024
C01885,Aarav Joshi,Female,23-09-1974,Pune,Maharashtra,BR002,Mass,Self-Employed,28-04-2021
C01886,Amit Shaikh,Female,10-12-1983,Hyderabad,Telangana,BR011,Affluent,Salaried,03-01-2022
C01887,Neha Patil,Female,11-10-1995,Kolkata,West Bengal,BR013,Mass,Salaried,13-07-2024
C01888,Sneha Iyer,Male,10-02-1979,Nashik,Maharashtra,BR004,Mass,Salaried,11-12-2025
C01889,Vivaan Joshi,Female,25-04-1961,Mumbai,Maharashtra,BR001,Mass,Salaried,17-07-2025
C01890,Sneha Sharma,Female,04-03-1963,Kolkata,West Bengal,BR013,Affluent,Student,26-02-2024
C01891,Karan Shaikh,Male,16-07-1995,Ahmedabad,Gujarat,BR008,Mass,Student,18-07-2021
C01892,Aarav Iyer,Male,04-07-1994,Pune,Maharashtra,BR002,Mass,Salaried,31-10-2025
C01893,Amit Reddy,Female,26-06-1993,Mumbai,Maharashtra,BR001,Mass,Salaried,04-08-2022
C01894,Priya Nair,Male,22-02-1965,Bengaluru,Karnataka,BR009,Mass,Business Owner,19-03-2021
C01895,Nisha Deshmukh,Female,07-02-1967,Chennai,Tamil Nadu,BR010,Mass,Self-Employed,03-11-2024
C01896,Karan Mehta,Male,09-11-1977,Ahmedabad,Gujarat,BR008,Mass,Salaried,13-11-2021
C01897,Kavya Mehta,Male,11-07-1970,Patna,Bihar,BR015,Affluent,Salaried,05-07-2022
C01898,Neha Khan,Male,11-08-1977,Jaipur,Rajasthan,BR007,Mass,Salaried,21-05-2024
C01899,Nisha Deshmukh,Female,23-06-1984,New Delhi,Delhi,BR005,Mass,Self-Employed,29-10-2025
C01900,Vikram Singh,Male,16-07-1972,Jaipur,Rajasthan,BR007,Premium,Salaried,15-07-2025
C01901,Amit Khan,Female,12-10-1965,New Delhi,Delhi,BR005,Mass,Professional,26-10-2021
C01902,Riya Nair,Male,20-10-1977,New Delhi,Delhi,BR005,Mass,Salaried,17-11-2021
C01903,Kavya Gupta,Male,13-11-1991,Pune,Maharashtra,BR002,Mass,Self-Employed,17-01-2025
C01904,Rahul Sharma,Male,04-07-1987,New Delhi,Delhi,BR005,Mass,Self-Employed,03-08-2022
C01905,Pooja Verma,Male,03-02-1974,Chennai,Tamil Nadu,BR010,Mass,Salaried,23-05-2021
C01906,Riya Nair,Female,09-08-1973,Nagpur,Maharashtra,BR003,Affluent,Student,11-12-2023
C01907,Aditya Nair,Female,17-04-1985,Gurgaon,Haryana,BR006,Mass,Business Owner,14-04-2024
C01908,Aditya Joshi,Male,04-05-1967,Bengaluru,Karnataka,BR009,Affluent,Student,31-12-2025
C01909,Sahil Das,Male,15-07-1996,Ahmedabad,Gujarat,BR008,Premium,Self-Employed,08-06-2023
C01910,Sneha Nair,Female,08-02-1998,Hyderabad,Telangana,BR011,Mass,Self-Employed,31-12-2024
C01911,Priya Iyer,Female,19-03-1961,Hyderabad,Telangana,BR011,Affluent,Salaried,03-09-2023
C01912,Riya Iyer,Male,01-03-2002,Chennai,Tamil Nadu,BR010,Mass,Self-Employed,14-08-2025
C01913,Amit Gupta,Female,13-04-1961,Pune,Maharashtra,BR002,Mass,Business Owner,09-06-2023
C01914,Nisha Reddy,Male,02-10-1980,Jaipur,Rajasthan,BR007,Affluent,Self-Employed,17-05-2024
C01915,Simran Singh,Male,09-11-1989,Ahmedabad,Gujarat,BR008,Mass,Salaried,25-10-2025
C01916,Simran Kulkarni,Female,01-05-1974,New Delhi,Delhi,BR005,Premium,Salaried,22-05-2025
C01917,Pooja Khan,Female,13-04-1968,Nagpur,Maharashtra,BR003,Mass,Salaried,03-01-2023
C01918,Priya Kulkarni,Female,21-08-1962,New Delhi,Delhi,BR005,Mass,Salaried,15-07-2023
C01919,Isha Das,Male,03-07-1992,Gurgaon,Haryana,BR006,Mass,Business Owner,19-12-2023
C01920,Vikram Verma,Male,20-05-1961,Gurgaon,Haryana,BR006,Mass,Retired,15-08-2021
C01921,Nisha Das,Female,16-08-1981,Nashik,Maharashtra,BR004,Mass,Salaried,03-03-2022
C01922,Arjun Gupta,Male,14-07-1977,Kochi,Kerala,BR012,Mass,Salaried,19-07-2024
C01923,Simran Khan,Male,17-12-2002,Bhubaneswar,Odisha,BR014,Mass,Salaried,11-05-2021
C01924,Isha Patil,Female,10-08-2000,Nashik,Maharashtra,BR004,Mass,Salaried,04-01-2024
C01925,Arjun Reddy,Male,20-06-1995,Bhubaneswar,Odisha,BR014,Premium,Business Owner,05-06-2023
C01926,Ananya Singh,Male,22-11-1992,Nagpur,Maharashtra,BR003,Mass,Salaried,06-06-2023
C01927,Riya Verma,Male,22-08-1983,Bhubaneswar,Odisha,BR014,Mass,Retired,25-03-2025
C01928,Neha Deshmukh,Female,08-01-1975,Patna,Bihar,BR015,Affluent,Student,18-05-2022
C01929,Pooja Verma,Male,18-03-1967,Nagpur,Maharashtra,BR003,Affluent,Self-Employed,15-12-2024
C01930,Ananya Mehta,Male,04-10-2002,Chennai,Tamil Nadu,BR010,Affluent,Retired,02-12-2024
C01931,Neha Iyer,Male,14-03-1976,Patna,Bihar,BR015,Premium,Business Owner,18-12-2025
C01932,Karan Kulkarni,Male,01-12-1978,Kolkata,West Bengal,BR013,Mass,Retired,07-02-2025
C01933,Simran Reddy,Male,06-11-1966,Patna,Bihar,BR015,Mass,Salaried,15-07-2023
C01934,Nisha Singh,Female,18-04-1972,Ahmedabad,Gujarat,BR008,Affluent,Retired,28-10-2022
C01935,Rahul Das,Male,24-09-1987,Nashik,Maharashtra,BR004,Mass,Salaried,27-11-2024
C01936,Ananya Shaikh,Male,02-01-1978,Kochi,Kerala,BR012,Affluent,Salaried,22-08-2025
C01937,Vikram Shaikh,Male,16-06-1985,Ahmedabad,Gujarat,BR008,Mass,Retired,28-05-2022
C01938,Kavya Patil,Male,18-04-1969,Ahmedabad,Gujarat,BR008,Premium,Salaried,07-11-2022
C01939,Pooja Singh,Male,26-04-1963,Gurgaon,Haryana,BR006,Affluent,Salaried,27-06-2023
C01940,Vivaan Deshmukh,Female,18-03-1998,Ahmedabad,Gujarat,BR008,Mass,Salaried,16-07-2021
C01941,Isha Kulkarni,Female,03-07-1979,Nashik,Maharashtra,BR004,Mass,Salaried,28-07-2022
C01942,Neha Gupta,Female,04-08-1975,Chennai,Tamil Nadu,BR010,Premium,Salaried,01-11-2021
C01943,Arjun Sharma,Male,18-07-1972,Pune,Maharashtra,BR002,Affluent,Self-Employed,11-11-2024
C01944,Karan Deshmukh,Female,06-01-1988,Chennai,Tamil Nadu,BR010,Affluent,Self-Employed,22-06-2023
C01945,Aarav Das,Female,26-04-1984,Kochi,Kerala,BR012,Affluent,Professional,08-01-2024
C01946,Priya Verma,Male,25-03-1977,Jaipur,Rajasthan,BR007,Mass,Salaried,26-05-2021
C01947,Nisha Khan,Male,26-07-2000,Jaipur,Rajasthan,BR007,Mass,Student,14-11-2023
C01948,Nisha Verma,Female,08-10-1999,New Delhi,Delhi,BR005,Mass,Self-Employed,04-08-2024
C01949,Karan Mehta,Male,20-07-1968,Patna,Bihar,BR015,Affluent,Professional,12-06-2024
C01950,Nisha Shaikh,Male,18-01-1988,Chennai,Tamil Nadu,BR010,Affluent,Professional,22-12-2024
C01951,Nisha Gupta,Female,01-06-2002,New Delhi,Delhi,BR005,Mass,Student,28-07-2021
C01952,Rahul Deshmukh,Male,08-11-1981,Mumbai,Maharashtra,BR001,Premium,Salaried,01-10-2023
C01953,Sneha Gupta,Female,06-11-1961,Mumbai,Maharashtra,BR001,Mass,Self-Employed,31-05-2023
C01954,Aditya Gupta,Male,11-07-1965,Gurgaon,Haryana,BR006,Affluent,Student,20-06-2025
C01955,Neha Sharma,Male,26-11-1989,Bhubaneswar,Odisha,BR014,Mass,Business Owner,14-06-2024
C01956,Vivaan Nair,Male,23-10-1999,Chennai,Tamil Nadu,BR010,Mass,Salaried,09-10-2025
C01957,Aarav Mehta,Male,08-10-1965,Nashik,Maharashtra,BR004,Mass,Business Owner,16-02-2021
C01958,Isha Verma,Female,15-12-1984,Kochi,Kerala,BR012,Affluent,Professional,29-03-2023
C01959,Sahil Patil,Female,06-05-1981,Gurgaon,Haryana,BR006,Affluent,Salaried,08-07-2024
C01960,Isha Deshmukh,Female,08-09-1972,Kochi,Kerala,BR012,Mass,Business Owner,12-06-2021
C01961,Riya Iyer,Male,02-08-1987,New Delhi,Delhi,BR005,Mass,Student,04-04-2024
C01962,Karan Sharma,Male,18-08-1998,Ahmedabad,Gujarat,BR008,Mass,Self-Employed,27-02-2022
C01963,Vikram Khan,Male,18-07-1970,Bhubaneswar,Odisha,BR014,Mass,Salaried,16-05-2021
C01964,Neha Khan,Male,23-12-1962,New Delhi,Delhi,BR005,Mass,Self-Employed,15-04-2024
C01965,Simran Deshmukh,Female,24-06-1975,Bengaluru,Karnataka,BR009,Mass,Business Owner,18-02-2023
C01966,Rahul Nair,Male,05-12-1973,Patna,Bihar,BR015,Affluent,Self-Employed,11-01-2023
C01967,Isha Mehta,Male,21-05-1991,Nagpur,Maharashtra,BR003,Affluent,Business Owner,18-08-2022
C01968,Aditya Gupta,Male,04-07-1983,Pune,Maharashtra,BR002,Mass,Self-Employed,04-06-2024
C01969,Priya Reddy,Female,11-06-1960,Bengaluru,Karnataka,BR009,Affluent,Student,04-02-2024
C01970,Rahul Reddy,Male,14-09-1974,New Delhi,Delhi,BR005,Mass,Professional,02-05-2024
C01971,Rahul Shaikh,Female,02-02-1992,Pune,Maharashtra,BR002,Premium,Professional,09-12-2024
C01972,Amit Khan,Female,05-04-1980,Jaipur,Rajasthan,BR007,Mass,Self-Employed,11-01-2024
C01973,Amit Gupta,Female,08-11-1984,Chennai,Tamil Nadu,BR010,Mass,Salaried,17-05-2021
C01974,Rahul Reddy,Male,04-08-1971,New Delhi,Delhi,BR005,Affluent,Professional,16-10-2021
C01975,Vikram Kulkarni,Male,26-06-1974,New Delhi,Delhi,BR005,Mass,Salaried,16-12-2025
C01976,Pooja Deshmukh,Male,08-08-1965,Kochi,Kerala,BR012,Affluent,Self-Employed,07-06-2022
C01977,Rahul Iyer,Female,14-09-1963,Jaipur,Rajasthan,BR007,Premium,Salaried,20-02-2023
C01978,Rohan Verma,Female,27-03-1961,Kochi,Kerala,BR012,Affluent,Self-Employed,21-11-2022
C01979,Riya Gupta,Female,16-12-1987,Gurgaon,Haryana,BR006,Mass,Business Owner,14-12-2025
C01980,Sneha Sharma,Male,12-01-1966,Patna,Bihar,BR015,Mass,Self-Employed,14-02-2025
C01981,Ananya Nair,Male,26-07-1985,Bengaluru,Karnataka,BR009,Mass,Self-Employed,02-06-2023
C01982,Pooja Singh,Female,07-09-2001,Pune,Maharashtra,BR002,Mass,Salaried,30-05-2024
C01983,Kavya Verma,Male,05-07-1990,Kolkata,West Bengal,BR013,Premium,Salaried,05-10-2023
C01984,Karan Patil,Male,15-06-1985,Jaipur,Rajasthan,BR007,Mass,Self-Employed,23-03-2024
C01985,Sneha Kulkarni,Female,12-07-1965,Nashik,Maharashtra,BR004,Mass,Student,08-10-2025
C01986,Isha Reddy,Male,22-06-1981,Nagpur,Maharashtra,BR003,Mass,Student,12-05-2024
C01987,Aditya Deshmukh,Male,02-07-1999,Bengaluru,Karnataka,BR009,Premium,Retired,26-07-2021
C01988,Isha Shaikh,Male,17-09-1976,Nashik,Maharashtra,BR004,Premium,Salaried,08-07-2023
C01989,Sahil Nair,Male,20-09-1996,New Delhi,Delhi,BR005,Mass,Salaried,05-02-2025
C01990,Amit Reddy,Female,27-03-1991,Pune,Maharashtra,BR002,Mass,Self-Employed,14-03-2021
C01991,Neha Deshmukh,Male,04-12-1971,Gurgaon,Haryana,BR006,Affluent,Business Owner,15-10-2022
C01992,Ananya Deshmukh,Male,07-03-1966,Gurgaon,Haryana,BR006,Mass,Business Owner,03-01-2022
C01993,Isha Nair,Male,26-12-1960,Jaipur,Rajasthan,BR007,Premium,Professional,09-08-2024
C01994,Rahul Nair,Male,18-04-1972,New Delhi,Delhi,BR005,Premium,Self-Employed,14-09-2021
C01995,Ananya Singh,Female,02-03-1974,Pune,Maharashtra,BR002,Affluent,Self-Employed,14-02-2024
C01996,Vikram Mehta,Female,03-03-1988,Ahmedabad,Gujarat,BR008,Mass,Retired,27-04-2021
C01997,Sneha Gupta,Male,22-11-1985,Gurgaon,Haryana,BR006,Affluent,Salaried,15-08-2025
C01998,Rahul Iyer,Male,16-03-1981,Bengaluru,Karnataka,BR009,Premium,Professional,07-08-2022
C01999,Amit Deshmukh,Male,16-03-1991,Mumbai,Maharashtra,BR001,Mass,Business Owner,15-01-2023
C02000,Aarav Patil,Male,24-11-1993,Nashik,Maharashtra,BR004,Affluent,Salaried,09-12-2024
C02001,Kavya Khan,Male,07-10-1991,New Delhi,Delhi,BR005,Mass,Retired,25-11-2022
C02002,Isha Nair,Female,05-03-1999,Gurgaon,Haryana,BR006,Premium,Student,30-07-2021
C02003,Sahil Nair,Male,17-02-1975,Gurgaon,Haryana,BR006,Affluent,Professional,11-07-2025
C02004,Amit Das,Male,24-08-1996,Hyderabad,Telangana,BR011,Mass,Salaried,23-07-2021
C02005,Rohan Mehta,Male,08-02-1978,Gurgaon,Haryana,BR006,Mass,Salaried,27-06-2023
C02006,Karan Reddy,Female,19-09-1968,Jaipur,Rajasthan,BR007,Mass,Business Owner,15-08-2021
C02007,Aarav Iyer,Male,05-06-1966,Ahmedabad,Gujarat,BR008,Mass,Salaried,28-06-2024
C02008,Aarav Verma,Female,05-06-1964,Nagpur,Maharashtra,BR003,Premium,Salaried,08-05-2022
C02009,Priya Khan,Male,25-07-2002,Jaipur,Rajasthan,BR007,Mass,Self-Employed,30-08-2025
C02010,Sahil Das,Female,04-03-1967,New Delhi,Delhi,BR005,Premium,Salaried,05-01-2022
C02011,Kavya Sharma,Female,01-09-1996,Gurgaon,Haryana,BR006,Mass,Professional,07-05-2024
C02012,Priya Singh,Male,21-12-1994,Nagpur,Maharashtra,BR003,Affluent,Self-Employed,26-01-2021
C02013,Vivaan Deshmukh,Male,10-05-1979,Hyderabad,Telangana,BR011,Premium,Salaried,26-07-2021
C02014,Neha Kulkarni,Male,11-05-2000,Bhubaneswar,Odisha,BR014,Affluent,Self-Employed,20-05-2022
C02015,Rahul Shaikh,Female,22-11-1999,Pune,Maharashtra,BR002,Affluent,Salaried,02-06-2025
C02016,Pooja Kulkarni,Female,05-03-2000,Ahmedabad,Gujarat,BR008,Premium,Salaried,25-12-2025
C02017,Arjun Shaikh,Male,18-07-1981,Chennai,Tamil Nadu,BR010,Affluent,Self-Employed,26-01-2024
C02018,Priya Iyer,Male,09-09-1973,New Delhi,Delhi,BR005,Affluent,Self-Employed,07-09-2022
C02019,Rohan Shaikh,Male,03-06-1961,Hyderabad,Telangana,BR011,Mass,Salaried,25-07-2022
C02020,Kavya Kulkarni,Male,19-06-1996,Ahmedabad,Gujarat,BR008,Mass,Business Owner,21-01-2022
C02021,Simran Reddy,Female,09-04-1998,Bhubaneswar,Odisha,BR014,Mass,Self-Employed,14-09-2022
C02022,Nisha Khan,Male,24-06-1983,Patna,Bihar,BR015,Affluent,Business Owner,25-06-2023
C02023,Rahul Shaikh,Male,25-08-1963,Pune,Maharashtra,BR002,Affluent,Salaried,05-06-2024
C02024,Vivaan Reddy,Female,23-01-1996,Gurgaon,Haryana,BR006,Mass,Business Owner,23-02-2022
C02025,Sneha Patil,Female,09-01-1973,Ahmedabad,Gujarat,BR008,Premium,Self-Employed,07-03-2021
C02026,Arjun Khan,Female,07-06-1984,Nashik,Maharashtra,BR004,Mass,Salaried,19-10-2023
C02027,Amit Mehta,Male,25-12-1989,New Delhi,Delhi,BR005,Premium,Business Owner,20-03-2022
C02028,Rahul Nair,Female,13-07-1966,Patna,Bihar,BR015,Mass,Professional,02-01-2023
C02029,Rohan Singh,Female,20-10-1962,Pune,Maharashtra,BR002,Mass,Salaried,23-07-2024
C02030,Amit Gupta,Male,23-06-1963,Gurgaon,Haryana,BR006,Affluent,Business Owner,26-06-2025
C02031,Kavya Das,Male,08-03-2002,Kochi,Kerala,BR012,Mass,Professional,03-09-2023
C02032,Aarav Mehta,Female,04-01-2002,New Delhi,Delhi,BR005,Affluent,Salaried,22-08-2025
C02033,Aditya Mehta,Male,17-03-1978,Jaipur,Rajasthan,BR007,Affluent,Student,07-05-2022
C02034,Ananya Mehta,Female,16-11-1978,Patna,Bihar,BR015,Affluent,Self-Employed,26-07-2024
C02035,Vikram Verma,Female,08-06-1977,Jaipur,Rajasthan,BR007,Mass,Professional,24-11-2025
C02036,Rahul Verma,Female,16-02-1975,Nagpur,Maharashtra,BR003,Mass,Student,29-01-2022
C02037,Karan Kulkarni,Female,22-02-1983,Mumbai,Maharashtra,BR001,Mass,Retired,10-09-2024
C02038,Vivaan Sharma,Female,10-05-1975,Bhubaneswar,Odisha,BR014,Mass,Business Owner,16-05-2023
C02039,Neha Kulkarni,Male,07-01-1987,New Delhi,Delhi,BR005,Mass,Business Owner,28-05-2025
C02040,Rahul Shaikh,Male,20-01-1976,Jaipur,Rajasthan,BR007,Mass,Salaried,12-07-2022
C02041,Ananya Gupta,Female,22-06-1987,Pune,Maharashtra,BR002,Affluent,Salaried,20-10-2025
C02042,Pooja Khan,Male,26-07-2001,Gurgaon,Haryana,BR006,Premium,Student,28-12-2024
C02043,Aditya Singh,Female,04-10-1969,Bhubaneswar,Odisha,BR014,Affluent,Self-Employed,11-07-2024
C02044,Karan Kulkarni,Female,25-02-1962,Jaipur,Rajasthan,BR007,Mass,Professional,23-02-2021
C02045,Neha Gupta,Male,21-04-1983,Patna,Bihar,BR015,Mass,Salaried,31-05-2021
C02046,Arjun Khan,Female,19-08-1965,New Delhi,Delhi,BR005,Mass,Salaried,24-04-2024
C02047,Isha Shaikh,Male,09-04-1970,Jaipur,Rajasthan,BR007,Mass,Salaried,25-05-2023
C02048,Neha Iyer,Female,01-07-1994,Kochi,Kerala,BR012,Mass,Self-Employed,14-08-2022
C02049,Riya Verma,Male,14-04-1978,Gurgaon,Haryana,BR006,Premium,Salaried,18-03-2025
C02050,Aditya Reddy,Female,08-03-1984,New Delhi,Delhi,BR005,Affluent,Salaried,29-05-2023
C02051,Sneha Verma,Female,08-12-1994,Kochi,Kerala,BR012,Mass,Retired,19-04-2023
C02052,Priya Khan,Male,26-11-1965,Gurgaon,Haryana,BR006,Affluent,Professional,13-08-2022
C02053,Pooja Kulkarni,Male,05-09-1981,Jaipur,Rajasthan,BR007,Premium,Professional,28-11-2025
C02054,Rahul Joshi,Male,26-03-1961,Patna,Bihar,BR015,Mass,Salaried,29-10-2022
C02055,Vikram Sharma,Female,14-01-1981,Nashik,Maharashtra,BR004,Affluent,Salaried,19-04-2022
C02056,Aditya Das,Male,23-08-1969,New Delhi,Delhi,BR005,Mass,Business Owner,16-05-2024
C02057,Sahil Khan,Male,08-11-2000,Mumbai,Maharashtra,BR001,Mass,Salaried,04-03-2021
C02058,Aarav Gupta,Female,18-07-1971,Gurgaon,Haryana,BR006,Affluent,Self-Employed,24-12-2023
C02059,Nisha Gupta,Male,16-12-1968,Mumbai,Maharashtra,BR001,Mass,Retired,29-10-2023
C02060,Nisha Joshi,Male,25-02-1960,Bengaluru,Karnataka,BR009,Affluent,Salaried,22-03-2022
C02061,Isha Reddy,Female,05-07-1965,Nashik,Maharashtra,BR004,Mass,Student,05-11-2024
C02062,Aarav Sharma,Male,06-03-1969,Bengaluru,Karnataka,BR009,Mass,Salaried,21-03-2021
C02063,Simran Nair,Male,26-09-1970,New Delhi,Delhi,BR005,Affluent,Salaried,28-11-2025
C02064,Aditya Deshmukh,Female,03-06-1992,New Delhi,Delhi,BR005,Affluent,Salaried,13-04-2025
C02065,Simran Das,Female,18-11-1999,New Delhi,Delhi,BR005,Affluent,Retired,17-11-2021
C02066,Rahul Iyer,Male,02-07-1997,Chennai,Tamil Nadu,BR010,Affluent,Business Owner,18-06-2023
C02067,Ananya Nair,Female,03-12-2002,Gurgaon,Haryana,BR006,Mass,Professional,26-12-2021
C02068,Aditya Deshmukh,Male,17-08-1999,New Delhi,Delhi,BR005,Mass,Salaried,04-02-2024
C02069,Aarav Gupta,Male,15-07-1980,Kochi,Kerala,BR012,Affluent,Student,06-10-2022
C02070,Aarav Mehta,Female,16-05-1977,Ahmedabad,Gujarat,BR008,Mass,Business Owner,11-06-2023
C02071,Kavya Deshmukh,Male,13-05-1988,Pune,Maharashtra,BR002,Mass,Business Owner,14-10-2025
C02072,Vikram Mehta,Male,21-09-1974,Kolkata,West Bengal,BR013,Premium,Professional,05-02-2024
C02073,Karan Kulkarni,Female,27-02-1986,New Delhi,Delhi,BR005,Mass,Professional,03-05-2025
C02074,Rahul Patil,Male,08-02-2003,Pune,Maharashtra,BR002,Mass,Business Owner,19-02-2024
C02075,Neha Iyer,Male,09-05-1968,Jaipur,Rajasthan,BR007,Premium,Salaried,17-05-2023
C02076,Sahil Shaikh,Male,09-05-1993,Nagpur,Maharashtra,BR003,Mass,Student,28-01-2021
C02077,Aarav Das,Female,21-06-2001,New Delhi,Delhi,BR005,Affluent,Salaried,12-06-2021
C02078,Isha Khan,Female,10-10-1983,Chennai,Tamil Nadu,BR010,Mass,Retired,01-09-2023
C02079,Vivaan Patil,Female,19-04-1975,Mumbai,Maharashtra,BR001,Mass,Self-Employed,10-07-2023
C02080,Karan Iyer,Male,13-01-1971,Hyderabad,Telangana,BR011,Affluent,Salaried,06-07-2023
C02081,Arjun Iyer,Female,17-03-1967,Bhubaneswar,Odisha,BR014,Mass,Salaried,24-03-2025
C02082,Aarav Reddy,Female,23-01-1974,Ahmedabad,Gujarat,BR008,Affluent,Self-Employed,24-06-2021
C02083,Rahul Das,Male,14-04-1992,Chennai,Tamil Nadu,BR010,Mass,Self-Employed,17-04-2024
C02084,Sahil Verma,Male,13-07-1982,Chennai,Tamil Nadu,BR010,Mass,Professional,23-09-2024
C02085,Rohan Iyer,Female,08-06-1969,Patna,Bihar,BR015,Mass,Business Owner,25-03-2024
C02086,Amit Gupta,Male,14-10-1983,New Delhi,Delhi,BR005,Mass,Salaried,07-03-2022
C02087,Pooja Singh,Female,08-03-1995,Mumbai,Maharashtra,BR001,Mass,Self-Employed,13-01-2023
C02088,Sneha Mehta,Male,23-06-1960,Jaipur,Rajasthan,BR007,Affluent,Professional,10-04-2021
C02089,Vivaan Sharma,Male,11-12-1960,Jaipur,Rajasthan,BR007,Mass,Student,20-11-2021
C02090,Aarav Singh,Female,04-05-2002,Mumbai,Maharashtra,BR001,Mass,Self-Employed,06-01-2025
C02091,Neha Reddy,Female,07-07-1992,Ahmedabad,Gujarat,BR008,Mass,Retired,02-02-2024
C02092,Riya Khan,Male,15-10-1985,Mumbai,Maharashtra,BR001,Mass,Salaried,29-04-2025
C02093,Nisha Nair,Female,25-03-1999,Bhubaneswar,Odisha,BR014,Mass,Business Owner,17-06-2024
C02094,Ananya Joshi,Male,09-10-1985,New Delhi,Delhi,BR005,Affluent,Professional,16-03-2022
C02095,Arjun Khan,Female,08-02-1982,Mumbai,Maharashtra,BR001,Affluent,Self-Employed,24-01-2025
C02096,Aarav Deshmukh,Male,11-05-1969,Nagpur,Maharashtra,BR003,Affluent,Salaried,09-06-2024
C02097,Amit Khan,Male,27-10-1995,New Delhi,Delhi,BR005,Mass,Business Owner,16-12-2021
C02098,Aditya Sharma,Male,23-09-1993,New Delhi,Delhi,BR005,Mass,Salaried,10-01-2021
C02099,Ananya Kulkarni,Male,05-02-1973,Pune,Maharashtra,BR002,Affluent,Salaried,26-10-2024
C02100,Ananya Patil,Male,17-11-1992,New Delhi,Delhi,BR005,Mass,Salaried,09-08-2024
C02101,Aarav Patil,Male,22-03-1991,Mumbai,Maharashtra,BR001,Affluent,Professional,13-06-2021
C02102,Isha Reddy,Female,21-03-1964,Gurgaon,Haryana,BR006,Premium,Salaried,29-04-2023
C02103,Rahul Sharma,Male,14-11-1967,Gurgaon,Haryana,BR006,Mass,Self-Employed,27-07-2025
C02104,Vikram Iyer,Male,20-08-1986,New Delhi,Delhi,BR005,Affluent,Retired,18-12-2024
C02105,Aditya Reddy,Male,16-11-1987,New Delhi,Delhi,BR005,Mass,Professional,01-02-2025
C02106,Sahil Khan,Female,06-04-1988,Mumbai,Maharashtra,BR001,Mass,Self-Employed,19-12-2022
C02107,Simran Joshi,Male,02-05-1976,Pune,Maharashtra,BR002,Mass,Self-Employed,10-08-2021
C02108,Sneha Patil,Male,10-09-1996,Nashik,Maharashtra,BR004,Mass,Salaried,04-10-2022
C02109,Karan Deshmukh,Female,02-09-1979,Chennai,Tamil Nadu,BR010,Mass,Self-Employed,08-06-2024
C02110,Ananya Sharma,Male,11-04-1969,Patna,Bihar,BR015,Affluent,Salaried,16-03-2025
C02111,Ananya Das,Female,23-02-1965,Bhubaneswar,Odisha,BR014,Affluent,Salaried,21-03-2024
C02112,Isha Shaikh,Male,23-08-1998,Jaipur,Rajasthan,BR007,Mass,Salaried,12-03-2021
C02113,Simran Kulkarni,Female,01-10-1991,Jaipur,Rajasthan,BR007,Mass,Business Owner,15-12-2023
C02114,Vivaan Patil,Male,02-11-1980,New Delhi,Delhi,BR005,Affluent,Salaried,08-12-2021
C02115,Simran Shaikh,Female,19-11-1969,Hyderabad,Telangana,BR011,Mass,Salaried,19-01-2024
C02116,Vivaan Mehta,Female,14-10-1964,Chennai,Tamil Nadu,BR010,Affluent,Student,23-01-2023
C02117,Neha Singh,Male,05-02-1966,Kochi,Kerala,BR012,Mass,Salaried,01-09-2023
C02118,Sneha Das,Male,22-02-1964,Kolkata,West Bengal,BR013,Premium,Business Owner,25-12-2023
C02119,Isha Sharma,Male,06-07-1983,Gurgaon,Haryana,BR006,Mass,Self-Employed,11-03-2024
C02120,Vivaan Sharma,Male,03-02-1968,Chennai,Tamil Nadu,BR010,Mass,Self-Employed,10-01-2021
C02121,Karan Gupta,Female,21-04-1965,Hyderabad,Telangana,BR011,Affluent,Salaried,31-10-2025
C02122,Simran Gupta,Female,17-11-1972,New Delhi,Delhi,BR005,Mass,Salaried,17-11-2023
C02123,Aarav Nair,Female,11-12-1990,Bhubaneswar,Odisha,BR014,Mass,Professional,16-07-2023
C02124,Rahul Nair,Female,19-04-1981,Pune,Maharashtra,BR002,Mass,Self-Employed,23-11-2022
C02125,Isha Nair,Female,25-02-1966,Patna,Bihar,BR015,Affluent,Salaried,10-07-2021
C02126,Kavya Khan,Female,01-10-1992,Hyderabad,Telangana,BR011,Mass,Salaried,25-02-2024
C02127,Ananya Mehta,Male,17-03-1981,Mumbai,Maharashtra,BR001,Mass,Self-Employed,26-10-2022
C02128,Ananya Reddy,Male,06-09-1968,Bengaluru,Karnataka,BR009,Mass,Salaried,15-07-2025
C02129,Neha Verma,Male,13-09-1990,Mumbai,Maharashtra,BR001,Mass,Self-Employed,16-04-2024
C02130,Simran Deshmukh,Male,12-09-2003,Hyderabad,Telangana,BR011,Premium,Self-Employed,17-03-2023
C02131,Riya Shaikh,Male,11-06-1983,Hyderabad,Telangana,BR011,Mass,Business Owner,27-02-2021
C02132,Kavya Verma,Male,06-02-1967,Ahmedabad,Gujarat,BR008,Mass,Professional,10-10-2023
C02133,Sahil Iyer,Male,22-03-1973,Kochi,Kerala,BR012,Mass,Self-Employed,24-03-2025
C02134,Karan Shaikh,Male,11-06-1986,Pune,Maharashtra,BR002,Mass,Student,26-04-2023
C02135,Simran Das,Male,24-11-2003,New Delhi,Delhi,BR005,Premium,Self-Employed,02-04-2024
C02136,Vikram Verma,Male,10-03-2000,Gurgaon,Haryana,BR006,Mass,Self-Employed,05-08-2021
C02137,Rohan Sharma,Male,23-05-2001,Mumbai,Maharashtra,BR001,Affluent,Business Owner,13-01-2023
C02138,Priya Shaikh,Male,15-09-1996,Gurgaon,Haryana,BR006,Mass,Business Owner,19-12-2024
C02139,Kavya Khan,Female,11-03-1985,New Delhi,Delhi,BR005,Affluent,Salaried,13-02-2023
C02140,Ananya Joshi,Female,20-01-1988,Gurgaon,Haryana,BR006,Mass,Retired,05-06-2025
C02141,Ananya Patil,Male,22-12-1992,Gurgaon,Haryana,BR006,Mass,Retired,18-01-2023
C02142,Sahil Deshmukh,Male,14-04-1991,Kochi,Kerala,BR012,Mass,Salaried,21-01-2025
C02143,Vikram Nair,Male,12-12-1988,New Delhi,Delhi,BR005,Mass,Self-Employed,21-03-2024
C02144,Neha Gupta,Male,16-11-1965,Kolkata,West Bengal,BR013,Premium,Professional,27-09-2025
C02145,Aarav Khan,Male,16-06-1998,Gurgaon,Haryana,BR006,Affluent,Retired,01-09-2023
C02146,Sahil Mehta,Female,12-03-1960,New Delhi,Delhi,BR005,Mass,Business Owner,05-05-2023
C02147,Riya Reddy,Male,21-04-1978,Jaipur,Rajasthan,BR007,Mass,Salaried,08-10-2022
C02148,Arjun Singh,Male,11-08-1979,Gurgaon,Haryana,BR006,Affluent,Business Owner,06-04-2024
C02149,Sahil Patil,Female,13-10-2003,New Delhi,Delhi,BR005,Mass,Salaried,25-11-2025
C02150,Sneha Singh,Male,17-12-1963,Jaipur,Rajasthan,BR007,Mass,Business Owner,04-11-2021
C02151,Vivaan Joshi,Male,27-11-1980,Nashik,Maharashtra,BR004,Affluent,Business Owner,06-09-2025
C02152,Pooja Verma,Male,08-04-1975,New Delhi,Delhi,BR005,Mass,Business Owner,19-11-2025
C02153,Karan Patil,Female,07-11-1964,Ahmedabad,Gujarat,BR008,Mass,Salaried,05-11-2024
C02154,Rohan Das,Male,05-10-1969,Gurgaon,Haryana,BR006,Mass,Self-Employed,27-11-2023
C02155,Ananya Khan,Female,19-11-1978,Kochi,Kerala,BR012,Mass,Business Owner,25-04-2025
C02156,Sahil Khan,Female,13-07-2000,New Delhi,Delhi,BR005,Affluent,Salaried,23-04-2022
C02157,Amit Khan,Male,11-08-1977,Patna,Bihar,BR015,Affluent,Salaried,03-03-2024
C02158,Ananya Singh,Female,06-05-1998,Hyderabad,Telangana,BR011,Premium,Salaried,10-01-2025
C02159,Ananya Mehta,Male,25-02-1992,Patna,Bihar,BR015,Mass,Student,10-01-2025
C02160,Rahul Shaikh,Male,12-09-1996,Kochi,Kerala,BR012,Affluent,Self-Employed,07-12-2023
C02161,Rohan Mehta,Male,17-10-1997,Nashik,Maharashtra,BR004,Premium,Business Owner,05-12-2022
C02162,Sahil Kulkarni,Female,04-08-1991,Jaipur,Rajasthan,BR007,Affluent,Self-Employed,01-10-2025
C02163,Vivaan Verma,Male,03-07-1992,Pune,Maharashtra,BR002,Premium,Professional,15-05-2024
C02164,Riya Nair,Male,02-09-1966,Hyderabad,Telangana,BR011,Premium,Self-Employed,06-11-2024
C02165,Simran Verma,Female,10-07-1991,Ahmedabad,Gujarat,BR008,Affluent,Salaried,13-02-2024
C02166,Aditya Khan,Male,13-02-1962,New Delhi,Delhi,BR005,Premium,Salaried,21-05-2025
C02167,Aditya Das,Female,07-03-1992,Bhubaneswar,Odisha,BR014,Affluent,Salaried,23-05-2023
C02168,Riya Iyer,Female,10-11-1988,Nashik,Maharashtra,BR004,Mass,Professional,26-09-2023
C02169,Pooja Gupta,Female,01-05-1993,Ahmedabad,Gujarat,BR008,Premium,Business Owner,08-01-2025
C02170,Sahil Iyer,Female,10-04-1988,Chennai,Tamil Nadu,BR010,Affluent,Professional,03-08-2023
C02171,Kavya Joshi,Female,04-09-1976,Pune,Maharashtra,BR002,Mass,Business Owner,24-03-2022
C02172,Kavya Gupta,Male,04-12-1976,Ahmedabad,Gujarat,BR008,Mass,Professional,14-10-2024
C02173,Amit Iyer,Female,01-08-1986,Hyderabad,Telangana,BR011,Mass,Retired,17-11-2022
C02174,Karan Reddy,Female,19-10-1980,Mumbai,Maharashtra,BR001,Affluent,Business Owner,11-07-2021
C02175,Sahil Verma,Female,26-11-1974,Jaipur,Rajasthan,BR007,Mass,Salaried,12-11-2022
C02176,Rohan Deshmukh,Female,17-11-1981,New Delhi,Delhi,BR005,Mass,Salaried,09-04-2021
C02177,Sahil Gupta,Male,03-11-1983,Bengaluru,Karnataka,BR009,Mass,Business Owner,23-05-2025
C02178,Pooja Sharma,Male,27-08-1970,Nashik,Maharashtra,BR004,Mass,Professional,02-12-2025
C02179,Vivaan Das,Male,27-05-1988,Bhubaneswar,Odisha,BR014,Premium,Self-Employed,02-05-2022
C02180,Sneha Singh,Male,13-07-1973,Kolkata,West Bengal,BR013,Mass,Salaried,01-08-2025
C02181,Aarav Singh,Female,03-04-1971,Nashik,Maharashtra,BR004,Mass,Business Owner,23-07-2024
C02182,Amit Singh,Female,20-11-1978,New Delhi,Delhi,BR005,Mass,Self-Employed,12-10-2025
C02183,Aarav Singh,Male,26-05-1964,Ahmedabad,Gujarat,BR008,Affluent,Salaried,25-10-2021
C02184,Priya Verma,Male,22-03-1986,Chennai,Tamil Nadu,BR010,Affluent,Student,24-04-2021
C02185,Vivaan Das,Female,17-06-1992,Gurgaon,Haryana,BR006,Mass,Self-Employed,08-08-2025
C02186,Pooja Deshmukh,Male,17-01-2002,Pune,Maharashtra,BR002,Mass,Salaried,07-05-2022
C02187,Isha Kulkarni,Female,27-09-1972,Nagpur,Maharashtra,BR003,Premium,Salaried,25-12-2023
C02188,Aditya Mehta,Female,02-05-1983,Patna,Bihar,BR015,Affluent,Self-Employed,05-07-2025
C02189,Riya Verma,Male,05-01-1982,Gurgaon,Haryana,BR006,Affluent,Self-Employed,19-09-2022
C02190,Nisha Sharma,Male,23-04-1992,Kochi,Kerala,BR012,Mass,Salaried,13-06-2021
C02191,Vikram Gupta,Female,04-03-1987,Jaipur,Rajasthan,BR007,Premium,Business Owner,15-12-2024
C02192,Ananya Khan,Male,11-01-1995,Bhubaneswar,Odisha,BR014,Affluent,Business Owner,05-04-2023
C02193,Rohan Deshmukh,Female,08-08-1997,Mumbai,Maharashtra,BR001,Mass,Salaried,11-02-2021
C02194,Rahul Nair,Male,07-06-1964,Nagpur,Maharashtra,BR003,Premium,Self-Employed,16-09-2022
C02195,Riya Verma,Male,01-10-1975,Bhubaneswar,Odisha,BR014,Affluent,Self-Employed,26-08-2023
C02196,Priya Verma,Male,16-03-1988,Bhubaneswar,Odisha,BR014,Affluent,Salaried,26-05-2025
C02197,Vikram Kulkarni,Female,11-11-1983,New Delhi,Delhi,BR005,Affluent,Salaried,18-02-2022
C02198,Rahul Khan,Female,15-01-1981,New Delhi,Delhi,BR005,Mass,Salaried,05-08-2023
C02199,Rahul Nair,Female,09-04-1967,Gurgaon,Haryana,BR006,Mass,Self-Employed,28-11-2021
C02200,Rahul Gupta,Male,26-12-1985,Gurgaon,Haryana,BR006,Mass,Professional,15-06-2022
C02201,Ananya Patil,Female,16-04-1992,Nagpur,Maharashtra,BR003,Mass,Self-Employed,27-04-2022
C02202,Rahul Khan,Male,26-07-1961,Kolkata,West Bengal,BR013,Mass,Retired,16-08-2023
C02203,Simran Nair,Female,10-12-1986,New Delhi,Delhi,BR005,Mass,Salaried,26-04-2024
C02204,Isha Shaikh,Female,01-01-1999,Bengaluru,Karnataka,BR009,Premium,Business Owner,25-07-2021
C02205,Ananya Deshmukh,Male,22-01-1985,Nagpur,Maharashtra,BR003,Mass,Self-Employed,19-05-2021
C02206,Riya Khan,Female,23-09-2001,Nagpur,Maharashtra,BR003,Affluent,Professional,28-08-2024
C02207,Pooja Khan,Male,02-02-1975,Bengaluru,Karnataka,BR009,Mass,Student,21-06-2022
C02208,Priya Nair,Male,17-03-1960,New Delhi,Delhi,BR005,Mass,Self-Employed,04-02-2024
C02209,Vivaan Khan,Male,18-01-1990,Bengaluru,Karnataka,BR009,Mass,Self-Employed,21-05-2021
C02210,Kavya Sharma,Female,04-11-1969,Nagpur,Maharashtra,BR003,Mass,Retired,02-01-2024
C02211,Sneha Joshi,Male,15-09-1960,Bhubaneswar,Odisha,BR014,Mass,Retired,19-07-2025
C02212,Vikram Iyer,Female,07-12-1967,Chennai,Tamil Nadu,BR010,Mass,Retired,11-03-2023
C02213,Kavya Verma,Male,01-03-2001,Kochi,Kerala,BR012,Affluent,Salaried,22-11-2023
C02214,Aarav Patil,Female,24-09-1994,Nagpur,Maharashtra,BR003,Mass,Salaried,22-06-2022
C02215,Aditya Das,Male,14-01-1972,New Delhi,Delhi,BR005,Mass,Self-Employed,07-06-2022
C02216,Priya Kulkarni,Male,22-09-1986,New Delhi,Delhi,BR005,Mass,Professional,30-04-2021
C02217,Rohan Iyer,Female,20-12-1974,Jaipur,Rajasthan,BR007,Mass,Salaried,25-05-2023
C02218,Pooja Reddy,Female,27-12-1967,New Delhi,Delhi,BR005,Mass,Salaried,26-09-2025
C02219,Sahil Kulkarni,Male,12-12-2003,Nashik,Maharashtra,BR004,Mass,Business Owner,31-07-2021
C02220,Neha Gupta,Male,12-05-1995,New Delhi,Delhi,BR005,Affluent,Salaried,31-01-2023
C02221,Priya Verma,Male,08-12-1975,New Delhi,Delhi,BR005,Affluent,Professional,09-03-2025
C02222,Nisha Kulkarni,Female,17-10-1975,Gurgaon,Haryana,BR006,Affluent,Salaried,25-06-2023
C02223,Pooja Kulkarni,Female,14-01-1995,Mumbai,Maharashtra,BR001,Affluent,Student,20-10-2024
C02224,Amit Das,Female,20-03-1980,New Delhi,Delhi,BR005,Mass,Salaried,18-11-2022
C02225,Rohan Singh,Female,10-06-1976,Ahmedabad,Gujarat,BR008,Mass,Business Owner,06-01-2024
C02226,Vivaan Verma,Female,04-01-1977,Gurgaon,Haryana,BR006,Mass,Self-Employed,09-12-2025
C02227,Priya Joshi,Male,24-10-1979,New Delhi,Delhi,BR005,Affluent,Salaried,28-12-2023
C02228,Simran Deshmukh,Male,23-04-1982,Jaipur,Rajasthan,BR007,Mass,Self-Employed,24-12-2024
C02229,Amit Mehta,Female,10-07-1961,Hyderabad,Telangana,BR011,Mass,Student,20-06-2024
C02230,Ananya Reddy,Male,19-06-1981,Gurgaon,Haryana,BR006,Premium,Self-Employed,24-06-2021
C02231,Rahul Singh,Male,14-11-1979,Ahmedabad,Gujarat,BR008,Mass,Salaried,20-10-2021
C02232,Priya Sharma,Female,21-05-1972,Patna,Bihar,BR015,Mass,Business Owner,16-01-2024
C02233,Simran Singh,Female,11-07-1975,Jaipur,Rajasthan,BR007,Premium,Salaried,28-09-2022
C02234,Rohan Deshmukh,Female,15-06-1978,Kolkata,West Bengal,BR013,Mass,Self-Employed,04-06-2023
C02235,Sneha Nair,Male,02-02-1976,Hyderabad,Telangana,BR011,Mass,Self-Employed,02-06-2023
C02236,Aarav Mehta,Female,05-08-1999,Pune,Maharashtra,BR002,Mass,Self-Employed,19-12-2024
C02237,Arjun Singh,Male,22-07-1983,Gurgaon,Haryana,BR006,Mass,Salaried,15-12-2025
C02238,Neha Joshi,Male,11-03-1982,Bengaluru,Karnataka,BR009,Premium,Salaried,27-12-2025
C02239,Nisha Joshi,Female,01-12-1971,Patna,Bihar,BR015,Affluent,Salaried,26-05-2021
C02240,Amit Patil,Female,05-10-2000,Gurgaon,Haryana,BR006,Mass,Self-Employed,21-09-2024
C02241,Rahul Nair,Female,12-11-1961,Pune,Maharashtra,BR002,Mass,Business Owner,17-08-2024
C02242,Sahil Nair,Female,20-01-1984,Ahmedabad,Gujarat,BR008,Mass,Business Owner,29-04-2025
C02243,Neha Singh,Female,10-02-1967,Nagpur,Maharashtra,BR003,Mass,Salaried,19-02-2023
C02244,Amit Singh,Male,21-07-1993,Chennai,Tamil Nadu,BR010,Mass,Salaried,07-07-2023
C02245,Vivaan Sharma,Male,24-06-1976,Jaipur,Rajasthan,BR007,Mass,Business Owner,05-04-2023
C02246,Sahil Singh,Female,10-06-1972,Chennai,Tamil Nadu,BR010,Affluent,Self-Employed,14-11-2022
C02247,Priya Mehta,Female,22-05-1962,Kochi,Kerala,BR012,Affluent,Professional,27-03-2022
C02248,Rahul Kulkarni,Male,04-08-1994,Ahmedabad,Gujarat,BR008,Premium,Salaried,20-03-2024
C02249,Ananya Sharma,Male,12-10-1977,Ahmedabad,Gujarat,BR008,Affluent,Salaried,31-01-2021
C02250,Sahil Kulkarni,Male,03-05-1971,Chennai,Tamil Nadu,BR010,Mass,Salaried,30-09-2024
C02251,Isha Verma,Male,02-12-1997,Kochi,Kerala,BR012,Affluent,Business Owner,17-03-2025
C02252,Simran Deshmukh,Female,02-12-1960,Kochi,Kerala,BR012,Premium,Self-Employed,20-02-2022
C02253,Amit Deshmukh,Male,03-07-1980,Mumbai,Maharashtra,BR001,Mass,Salaried,26-01-2022
C02254,Riya Shaikh,Male,23-06-1967,Ahmedabad,Gujarat,BR008,Mass,Salaried,09-07-2023
C02255,Arjun Mehta,Female,15-08-1965,Pune,Maharashtra,BR002,Mass,Business Owner,26-03-2025
C02256,Vivaan Iyer,Male,26-02-1960,Kochi,Kerala,BR012,Premium,Salaried,27-07-2021
C02257,Nisha Deshmukh,Male,15-05-1968,Bengaluru,Karnataka,BR009,Premium,Business Owner,28-02-2023
C02258,Nisha Patil,Male,17-11-2001,Gurgaon,Haryana,BR006,Affluent,Salaried,31-01-2022
C02259,Ananya Mehta,Male,05-09-1979,Nashik,Maharashtra,BR004,Mass,Salaried,05-04-2025
C02260,Rahul Verma,Male,15-06-2003,New Delhi,Delhi,BR005,Premium,Salaried,30-05-2025
C02261,Neha Deshmukh,Male,11-03-1971,Bengaluru,Karnataka,BR009,Mass,Retired,03-06-2021
C02262,Arjun Deshmukh,Male,26-10-1993,Mumbai,Maharashtra,BR001,Mass,Salaried,22-09-2021
C02263,Simran Sharma,Male,26-10-1963,Nagpur,Maharashtra,BR003,Mass,Salaried,15-10-2021
C02264,Riya Deshmukh,Male,06-12-1964,Kolkata,West Bengal,BR013,Affluent,Professional,21-01-2025
C02265,Vikram Reddy,Male,17-11-1960,Chennai,Tamil Nadu,BR010,Affluent,Salaried,03-07-2025
C02266,Ananya Reddy,Female,18-11-1999,Nagpur,Maharashtra,BR003,Mass,Salaried,12-11-2022
C02267,Vivaan Sharma,Male,16-02-1989,New Delhi,Delhi,BR005,Mass,Salaried,15-10-2021
C02268,Ananya Verma,Male,04-10-1992,Patna,Bihar,BR015,Mass,Business Owner,26-04-2024
C02269,Rohan Mehta,Female,18-07-2000,Bengaluru,Karnataka,BR009,Mass,Self-Employed,15-06-2025
C02270,Pooja Khan,Male,22-06-1974,Ahmedabad,Gujarat,BR008,Affluent,Student,21-07-2025
C02271,Nisha Mehta,Male,10-02-1991,New Delhi,Delhi,BR005,Mass,Professional,24-03-2023
C02272,Arjun Patil,Female,14-12-1982,New Delhi,Delhi,BR005,Mass,Self-Employed,26-11-2024
C02273,Riya Patil,Male,04-03-1983,Pune,Maharashtra,BR002,Mass,Salaried,12-10-2025
C02274,Amit Kulkarni,Male,26-08-1989,Chennai,Tamil Nadu,BR010,Affluent,Professional,17-02-2025
C02275,Neha Shaikh,Female,03-01-1980,Mumbai,Maharashtra,BR001,Affluent,Student,17-05-2023
C02276,Aditya Kulkarni,Female,06-05-1961,Mumbai,Maharashtra,BR001,Mass,Professional,22-04-2022
C02277,Sahil Sharma,Male,09-02-1963,Chennai,Tamil Nadu,BR010,Mass,Salaried,11-11-2022
C02278,Arjun Singh,Male,23-08-1982,Bhubaneswar,Odisha,BR014,Premium,Business Owner,23-10-2022
C02279,Arjun Gupta,Male,19-04-1985,Chennai,Tamil Nadu,BR010,Mass,Business Owner,09-12-2025
C02280,Aditya Reddy,Female,01-10-1992,Jaipur,Rajasthan,BR007,Mass,Retired,31-08-2024
C02281,Ananya Reddy,Male,05-11-1985,Jaipur,Rajasthan,BR007,Mass,Salaried,17-04-2025
C02282,Vivaan Gupta,Male,21-09-1968,Gurgaon,Haryana,BR006,Premium,Professional,20-11-2024
C02283,Rahul Deshmukh,Male,11-11-1976,New Delhi,Delhi,BR005,Affluent,Business Owner,20-05-2023
C02284,Kavya Shaikh,Female,01-08-1979,Jaipur,Rajasthan,BR007,Mass,Student,13-12-2024
C02285,Isha Singh,Male,27-06-2003,Gurgaon,Haryana,BR006,Mass,Business Owner,14-03-2024
C02286,Kavya Patil,Male,05-02-1983,Ahmedabad,Gujarat,BR008,Mass,Student,13-09-2024
C02287,Nisha Mehta,Male,14-09-1987,Kolkata,West Bengal,BR013,Mass,Salaried,04-07-2022
C02288,Rahul Khan,Female,07-06-1992,Patna,Bihar,BR015,Mass,Salaried,27-02-2022
C02289,Nisha Nair,Male,20-03-1975,Pune,Maharashtra,BR002,Mass,Salaried,26-11-2021
C02290,Aditya Mehta,Female,21-05-2002,Gurgaon,Haryana,BR006,Mass,Professional,12-06-2022
C02291,Pooja Singh,Male,11-06-1989,Mumbai,Maharashtra,BR001,Mass,Salaried,22-11-2025
C02292,Arjun Gupta,Male,18-03-1997,New Delhi,Delhi,BR005,Mass,Business Owner,17-09-2025
C02293,Karan Verma,Male,25-04-1992,New Delhi,Delhi,BR005,Mass,Retired,25-09-2021
C02294,Nisha Shaikh,Male,22-05-1987,Mumbai,Maharashtra,BR001,Affluent,Student,09-10-2023
C02295,Pooja Nair,Male,12-06-1961,Chennai,Tamil Nadu,BR010,Mass,Business Owner,14-09-2025
C02296,Isha Reddy,Female,12-06-1985,Jaipur,Rajasthan,BR007,Affluent,Professional,09-10-2024
C02297,Arjun Patil,Male,24-06-1965,Kolkata,West Bengal,BR013,Premium,Salaried,23-01-2024
C02298,Isha Reddy,Female,01-09-1986,Mumbai,Maharashtra,BR001,Premium,Self-Employed,31-12-2023
C02299,Pooja Mehta,Male,01-01-1990,Mumbai,Maharashtra,BR001,Mass,Self-Employed,19-08-2022
C02300,Neha Sharma,Female,06-09-1983,Gurgaon,Haryana,BR006,Mass,Professional,16-08-2025
C02301,Rahul Joshi,Male,23-05-1973,Nashik,Maharashtra,BR004,Affluent,Salaried,01-06-2021
C02302,Aditya Patil,Male,05-02-1962,New Delhi,Delhi,BR005,Mass,Salaried,06-05-2025
C02303,Aarav Shaikh,Male,08-01-1989,Patna,Bihar,BR015,Mass,Business Owner,10-05-2025
C02304,Nisha Kulkarni,Female,17-02-1990,Nagpur,Maharashtra,BR003,Mass,Self-Employed,23-04-2022
C02305,Simran Shaikh,Female,05-09-1981,Mumbai,Maharashtra,BR001,Mass,Student,24-07-2023
C02306,Priya Nair,Female,09-07-1991,Ahmedabad,Gujarat,BR008,Affluent,Self-Employed,04-06-2025
C02307,Karan Deshmukh,Female,13-01-1994,Jaipur,Rajasthan,BR007,Mass,Student,16-05-2023
C02308,Sneha Iyer,Male,07-09-1982,Ahmedabad,Gujarat,BR008,Premium,Self-Employed,02-07-2022
C02309,Nisha Deshmukh,Male,27-10-1962,Gurgaon,Haryana,BR006,Affluent,Professional,08-05-2021
C02310,Priya Nair,Male,05-01-1998,Kochi,Kerala,BR012,Mass,Professional,17-03-2023
C02311,Sneha Gupta,Female,23-04-1980,Nagpur,Maharashtra,BR003,Mass,Salaried,23-05-2022
C02312,Ananya Singh,Male,13-02-1989,Gurgaon,Haryana,BR006,Mass,Salaried,04-04-2025
C02313,Rohan Joshi,Male,04-07-2000,Bengaluru,Karnataka,BR009,Premium,Student,22-04-2025
C02314,Ananya Nair,Female,04-01-1975,Kochi,Kerala,BR012,Affluent,Salaried,15-08-2022
C02315,Priya Khan,Male,14-01-1987,New Delhi,Delhi,BR005,Affluent,Business Owner,20-01-2022
C02316,Nisha Singh,Female,10-12-1960,Ahmedabad,Gujarat,BR008,Affluent,Salaried,15-06-2022
C02317,Rahul Reddy,Male,07-04-1998,Mumbai,Maharashtra,BR001,Mass,Professional,04-01-2023
C02318,Karan Gupta,Female,26-12-1962,Pune,Maharashtra,BR002,Premium,Salaried,05-05-2024
C02319,Kavya Nair,Female,13-08-1983,Mumbai,Maharashtra,BR001,Premium,Business Owner,06-10-2021
C02320,Neha Gupta,Female,26-02-1975,Chennai,Tamil Nadu,BR010,Affluent,Self-Employed,31-12-2025
C02321,Riya Khan,Male,05-01-1961,New Delhi,Delhi,BR005,Mass,Salaried,02-07-2024
C02322,Pooja Singh,Male,05-09-1980,Chennai,Tamil Nadu,BR010,Mass,Self-Employed,28-08-2021
C02323,Riya Mehta,Male,17-02-2001,Mumbai,Maharashtra,BR001,Mass,Student,29-07-2022
C02324,Kavya Sharma,Male,08-01-1967,Kochi,Kerala,BR012,Mass,Business Owner,04-07-2024
C02325,Isha Patil,Female,05-08-1972,Kochi,Kerala,BR012,Mass,Retired,10-07-2023
C02326,Ananya Khan,Male,03-10-1968,Mumbai,Maharashtra,BR001,Affluent,Professional,21-08-2023
C02327,Nisha Reddy,Male,03-08-1965,Pune,Maharashtra,BR002,Premium,Business Owner,17-03-2021
C02328,Aditya Nair,Male,21-09-1970,Pune,Maharashtra,BR002,Mass,Self-Employed,20-01-2023
C02329,Rahul Singh,Female,08-10-1985,Kochi,Kerala,BR012,Mass,Retired,28-01-2024
C02330,Vivaan Patil,Male,27-03-1994,New Delhi,Delhi,BR005,Mass,Self-Employed,01-10-2024
C02331,Rohan Singh,Male,05-09-1990,Ahmedabad,Gujarat,BR008,Premium,Self-Employed,28-03-2023
C02332,Neha Iyer,Male,10-01-1993,Gurgaon,Haryana,BR006,Affluent,Professional,11-10-2023
C02333,Arjun Reddy,Male,11-08-1991,Hyderabad,Telangana,BR011,Mass,Retired,10-02-2022
C02334,Aarav Verma,Female,14-10-1976,Jaipur,Rajasthan,BR007,Mass,Self-Employed,27-12-2024
C02335,Arjun Patil,Male,24-12-1999,Jaipur,Rajasthan,BR007,Mass,Salaried,28-06-2024
C02336,Priya Nair,Female,23-06-1967,Patna,Bihar,BR015,Mass,Business Owner,20-09-2024
C02337,Sneha Iyer,Female,01-06-1990,Pune,Maharashtra,BR002,Mass,Professional,04-05-2024
C02338,Priya Sharma,Female,12-04-1964,Kochi,Kerala,BR012,Mass,Salaried,04-12-2025
C02339,Vikram Iyer,Female,23-12-1993,Nagpur,Maharashtra,BR003,Mass,Professional,26-05-2025
C02340,Aarav Patil,Female,01-02-1963,Jaipur,Rajasthan,BR007,Mass,Self-Employed,20-01-2025
C02341,Kavya Sharma,Male,15-07-1969,Kolkata,West Bengal,BR013,Mass,Salaried,05-09-2022
C02342,Nisha Reddy,Male,08-09-1977,Bengaluru,Karnataka,BR009,Affluent,Business Owner,02-05-2021
C02343,Sneha Singh,Female,12-10-1990,Bengaluru,Karnataka,BR009,Mass,Self-Employed,02-01-2021
C02344,Vivaan Mehta,Female,12-05-1962,New Delhi,Delhi,BR005,Mass,Professional,24-11-2024
C02345,Kavya Nair,Male,11-12-1971,Gurgaon,Haryana,BR006,Premium,Salaried,30-06-2025
C02346,Amit Iyer,Male,25-07-1974,New Delhi,Delhi,BR005,Mass,Professional,01-04-2024
C02347,Isha Sharma,Male,15-01-1992,Jaipur,Rajasthan,BR007,Affluent,Salaried,09-08-2024
C02348,Ananya Deshmukh,Male,25-09-2002,Gurgaon,Haryana,BR006,Mass,Retired,13-06-2021
C02349,Neha Reddy,Male,20-01-1987,New Delhi,Delhi,BR005,Affluent,Professional,30-10-2023
C02350,Riya Singh,Male,10-10-1982,New Delhi,Delhi,BR005,Mass,Salaried,11-01-2024
C02351,Vikram Das,Male,14-09-1974,New Delhi,Delhi,BR005,Mass,Retired,14-10-2021
C02352,Nisha Kulkarni,Female,11-08-1996,New Delhi,Delhi,BR005,Mass,Self-Employed,02-10-2024
C02353,Ananya Patil,Female,23-03-1964,Nagpur,Maharashtra,BR003,Affluent,Self-Employed,05-09-2022
C02354,Amit Khan,Female,06-03-1965,Kochi,Kerala,BR012,Affluent,Student,27-12-2021
C02355,Neha Iyer,Female,26-11-1968,Ahmedabad,Gujarat,BR008,Affluent,Student,24-06-2024
C02356,Rohan Das,Male,16-08-1971,Nagpur,Maharashtra,BR003,Mass,Business Owner,06-03-2023
C02357,Aditya Patil,Male,17-05-1980,Bengaluru,Karnataka,BR009,Affluent,Retired,06-09-2023
C02358,Nisha Patil,Female,14-08-2001,Kochi,Kerala,BR012,Mass,Salaried,18-09-2023
C02359,Pooja Reddy,Female,15-08-1988,New Delhi,Delhi,BR005,Mass,Salaried,11-02-2024
C02360,Vikram Sharma,Female,19-11-1976,Nagpur,Maharashtra,BR003,Mass,Salaried,25-01-2023
C02361,Vikram Patil,Female,18-05-1969,Nagpur,Maharashtra,BR003,Mass,Salaried,27-01-2025
C02362,Sneha Nair,Female,06-03-1988,Pune,Maharashtra,BR002,Affluent,Business Owner,19-05-2025
C02363,Nisha Iyer,Female,16-10-1971,Chennai,Tamil Nadu,BR010,Mass,Salaried,03-06-2023
C02364,Isha Nair,Female,10-01-2002,Patna,Bihar,BR015,Mass,Self-Employed,05-11-2021
C02365,Isha Deshmukh,Female,18-12-1981,Mumbai,Maharashtra,BR001,Premium,Salaried,25-05-2022
C02366,Nisha Verma,Male,15-11-1984,Chennai,Tamil Nadu,BR010,Affluent,Salaried,09-11-2024
C02367,Amit Nair,Male,05-01-1999,Pune,Maharashtra,BR002,Mass,Professional,14-04-2022
C02368,Vikram Verma,Male,20-02-1973,Ahmedabad,Gujarat,BR008,Premium,Salaried,21-11-2024
C02369,Arjun Verma,Male,13-10-1980,Chennai,Tamil Nadu,BR010,Mass,Business Owner,24-04-2024
C02370,Priya Nair,Female,15-09-1983,New Delhi,Delhi,BR005,Affluent,Professional,30-03-2023
C02371,Aditya Kulkarni,Male,19-09-1971,Mumbai,Maharashtra,BR001,Mass,Self-Employed,19-08-2021
C02372,Isha Nair,Male,18-06-1962,Ahmedabad,Gujarat,BR008,Mass,Student,13-09-2023
C02373,Isha Khan,Female,21-04-1972,Patna,Bihar,BR015,Premium,Retired,19-06-2024
C02374,Sahil Das,Male,06-11-1964,New Delhi,Delhi,BR005,Mass,Salaried,08-10-2021
C02375,Simran Deshmukh,Female,03-09-1989,Nashik,Maharashtra,BR004,Affluent,Business Owner,15-02-2025
C02376,Nisha Kulkarni,Male,19-05-1960,Pune,Maharashtra,BR002,Mass,Salaried,23-12-2021
C02377,Vivaan Nair,Male,07-04-1973,Ahmedabad,Gujarat,BR008,Mass,Self-Employed,24-01-2023
C02378,Arjun Gupta,Male,04-05-1998,Ahmedabad,Gujarat,BR008,Premium,Business Owner,29-08-2023
C02379,Rohan Kulkarni,Male,04-08-1985,Hyderabad,Telangana,BR011,Mass,Business Owner,11-09-2024
C02380,Aarav Deshmukh,Male,09-04-1989,Chennai,Tamil Nadu,BR010,Affluent,Student,15-02-2022
C02381,Riya Reddy,Male,27-12-1989,Kolkata,West Bengal,BR013,Affluent,Business Owner,06-09-2022
C02382,Vikram Nair,Male,05-01-1973,Hyderabad,Telangana,BR011,Mass,Professional,12-01-2025
C02383,Karan Kulkarni,Male,09-09-1987,New Delhi,Delhi,BR005,Mass,Business Owner,25-08-2022
C02384,Neha Patil,Female,25-08-1969,Ahmedabad,Gujarat,BR008,Mass,Salaried,31-01-2024
C02385,Aarav Khan,Male,27-02-1987,New Delhi,Delhi,BR005,Mass,Salaried,28-12-2022
C02386,Simran Das,Male,07-01-1990,New Delhi,Delhi,BR005,Mass,Self-Employed,14-04-2021
C02387,Amit Das,Male,24-07-1998,Bhubaneswar,Odisha,BR014,Mass,Business Owner,29-07-2023
C02388,Aarav Das,Female,04-07-2000,Bengaluru,Karnataka,BR009,Affluent,Salaried,16-10-2022
C02389,Rohan Sharma,Female,21-03-1961,Patna,Bihar,BR015,Mass,Self-Employed,29-04-2022
C02390,Isha Gupta,Female,01-07-1973,Gurgaon,Haryana,BR006,Affluent,Salaried,17-04-2025
C02391,Rahul Reddy,Female,11-07-1984,Jaipur,Rajasthan,BR007,Mass,Self-Employed,14-11-2024
C02392,Vikram Reddy,Male,07-01-1974,Jaipur,Rajasthan,BR007,Mass,Self-Employed,22-05-2022
C02393,Arjun Patil,Female,20-12-1987,Nashik,Maharashtra,BR004,Mass,Salaried,15-08-2023
C02394,Vikram Deshmukh,Male,01-01-1997,New Delhi,Delhi,BR005,Mass,Salaried,07-08-2024
C02395,Rohan Khan,Female,13-05-1971,Jaipur,Rajasthan,BR007,Mass,Salaried,08-04-2021
C02396,Pooja Joshi,Male,19-06-1999,Nashik,Maharashtra,BR004,Mass,Self-Employed,21-06-2021
C02397,Amit Shaikh,Male,02-03-1998,Bhubaneswar,Odisha,BR014,Affluent,Retired,13-09-2023
C02398,Aarav Sharma,Female,25-09-2000,Pune,Maharashtra,BR002,Affluent,Salaried,27-08-2025
C02399,Sneha Patil,Female,10-03-1963,Nashik,Maharashtra,BR004,Mass,Self-Employed,21-08-2025
C02400,Rohan Nair,Female,05-08-1972,Chennai,Tamil Nadu,BR010,Affluent,Self-Employed,01-04-2023
C02401,Vikram Reddy,Male,07-11-1965,Pune,Maharashtra,BR002,Premium,Business Owner,09-07-2024
C02402,Vikram Nair,Male,10-07-1965,Kolkata,West Bengal,BR013,Mass,Salaried,17-06-2023
C02403,Kavya Joshi,Male,06-09-1962,Chennai,Tamil Nadu,BR010,Premium,Salaried,10-07-2025
C02404,Sneha Mehta,Male,14-02-1979,Mumbai,Maharashtra,BR001,Mass,Retired,07-11-2023
C02405,Simran Gupta,Male,18-11-1963,Bengaluru,Karnataka,BR009,Affluent,Retired,16-06-2025
C02406,Kavya Deshmukh,Male,12-10-1973,Ahmedabad,Gujarat,BR008,Mass,Self-Employed,26-10-2022
C02407,Ananya Gupta,Female,12-02-2003,Chennai,Tamil Nadu,BR010,Affluent,Business Owner,28-08-2025
C02408,Kavya Reddy,Male,22-12-1998,Kochi,Kerala,BR012,Affluent,Salaried,17-08-2024
C02409,Kavya Iyer,Female,09-09-2001,Chennai,Tamil Nadu,BR010,Premium,Salaried,02-11-2024
C02410,Arjun Nair,Female,17-08-1961,Ahmedabad,Gujarat,BR008,Premium,Salaried,27-01-2021
C02411,Kavya Shaikh,Female,25-08-1989,New Delhi,Delhi,BR005,Mass,Professional,12-01-2025
C02412,Nisha Joshi,Male,06-09-1987,Bengaluru,Karnataka,BR009,Affluent,Salaried,24-10-2021
C02413,Vikram Shaikh,Male,17-03-1965,Patna,Bihar,BR015,Mass,Salaried,06-09-2025
C02414,Karan Sharma,Male,26-11-1999,Ahmedabad,Gujarat,BR008,Mass,Salaried,11-12-2021
C02415,Sneha Kulkarni,Female,15-08-1977,Bengaluru,Karnataka,BR009,Mass,Salaried,17-02-2025
C02416,Sneha Singh,Male,27-10-2002,Gurgaon,Haryana,BR006,Premium,Self-Employed,06-03-2024
C02417,Karan Kulkarni,Male,09-01-1965,Chennai,Tamil Nadu,BR010,Affluent,Self-Employed,18-12-2022
C02418,Riya Patil,Female,16-05-1988,Patna,Bihar,BR015,Mass,Self-Employed,15-06-2025
C02419,Karan Das,Female,09-04-1965,Mumbai,Maharashtra,BR001,Premium,Self-Employed,10-12-2022
C02420,Riya Das,Female,01-01-2001,Mumbai,Maharashtra,BR001,Affluent,Self-Employed,27-04-2021
C02421,Arjun Mehta,Male,27-06-1986,Jaipur,Rajasthan,BR007,Mass,Professional,19-05-2021
C02422,Aditya Iyer,Female,07-04-1963,Jaipur,Rajasthan,BR007,Mass,Salaried,06-04-2025
C02423,Neha Shaikh,Male,27-04-1969,Ahmedabad,Gujarat,BR008,Affluent,Salaried,04-12-2022
C02424,Vivaan Reddy,Male,18-08-1975,Nashik,Maharashtra,BR004,Affluent,Student,05-02-2025
C02425,Kavya Nair,Female,25-03-1960,Gurgaon,Haryana,BR006,Mass,Business Owner,06-02-2021
C02426,Nisha Iyer,Female,27-03-1960,Ahmedabad,Gujarat,BR008,Mass,Self-Employed,20-05-2021
C02427,Isha Iyer,Male,16-12-2000,Ahmedabad,Gujarat,BR008,Mass,Salaried,10-12-2025
C02428,Nisha Mehta,Male,27-11-2003,Bengaluru,Karnataka,BR009,Mass,Salaried,19-09-2021
C02429,Isha Iyer,Male,21-07-1983,Chennai,Tamil Nadu,BR010,Mass,Salaried,09-06-2024
C02430,Aditya Kulkarni,Female,15-08-1999,Bengaluru,Karnataka,BR009,Mass,Student,02-10-2022
C02431,Vikram Patil,Female,18-05-1988,Hyderabad,Telangana,BR011,Mass,Business Owner,03-07-2023
C02432,Arjun Patil,Male,06-04-1961,Ahmedabad,Gujarat,BR008,Affluent,Salaried,29-07-2021
C02433,Riya Reddy,Male,01-04-1991,Jaipur,Rajasthan,BR007,Mass,Salaried,03-05-2022
C02434,Aditya Deshmukh,Female,07-12-1960,Ahmedabad,Gujarat,BR008,Mass,Salaried,16-10-2024
C02435,Sneha Joshi,Female,12-10-1995,Pune,Maharashtra,BR002,Mass,Salaried,06-09-2023
C02436,Ananya Nair,Male,07-05-1976,New Delhi,Delhi,BR005,Premium,Self-Employed,10-07-2023
C02437,Neha Deshmukh,Female,14-10-1966,Jaipur,Rajasthan,BR007,Mass,Self-Employed,22-09-2025
C02438,Priya Gupta,Female,18-06-1971,Kochi,Kerala,BR012,Mass,Student,21-01-2023
C02439,Riya Mehta,Male,18-10-1990,Bengaluru,Karnataka,BR009,Mass,Business Owner,07-01-2025
C02440,Isha Deshmukh,Female,25-06-1997,Pune,Maharashtra,BR002,Affluent,Student,16-08-2024
C02441,Sneha Reddy,Female,27-11-1985,Ahmedabad,Gujarat,BR008,Mass,Student,22-04-2023
C02442,Pooja Singh,Male,25-02-1967,New Delhi,Delhi,BR005,Mass,Retired,19-06-2022
C02443,Ananya Joshi,Female,17-03-1999,Chennai,Tamil Nadu,BR010,Affluent,Retired,09-10-2022
C02444,Vikram Kulkarni,Female,06-08-1994,Kochi,Kerala,BR012,Affluent,Salaried,11-05-2025
C02445,Riya Kulkarni,Male,26-01-1978,Ahmedabad,Gujarat,BR008,Mass,Salaried,13-07-2022
C02446,Isha Iyer,Male,05-11-1984,Ahmedabad,Gujarat,BR008,Mass,Salaried,09-04-2024
C02447,Karan Sharma,Female,05-08-2002,New Delhi,Delhi,BR005,Premium,Business Owner,16-08-2021
C02448,Vikram Reddy,Male,09-07-1976,Gurgaon,Haryana,BR006,Premium,Business Owner,25-09-2022
C02449,Kavya Joshi,Male,16-10-1961,Kochi,Kerala,BR012,Affluent,Salaried,03-09-2025
C02450,Isha Patil,Male,19-06-1966,Chennai,Tamil Nadu,BR010,Affluent,Professional,13-09-2023
C02451,Ananya Kulkarni,Female,01-06-1986,Jaipur,Rajasthan,BR007,Affluent,Professional,10-02-2025
C02452,Neha Kulkarni,Female,22-08-2003,New Delhi,Delhi,BR005,Premium,Business Owner,19-04-2022
C02453,Sahil Joshi,Female,05-06-1992,Pune,Maharashtra,BR002,Mass,Self-Employed,21-10-2024
C02454,Ananya Reddy,Female,09-01-1987,Pune,Maharashtra,BR002,Premium,Salaried,04-12-2025
C02455,Rohan Verma,Male,09-10-1974,Nashik,Maharashtra,BR004,Affluent,Self-Employed,17-08-2025
C02456,Amit Shaikh,Male,09-12-1979,Gurgaon,Haryana,BR006,Mass,Salaried,07-03-2023
C02457,Vikram Gupta,Female,21-06-1961,Bhubaneswar,Odisha,BR014,Mass,Business Owner,29-05-2024
C02458,Vikram Mehta,Male,02-08-1976,Jaipur,Rajasthan,BR007,Mass,Salaried,26-06-2025
C02459,Neha Kulkarni,Female,06-01-1987,New Delhi,Delhi,BR005,Affluent,Salaried,25-01-2025
C02460,Vikram Iyer,Male,01-11-1999,Nashik,Maharashtra,BR004,Affluent,Self-Employed,21-11-2025
C02461,Sahil Kulkarni,Male,22-01-2000,New Delhi,Delhi,BR005,Mass,Business Owner,27-02-2021
C02462,Aditya Khan,Female,27-08-1996,Hyderabad,Telangana,BR011,Mass,Salaried,06-09-2023
C02463,Sahil Gupta,Male,18-03-1960,Gurgaon,Haryana,BR006,Mass,Retired,16-12-2024
C02464,Sahil Khan,Male,16-02-1995,Hyderabad,Telangana,BR011,Mass,Salaried,25-08-2024
C02465,Sahil Kulkarni,Male,25-02-1969,Hyderabad,Telangana,BR011,Mass,Student,08-10-2021
C02466,Pooja Shaikh,Male,07-05-1987,Mumbai,Maharashtra,BR001,Affluent,Salaried,11-11-2023
C02467,Vikram Joshi,Male,02-12-2001,Ahmedabad,Gujarat,BR008,Mass,Salaried,29-10-2021
C02468,Neha Reddy,Female,14-10-1999,Patna,Bihar,BR015,Mass,Retired,17-06-2021
C02469,Karan Kulkarni,Male,08-09-1989,Gurgaon,Haryana,BR006,Mass,Professional,23-07-2021
C02470,Riya Verma,Female,13-11-1973,Nagpur,Maharashtra,BR003,Mass,Business Owner,06-10-2025
C02471,Kavya Verma,Male,13-06-1982,Bhubaneswar,Odisha,BR014,Premium,Professional,12-05-2022
C02472,Vikram Deshmukh,Male,09-04-1990,Kolkata,West Bengal,BR013,Affluent,Self-Employed,14-04-2023
C02473,Ananya Singh,Male,14-02-1982,Jaipur,Rajasthan,BR007,Affluent,Professional,14-04-2022
C02474,Rohan Patil,Female,11-06-1977,Ahmedabad,Gujarat,BR008,Mass,Salaried,21-06-2025
C02475,Simran Nair,Female,04-12-1977,Pune,Maharashtra,BR002,Mass,Professional,12-06-2025
C02476,Riya Joshi,Female,24-11-1986,Hyderabad,Telangana,BR011,Affluent,Retired,12-04-2024
C02477,Riya Joshi,Male,19-01-1961,Jaipur,Rajasthan,BR007,Mass,Student,22-02-2025
C02478,Vivaan Khan,Female,02-03-2003,Mumbai,Maharashtra,BR001,Mass,Professional,12-07-2021
C02479,Rahul Gupta,Female,04-11-1964,Bengaluru,Karnataka,BR009,Mass,Business Owner,31-12-2025
C02480,Simran Verma,Female,03-04-2003,Patna,Bihar,BR015,Affluent,Self-Employed,01-02-2023
C02481,Ananya Verma,Male,02-02-1961,Kochi,Kerala,BR012,Mass,Self-Employed,02-01-2023
C02482,Ananya Singh,Female,02-11-1982,New Delhi,Delhi,BR005,Mass,Student,24-12-2021
C02483,Arjun Mehta,Male,05-10-1978,Nashik,Maharashtra,BR004,Affluent,Business Owner,21-05-2025
C02484,Aditya Nair,Female,23-11-1985,Bhubaneswar,Odisha,BR014,Mass,Self-Employed,07-11-2021
C02485,Pooja Das,Male,23-08-1979,Bhubaneswar,Odisha,BR014,Mass,Professional,16-04-2025
C02486,Riya Shaikh,Female,22-04-1999,Jaipur,Rajasthan,BR007,Affluent,Salaried,29-07-2024
C02487,Pooja Patil,Male,17-03-1960,Bengaluru,Karnataka,BR009,Premium,Professional,10-11-2024
C02488,Nisha Reddy,Female,20-12-2003,Gurgaon,Haryana,BR006,Mass,Professional,24-02-2021
C02489,Sneha Das,Male,20-04-1990,Gurgaon,Haryana,BR006,Mass,Salaried,10-09-2024
C02490,Kavya Iyer,Male,25-11-1994,Mumbai,Maharashtra,BR001,Mass,Salaried,31-10-2025
C02491,Aditya Sharma,Female,20-09-1966,Mumbai,Maharashtra,BR001,Mass,Business Owner,22-12-2022
C02492,Nisha Shaikh,Female,20-10-1962,New Delhi,Delhi,BR005,Affluent,Salaried,02-04-2023
C02493,Amit Sharma,Male,22-02-1977,Kochi,Kerala,BR012,Affluent,Retired,24-07-2021
C02494,Ananya Iyer,Female,16-03-1974,Mumbai,Maharashtra,BR001,Mass,Salaried,14-06-2023
C02495,Kavya Singh,Male,06-05-1994,New Delhi,Delhi,BR005,Affluent,Salaried,14-05-2024
C02496,Sneha Joshi,Female,03-04-1999,Ahmedabad,Gujarat,BR008,Mass,Salaried,01-07-2022
C02497,Amit Singh,Female,12-06-1978,Pune,Maharashtra,BR002,Mass,Professional,15-09-2024
C02498,Simran Shaikh,Female,03-05-1993,Nagpur,Maharashtra,BR003,Premium,Self-Employed,06-06-2021
C02499,Sahil Deshmukh,Female,05-08-1962,Ahmedabad,Gujarat,BR008,Mass,Student,15-05-2024
C02500,Priya Sharma,Male,01-11-1992,New Delhi,Delhi,BR005,Mass,Retired,11-12-2023
C02501,Rahul Deshmukh,Male,09-01-1964,Ahmedabad,Gujarat,BR008,Affluent,Business Owner,24-02-2022
C02502,Sneha Reddy,Female,27-05-1989,Kolkata,West Bengal,BR013,Mass,Salaried,22-09-2022
C02503,Nisha Kulkarni,Male,11-07-1976,Pune,Maharashtra,BR002,Mass,Salaried,15-03-2022
C02504,Priya Verma,Male,07-11-1978,Kolkata,West Bengal,BR013,Mass,Student,14-02-2024
C02505,Karan Iyer,Female,11-11-1972,Kolkata,West Bengal,BR013,Mass,Salaried,08-03-2024
C02506,Sahil Kulkarni,Male,09-04-1977,Kochi,Kerala,BR012,Mass,Student,12-10-2023
C02507,Aditya Patil,Male,19-01-1998,Ahmedabad,Gujarat,BR008,Mass,Student,21-12-2021
C02508,Rohan Khan,Female,18-07-1995,Ahmedabad,Gujarat,BR008,Mass,Business Owner,01-02-2022
C02509,Ananya Deshmukh,Male,01-08-1974,Ahmedabad,Gujarat,BR008,Mass,Business Owner,20-01-2025
C02510,Priya Verma,Male,14-11-1972,Bengaluru,Karnataka,BR009,Affluent,Retired,23-04-2023
C02511,Priya Patil,Male,01-09-1982,Mumbai,Maharashtra,BR001,Affluent,Professional,07-03-2023
C02512,Sahil Khan,Male,19-10-1990,Patna,Bihar,BR015,Affluent,Business Owner,17-07-2022
C02513,Vivaan Khan,Female,26-05-1968,Ahmedabad,Gujarat,BR008,Affluent,Self-Employed,26-08-2025
C02514,Aditya Joshi,Female,25-08-1991,Hyderabad,Telangana,BR011,Affluent,Self-Employed,14-03-2022
C02515,Neha Deshmukh,Female,06-10-2001,Gurgaon,Haryana,BR006,Mass,Self-Employed,04-11-2024
C02516,Amit Khan,Male,21-12-1997,Mumbai,Maharashtra,BR001,Mass,Retired,06-11-2024
C02517,Aarav Kulkarni,Male,22-03-1984,Jaipur,Rajasthan,BR007,Mass,Business Owner,21-03-2022
C02518,Nisha Verma,Male,24-06-1974,Jaipur,Rajasthan,BR007,Mass,Professional,22-01-2021
C02519,Rohan Verma,Female,08-03-1974,Gurgaon,Haryana,BR006,Premium,Salaried,02-04-2022
C02520,Rohan Shaikh,Female,13-05-1992,New Delhi,Delhi,BR005,Mass,Student,06-05-2022
C02521,Sahil Reddy,Male,06-08-1980,New Delhi,Delhi,BR005,Affluent,Self-Employed,22-09-2024
C02522,Pooja Das,Female,01-09-1964,Jaipur,Rajasthan,BR007,Mass,Professional,28-08-2023
C02523,Karan Joshi,Female,18-04-1989,Gurgaon,Haryana,BR006,Mass,Salaried,25-02-2023
C02524,Karan Sharma,Male,12-04-1966,Patna,Bihar,BR015,Mass,Student,20-05-2023
C02525,Karan Shaikh,Female,07-08-2003,Nashik,Maharashtra,BR004,Mass,Business Owner,06-10-2025
C02526,Sahil Khan,Female,23-12-1978,New Delhi,Delhi,BR005,Mass,Self-Employed,13-09-2025
C02527,Pooja Iyer,Male,14-12-1975,New Delhi,Delhi,BR005,Affluent,Salaried,16-02-2021
C02528,Nisha Patil,Male,27-05-1962,Ahmedabad,Gujarat,BR008,Mass,Salaried,21-03-2025
C02529,Aditya Das,Female,22-09-1967,Jaipur,Rajasthan,BR007,Affluent,Salaried,22-10-2022
C02530,Kavya Singh,Female,24-03-2001,Bengaluru,Karnataka,BR009,Premium,Salaried,04-10-2024
C02531,Vikram Joshi,Female,21-07-1983,Patna,Bihar,BR015,Mass,Self-Employed,04-12-2025
C02532,Neha Iyer,Female,03-10-1999,New Delhi,Delhi,BR005,Premium,Self-Employed,28-07-2023
C02533,Neha Sharma,Female,02-02-2002,Bengaluru,Karnataka,BR009,Mass,Self-Employed,14-02-2024
C02534,Sneha Reddy,Male,25-08-1962,Nashik,Maharashtra,BR004,Mass,Business Owner,23-02-2023
C02535,Rahul Patil,Male,04-01-1976,New Delhi,Delhi,BR005,Mass,Self-Employed,17-05-2021
C02536,Aditya Iyer,Male,11-06-1996,Gurgaon,Haryana,BR006,Mass,Salaried,08-03-2021
C02537,Amit Joshi,Female,17-02-1981,Nashik,Maharashtra,BR004,Mass,Student,20-10-2022
C02538,Nisha Sharma,Female,06-11-1982,Ahmedabad,Gujarat,BR008,Mass,Self-Employed,09-02-2025
C02539,Rohan Iyer,Female,07-01-1985,Bengaluru,Karnataka,BR009,Affluent,Business Owner,16-09-2022
C02540,Neha Sharma,Male,13-03-1990,Chennai,Tamil Nadu,BR010,Mass,Retired,26-02-2023
C02541,Pooja Khan,Male,10-02-2001,Jaipur,Rajasthan,BR007,Affluent,Professional,29-08-2023
C02542,Isha Reddy,Female,19-02-1999,Ahmedabad,Gujarat,BR008,Mass,Self-Employed,10-08-2022
C02543,Kavya Mehta,Male,03-06-1987,Gurgaon,Haryana,BR006,Mass,Self-Employed,14-06-2023
C02544,Rahul Nair,Male,14-01-1985,Nagpur,Maharashtra,BR003,Mass,Student,13-01-2024
C02545,Priya Deshmukh,Female,05-08-1975,Nagpur,Maharashtra,BR003,Mass,Professional,04-04-2025
C02546,Aditya Deshmukh,Female,17-04-1965,Bengaluru,Karnataka,BR009,Mass,Salaried,09-10-2024
C02547,Priya Verma,Female,04-06-1991,Patna,Bihar,BR015,Affluent,Business Owner,02-02-2025
C02548,Isha Khan,Male,06-05-1960,Nashik,Maharashtra,BR004,Mass,Student,14-08-2023
C02549,Pooja Das,Male,22-12-1990,Ahmedabad,Gujarat,BR008,Mass,Professional,29-06-2024
C02550,Priya Patil,Male,07-04-1981,Chennai,Tamil Nadu,BR010,Affluent,Salaried,01-10-2021
C02551,Priya Joshi,Male,20-02-1994,Kochi,Kerala,BR012,Affluent,Self-Employed,27-09-2021
C02552,Priya Verma,Male,08-12-2001,Ahmedabad,Gujarat,BR008,Premium,Self-Employed,10-08-2025
C02553,Ananya Shaikh,Male,07-08-1984,Ahmedabad,Gujarat,BR008,Mass,Salaried,09-01-2024
C02554,Priya Singh,Female,09-12-1985,Bengaluru,Karnataka,BR009,Affluent,Business Owner,26-07-2021
C02555,Ananya Reddy,Male,24-02-1981,Kochi,Kerala,BR012,Mass,Self-Employed,15-01-2023
C02556,Riya Reddy,Male,11-12-1976,Nagpur,Maharashtra,BR003,Affluent,Salaried,06-11-2025
C02557,Isha Nair,Male,07-11-1963,Bhubaneswar,Odisha,BR014,Mass,Salaried,08-02-2021
C02558,Rohan Verma,Female,15-04-1961,Pune,Maharashtra,BR002,Mass,Student,19-03-2023
C02559,Neha Mehta,Male,11-08-1991,Kochi,Kerala,BR012,Premium,Student,09-03-2025
C02560,Pooja Sharma,Male,22-10-2000,Pune,Maharashtra,BR002,Affluent,Professional,25-09-2025
C02561,Aditya Reddy,Male,27-02-1962,Pune,Maharashtra,BR002,Mass,Student,05-11-2022
C02562,Kavya Verma,Male,15-02-1974,Mumbai,Maharashtra,BR001,Mass,Retired,29-07-2025
C02563,Vikram Singh,Female,13-06-1986,Gurgaon,Haryana,BR006,Affluent,Self-Employed,31-07-2024
C02564,Sahil Khan,Male,10-02-1991,New Delhi,Delhi,BR005,Mass,Salaried,12-01-2023
C02565,Neha Iyer,Male,27-01-1992,Mumbai,Maharashtra,BR001,Mass,Professional,24-11-2024
C02566,Pooja Iyer,Female,14-02-1990,Gurgaon,Haryana,BR006,Mass,Business Owner,31-12-2024
C02567,Ananya Nair,Male,05-03-1963,Gurgaon,Haryana,BR006,Mass,Self-Employed,18-05-2022
C02568,Rohan Sharma,Female,27-05-1971,Chennai,Tamil Nadu,BR010,Mass,Retired,13-06-2021
C02569,Aditya Das,Male,26-06-1980,Kolkata,West Bengal,BR013,Affluent,Salaried,26-11-2024
C02570,Ananya Shaikh,Female,12-10-1962,Bengaluru,Karnataka,BR009,Mass,Student,01-06-2021
C02571,Riya Verma,Male,10-11-1975,Nagpur,Maharashtra,BR003,Affluent,Business Owner,22-11-2024
C02572,Priya Shaikh,Male,19-07-1976,New Delhi,Delhi,BR005,Premium,Salaried,12-10-2022
C02573,Vivaan Verma,Male,23-08-2003,Kolkata,West Bengal,BR013,Mass,Student,07-07-2024
C02574,Rohan Singh,Female,14-02-1973,Nashik,Maharashtra,BR004,Affluent,Professional,19-01-2024
C02575,Aarav Shaikh,Male,09-08-2002,Gurgaon,Haryana,BR006,Mass,Business Owner,12-03-2021
C02576,Priya Gupta,Female,09-11-1990,Bhubaneswar,Odisha,BR014,Premium,Business Owner,18-01-2021
C02577,Ananya Deshmukh,Female,09-04-1990,Patna,Bihar,BR015,Mass,Salaried,24-02-2024
C02578,Nisha Iyer,Male,04-09-1996,Gurgaon,Haryana,BR006,Mass,Salaried,30-07-2023
C02579,Rohan Kulkarni,Male,22-02-1997,Bengaluru,Karnataka,BR009,Mass,Salaried,21-03-2021
C02580,Ananya Singh,Male,03-03-1969,Gurgaon,Haryana,BR006,Premium,Salaried,17-11-2025
C02581,Isha Khan,Female,11-04-1978,Chennai,Tamil Nadu,BR010,Mass,Salaried,12-03-2022
C02582,Karan Iyer,Female,23-01-1983,Mumbai,Maharashtra,BR001,Affluent,Self-Employed,17-04-2025
C02583,Riya Sharma,Male,11-02-2002,Mumbai,Maharashtra,BR001,Mass,Salaried,02-08-2021
C02584,Sahil Shaikh,Male,08-03-1961,Ahmedabad,Gujarat,BR008,Affluent,Self-Employed,01-03-2022
C02585,Arjun Sharma,Female,26-01-1980,New Delhi,Delhi,BR005,Mass,Salaried,24-08-2023
C02586,Neha Kulkarni,Male,04-12-1969,Bengaluru,Karnataka,BR009,Mass,Salaried,23-08-2023
C02587,Neha Gupta,Male,24-03-1969,New Delhi,Delhi,BR005,Mass,Retired,08-01-2024
C02588,Isha Deshmukh,Male,02-05-1993,Kolkata,West Bengal,BR013,Mass,Retired,09-11-2021
C02589,Simran Gupta,Male,12-02-1968,Hyderabad,Telangana,BR011,Affluent,Professional,28-04-2022
C02590,Rohan Mehta,Female,18-07-1994,Jaipur,Rajasthan,BR007,Affluent,Salaried,26-04-2022
C02591,Neha Mehta,Female,10-02-2003,Hyderabad,Telangana,BR011,Mass,Professional,16-03-2023
C02592,Kavya Sharma,Male,15-04-1994,New Delhi,Delhi,BR005,Mass,Salaried,13-08-2025
C02593,Neha Mehta,Male,06-04-1967,Jaipur,Rajasthan,BR007,Mass,Self-Employed,25-04-2023
C02594,Rohan Deshmukh,Female,16-10-1966,Mumbai,Maharashtra,BR001,Affluent,Student,27-12-2025
C02595,Kavya Singh,Male,04-06-1979,Kochi,Kerala,BR012,Affluent,Self-Employed,05-04-2022
C02596,Vivaan Patil,Male,22-01-1984,Kochi,Kerala,BR012,Affluent,Retired,19-03-2022
C02597,Amit Kulkarni,Male,16-12-1994,Kolkata,West Bengal,BR013,Affluent,Business Owner,04-07-2021
C02598,Vikram Verma,Female,14-01-1978,Kochi,Kerala,BR012,Mass,Salaried,23-01-2022
C02599,Riya Sharma,Female,02-04-1967,Patna,Bihar,BR015,Mass,Salaried,24-07-2022
C02600,Vivaan Khan,Female,14-02-2003,New Delhi,Delhi,BR005,Affluent,Professional,02-12-2022
C02601,Nisha Joshi,Male,16-06-1999,Bhubaneswar,Odisha,BR014,Mass,Self-Employed,27-07-2024
C02602,Arjun Verma,Female,08-09-1988,Ahmedabad,Gujarat,BR008,Mass,Salaried,26-03-2023
C02603,Nisha Kulkarni,Male,19-04-1990,Gurgaon,Haryana,BR006,Mass,Salaried,07-06-2024
C02604,Rohan Shaikh,Female,03-03-2001,Ahmedabad,Gujarat,BR008,Affluent,Retired,12-06-2021
C02605,Vivaan Reddy,Male,06-11-1980,New Delhi,Delhi,BR005,Affluent,Salaried,26-09-2025
C02606,Aditya Verma,Male,20-02-1966,New Delhi,Delhi,BR005,Premium,Retired,27-09-2021
C02607,Vikram Deshmukh,Male,04-07-1986,New Delhi,Delhi,BR005,Mass,Business Owner,03-03-2021
C02608,Ananya Reddy,Male,07-11-1979,Nashik,Maharashtra,BR004,Mass,Salaried,15-02-2023
C02609,Rahul Gupta,Male,18-09-1995,Jaipur,Rajasthan,BR007,Mass,Self-Employed,04-04-2024
C02610,Karan Sharma,Female,20-10-1993,Kolkata,West Bengal,BR013,Affluent,Professional,06-03-2022
C02611,Pooja Singh,Female,02-09-1980,Ahmedabad,Gujarat,BR008,Mass,Self-Employed,25-10-2021
C02612,Sahil Das,Female,04-12-1976,Jaipur,Rajasthan,BR007,Premium,Salaried,23-03-2025
C02613,Arjun Das,Male,13-04-1978,Gurgaon,Haryana,BR006,Mass,Salaried,14-02-2025
C02614,Sneha Shaikh,Male,17-04-1987,Gurgaon,Haryana,BR006,Affluent,Student,04-10-2024
C02615,Sneha Reddy,Male,13-01-1988,Pune,Maharashtra,BR002,Affluent,Business Owner,07-02-2022
C02616,Karan Gupta,Male,18-05-1982,Kochi,Kerala,BR012,Mass,Self-Employed,07-09-2023
C02617,Kavya Khan,Male,21-07-1983,Pune,Maharashtra,BR002,Affluent,Salaried,13-06-2024
C02618,Aarav Deshmukh,Female,26-02-2003,Chennai,Tamil Nadu,BR010,Mass,Self-Employed,01-03-2023
C02619,Simran Joshi,Female,10-05-1971,Chennai,Tamil Nadu,BR010,Affluent,Professional,23-11-2021
C02620,Aditya Singh,Male,05-07-1967,Ahmedabad,Gujarat,BR008,Affluent,Salaried,26-02-2025
C02621,Rahul Iyer,Female,08-10-1995,Kochi,Kerala,BR012,Mass,Retired,10-09-2025
C02622,Ananya Gupta,Female,05-12-2001,New Delhi,Delhi,BR005,Mass,Student,31-10-2021
C02623,Ananya Kulkarni,Male,11-11-1986,Kolkata,West Bengal,BR013,Premium,Salaried,07-07-2024
C02624,Sneha Gupta,Female,24-08-1977,Chennai,Tamil Nadu,BR010,Premium,Student,09-06-2025
C02625,Priya Sharma,Male,10-02-1975,Hyderabad,Telangana,BR011,Mass,Business Owner,16-09-2023
C02626,Amit Gupta,Male,05-12-1980,Bengaluru,Karnataka,BR009,Premium,Business Owner,31-03-2021
C02627,Neha Das,Female,15-02-1962,Kochi,Kerala,BR012,Mass,Salaried,14-06-2024
C02628,Nisha Joshi,Female,27-01-1983,Patna,Bihar,BR015,Mass,Student,14-08-2025
C02629,Ananya Patil,Male,06-11-1971,Gurgaon,Haryana,BR006,Mass,Self-Employed,23-04-2022
C02630,Sahil Kulkarni,Male,22-03-1971,Hyderabad,Telangana,BR011,Mass,Professional,11-09-2021
C02631,Sneha Das,Female,23-07-1984,Chennai,Tamil Nadu,BR010,Mass,Salaried,07-04-2022
C02632,Sahil Nair,Male,11-12-2002,Gurgaon,Haryana,BR006,Affluent,Salaried,22-01-2025
C02633,Nisha Singh,Female,17-04-1969,Bhubaneswar,Odisha,BR014,Mass,Retired,15-10-2023
C02634,Vivaan Gupta,Female,12-08-2000,Gurgaon,Haryana,BR006,Mass,Self-Employed,02-02-2021
C02635,Isha Singh,Male,08-04-1982,Ahmedabad,Gujarat,BR008,Affluent,Salaried,10-12-2023
C02636,Simran Iyer,Female,12-07-2002,Mumbai,Maharashtra,BR001,Affluent,Professional,28-01-2025
C02637,Vivaan Iyer,Female,03-06-1976,New Delhi,Delhi,BR005,Premium,Salaried,05-12-2021
C02638,Karan Iyer,Female,20-11-2003,Kochi,Kerala,BR012,Mass,Student,03-12-2023
C02639,Neha Mehta,Male,23-12-1989,Gurgaon,Haryana,BR006,Affluent,Student,22-02-2022
C02640,Vivaan Patil,Male,09-08-1989,Gurgaon,Haryana,BR006,Mass,Salaried,04-02-2021
C02641,Priya Singh,Male,16-08-1984,New Delhi,Delhi,BR005,Mass,Business Owner,02-01-2023
C02642,Priya Khan,Female,07-12-1979,Jaipur,Rajasthan,BR007,Affluent,Retired,14-11-2024
C02643,Neha Sharma,Female,04-01-1983,Hyderabad,Telangana,BR011,Mass,Retired,06-05-2024
C02644,Aditya Joshi,Female,18-03-1997,Kolkata,West Bengal,BR013,Affluent,Self-Employed,05-07-2021
C02645,Ananya Deshmukh,Female,04-02-1994,Nashik,Maharashtra,BR004,Mass,Business Owner,06-12-2021
C02646,Nisha Iyer,Male,22-05-1961,Ahmedabad,Gujarat,BR008,Mass,Business Owner,13-09-2023
C02647,Karan Reddy,Male,08-06-1990,Gurgaon,Haryana,BR006,Mass,Salaried,09-08-2022
C02648,Vivaan Iyer,Female,23-04-1996,Ahmedabad,Gujarat,BR008,Mass,Business Owner,30-08-2022
C02649,Karan Reddy,Male,10-06-1992,Gurgaon,Haryana,BR006,Mass,Salaried,08-03-2023
C02650,Nisha Kulkarni,Female,10-10-1981,Gurgaon,Haryana,BR006,Mass,Salaried,18-10-2024
C02651,Simran Sharma,Male,21-05-1974,Jaipur,Rajasthan,BR007,Mass,Self-Employed,18-11-2023
C02652,Arjun Deshmukh,Male,14-04-1989,Ahmedabad,Gujarat,BR008,Affluent,Student,07-04-2025
C02653,Neha Patil,Female,06-08-1989,Jaipur,Rajasthan,BR007,Mass,Salaried,06-07-2021
C02654,Pooja Sharma,Male,23-02-1976,Jaipur,Rajasthan,BR007,Mass,Salaried,28-04-2023
C02655,Nisha Khan,Male,10-04-1977,Hyderabad,Telangana,BR011,Mass,Salaried,03-10-2023
C02656,Amit Iyer,Female,03-08-1976,Chennai,Tamil Nadu,BR010,Mass,Salaried,15-10-2024
C02657,Neha Reddy,Female,12-01-1961,New Delhi,Delhi,BR005,Mass,Retired,31-07-2023
C02658,Pooja Das,Female,16-12-1961,Hyderabad,Telangana,BR011,Affluent,Self-Employed,01-08-2025
C02659,Sahil Das,Female,17-07-1963,Kochi,Kerala,BR012,Affluent,Salaried,10-03-2025
C02660,Neha Nair,Female,23-11-1978,Pune,Maharashtra,BR002,Mass,Retired,12-06-2024
C02661,Pooja Patil,Male,15-01-1982,Ahmedabad,Gujarat,BR008,Affluent,Salaried,27-12-2022
C02662,Ananya Nair,Male,07-07-1977,New Delhi,Delhi,BR005,Mass,Self-Employed,11-08-2022
C02663,Aditya Iyer,Female,08-12-2002,Chennai,Tamil Nadu,BR010,Mass,Professional,02-09-2023
C02664,Aditya Nair,Male,03-11-1969,New Delhi,Delhi,BR005,Mass,Professional,27-04-2023
C02665,Isha Khan,Female,20-08-1977,Bengaluru,Karnataka,BR009,Mass,Salaried,23-02-2021
C02666,Pooja Patil,Female,03-07-1970,New Delhi,Delhi,BR005,Mass,Business Owner,24-02-2022
C02667,Priya Nair,Male,17-02-1973,Jaipur,Rajasthan,BR007,Mass,Business Owner,06-03-2025
C02668,Rohan Khan,Male,17-11-1985,Bhubaneswar,Odisha,BR014,Mass,Business Owner,18-04-2023
C02669,Amit Gupta,Female,22-02-1973,Gurgaon,Haryana,BR006,Mass,Salaried,01-10-2025
C02670,Aarav Mehta,Male,03-06-1973,Kochi,Kerala,BR012,Mass,Professional,25-03-2022
C02671,Rahul Patil,Male,06-05-1989,Patna,Bihar,BR015,Affluent,Self-Employed,03-11-2025
C02672,Rahul Sharma,Female,25-12-1996,Kochi,Kerala,BR012,Affluent,Professional,14-01-2025
C02673,Simran Das,Male,16-02-1969,Nashik,Maharashtra,BR004,Mass,Retired,17-10-2022
C02674,Karan Nair,Male,13-01-1964,Hyderabad,Telangana,BR011,Mass,Student,19-01-2024
C02675,Sahil Nair,Female,21-02-1970,Nagpur,Maharashtra,BR003,Mass,Professional,10-12-2025
C02676,Arjun Verma,Female,25-01-1985,Gurgaon,Haryana,BR006,Affluent,Salaried,02-03-2024
C02677,Pooja Shaikh,Male,08-03-2002,Kochi,Kerala,BR012,Mass,Salaried,29-08-2025
C02678,Kavya Mehta,Female,25-11-1967,Bengaluru,Karnataka,BR009,Mass,Self-Employed,21-07-2021
C02679,Amit Mehta,Female,03-02-1961,Jaipur,Rajasthan,BR007,Premium,Salaried,26-10-2021
C02680,Isha Sharma,Male,27-11-1983,Gurgaon,Haryana,BR006,Mass,Business Owner,03-01-2021
C02681,Isha Reddy,Male,05-06-2003,Hyderabad,Telangana,BR011,Mass,Professional,17-08-2022
C02682,Kavya Das,Female,08-02-1984,Bengaluru,Karnataka,BR009,Affluent,Self-Employed,12-12-2024
C02683,Isha Joshi,Male,03-09-2000,Gurgaon,Haryana,BR006,Premium,Salaried,27-10-2025
C02684,Sahil Gupta,Female,22-08-1988,Kolkata,West Bengal,BR013,Mass,Student,18-09-2023
C02685,Kavya Gupta,Female,27-02-1961,New Delhi,Delhi,BR005,Mass,Business Owner,11-02-2023
C02686,Priya Patil,Male,09-12-1978,Mumbai,Maharashtra,BR001,Mass,Self-Employed,29-08-2025
C02687,Vikram Shaikh,Male,09-02-1993,Bengaluru,Karnataka,BR009,Mass,Self-Employed,11-12-2023
C02688,Amit Joshi,Male,08-04-1982,Patna,Bihar,BR015,Mass,Salaried,08-09-2023
C02689,Pooja Mehta,Female,05-12-1968,New Delhi,Delhi,BR005,Mass,Professional,05-06-2021
C02690,Arjun Singh,Male,22-04-1967,New Delhi,Delhi,BR005,Affluent,Salaried,28-01-2022
C02691,Vivaan Iyer,Female,02-01-1989,Nashik,Maharashtra,BR004,Affluent,Self-Employed,28-06-2024
C02692,Isha Shaikh,Male,27-04-1980,Kochi,Kerala,BR012,Premium,Salaried,29-06-2024
C02693,Rahul Sharma,Female,26-11-1985,New Delhi,Delhi,BR005,Affluent,Salaried,25-06-2023
C02694,Karan Sharma,Female,04-11-1976,Jaipur,Rajasthan,BR007,Mass,Salaried,03-07-2024
C02695,Simran Khan,Male,15-05-1974,Patna,Bihar,BR015,Mass,Salaried,16-06-2024
C02696,Sneha Singh,Male,27-02-1989,Nagpur,Maharashtra,BR003,Mass,Student,30-04-2021
C02697,Rohan Iyer,Female,24-08-1960,Ahmedabad,Gujarat,BR008,Mass,Professional,05-03-2025
C02698,Aditya Nair,Female,20-04-1979,Jaipur,Rajasthan,BR007,Mass,Salaried,20-06-2024
C02699,Pooja Deshmukh,Male,01-02-1976,Hyderabad,Telangana,BR011,Affluent,Salaried,05-02-2022
C02700,Riya Mehta,Male,02-08-1994,New Delhi,Delhi,BR005,Mass,Professional,24-01-2022
C02701,Rahul Khan,Female,22-04-1992,Gurgaon,Haryana,BR006,Mass,Salaried,16-10-2025
C02702,Simran Mehta,Male,11-06-1978,Nagpur,Maharashtra,BR003,Mass,Self-Employed,10-04-2022
C02703,Kavya Verma,Female,19-04-1971,Chennai,Tamil Nadu,BR010,Premium,Salaried,01-03-2021
C02704,Nisha Nair,Male,20-12-1970,Hyderabad,Telangana,BR011,Affluent,Business Owner,27-02-2021
C02705,Vikram Joshi,Male,12-05-1969,Mumbai,Maharashtra,BR001,Mass,Retired,21-02-2022
C02706,Isha Shaikh,Female,04-02-1972,Gurgaon,Haryana,BR006,Mass,Salaried,20-02-2024
C02707,Aarav Verma,Male,11-04-1993,Kolkata,West Bengal,BR013,Premium,Retired,14-04-2023
C02708,Priya Khan,Female,24-12-1961,Nashik,Maharashtra,BR004,Mass,Student,29-08-2024
C02709,Vikram Nair,Female,09-02-1961,New Delhi,Delhi,BR005,Affluent,Retired,28-02-2022
C02710,Vivaan Sharma,Male,02-01-1983,Ahmedabad,Gujarat,BR008,Affluent,Professional,25-02-2022
C02711,Amit Sharma,Male,26-05-1969,New Delhi,Delhi,BR005,Affluent,Student,09-01-2023
C02712,Aarav Khan,Male,19-03-1996,New Delhi,Delhi,BR005,Mass,Business Owner,18-12-2024
C02713,Aditya Iyer,Female,15-05-1993,Gurgaon,Haryana,BR006,Premium,Student,08-07-2023
C02714,Aditya Joshi,Female,23-11-1993,Nashik,Maharashtra,BR004,Mass,Salaried,23-10-2024
C02715,Pooja Deshmukh,Female,12-10-1980,Jaipur,Rajasthan,BR007,Mass,Professional,21-06-2021
C02716,Sneha Gupta,Male,27-01-1979,Bengaluru,Karnataka,BR009,Mass,Business Owner,19-01-2023
C02717,Riya Patil,Male,24-12-1978,Ahmedabad,Gujarat,BR008,Mass,Salaried,10-03-2023
C02718,Aditya Iyer,Male,08-06-1968,Pune,Maharashtra,BR002,Mass,Salaried,05-05-2021
C02719,Vivaan Khan,Female,11-03-1984,Kochi,Kerala,BR012,Affluent,Salaried,28-07-2022
C02720,Arjun Sharma,Male,08-05-1997,Mumbai,Maharashtra,BR001,Affluent,Self-Employed,27-05-2022
C02721,Aditya Singh,Male,18-12-1971,Chennai,Tamil Nadu,BR010,Mass,Salaried,12-04-2023
C02722,Sneha Patil,Male,18-03-1962,New Delhi,Delhi,BR005,Affluent,Salaried,30-10-2021
C02723,Simran Patil,Male,15-09-1984,Hyderabad,Telangana,BR011,Premium,Salaried,08-05-2022
C02724,Sneha Iyer,Female,27-12-1977,Nashik,Maharashtra,BR004,Mass,Business Owner,17-10-2025
C02725,Neha Joshi,Female,13-06-1995,Nashik,Maharashtra,BR004,Affluent,Salaried,19-09-2021
C02726,Aditya Shaikh,Female,22-03-1997,Jaipur,Rajasthan,BR007,Premium,Salaried,02-02-2025
C02727,Riya Gupta,Male,18-12-2001,Nagpur,Maharashtra,BR003,Affluent,Salaried,19-09-2023
C02728,Aarav Kulkarni,Female,14-03-1977,New Delhi,Delhi,BR005,Mass,Self-Employed,24-05-2021
C02729,Sneha Sharma,Male,02-10-1999,Chennai,Tamil Nadu,BR010,Affluent,Salaried,02-01-2023
C02730,Vivaan Patil,Female,18-08-1965,Kochi,Kerala,BR012,Affluent,Retired,27-07-2023
C02731,Vivaan Deshmukh,Female,18-07-1976,Nagpur,Maharashtra,BR003,Mass,Salaried,22-05-2022
C02732,Aditya Deshmukh,Male,04-11-1971,Kolkata,West Bengal,BR013,Mass,Salaried,03-05-2022
C02733,Arjun Das,Female,22-07-2000,Hyderabad,Telangana,BR011,Mass,Self-Employed,24-07-2024
C02734,Pooja Gupta,Male,13-10-1986,Kochi,Kerala,BR012,Mass,Student,28-02-2021
C02735,Amit Sharma,Male,09-12-1976,Bengaluru,Karnataka,BR009,Mass,Self-Employed,22-08-2025
C02736,Vivaan Singh,Male,23-06-1966,Bengaluru,Karnataka,BR009,Mass,Salaried,12-08-2022
C02737,Aarav Deshmukh,Male,10-06-1994,Jaipur,Rajasthan,BR007,Affluent,Self-Employed,28-11-2022
C02738,Karan Khan,Female,17-07-1988,Bengaluru,Karnataka,BR009,Affluent,Self-Employed,21-08-2021
C02739,Neha Singh,Female,17-12-1997,Kolkata,West Bengal,BR013,Mass,Self-Employed,28-05-2025
C02740,Pooja Khan,Female,02-03-1979,Mumbai,Maharashtra,BR001,Mass,Retired,11-02-2022
C02741,Neha Iyer,Female,12-12-1966,New Delhi,Delhi,BR005,Mass,Retired,07-01-2025
C02742,Rahul Iyer,Female,07-03-1974,Mumbai,Maharashtra,BR001,Mass,Self-Employed,20-08-2022
C02743,Pooja Mehta,Male,06-02-1987,Bhubaneswar,Odisha,BR014,Affluent,Salaried,27-02-2021
C02744,Riya Das,Male,18-10-1970,Gurgaon,Haryana,BR006,Mass,Self-Employed,17-01-2023
C02745,Rohan Das,Male,01-08-1963,Bengaluru,Karnataka,BR009,Premium,Retired,14-08-2023
C02746,Aarav Patil,Female,27-09-1996,Kochi,Kerala,BR012,Mass,Retired,06-05-2023
C02747,Aarav Gupta,Female,11-12-1983,Patna,Bihar,BR015,Mass,Salaried,08-12-2025
C02748,Simran Deshmukh,Female,09-08-1977,Nashik,Maharashtra,BR004,Affluent,Salaried,08-08-2023
C02749,Ananya Patil,Male,25-11-1984,Hyderabad,Telangana,BR011,Mass,Salaried,23-11-2024
C02750,Neha Gupta,Male,14-03-1992,Kolkata,West Bengal,BR013,Mass,Professional,07-11-2022
C02751,Sahil Shaikh,Female,17-03-1960,Pune,Maharashtra,BR002,Mass,Self-Employed,22-09-2021
C02752,Rohan Das,Male,19-04-1979,Chennai,Tamil Nadu,BR010,Affluent,Salaried,29-06-2023
C02753,Priya Mehta,Female,24-12-1971,New Delhi,Delhi,BR005,Mass,Salaried,20-10-2023
C02754,Vivaan Reddy,Male,04-03-1964,Bengaluru,Karnataka,BR009,Affluent,Salaried,03-02-2023
C02755,Sahil Gupta,Male,03-10-1961,Jaipur,Rajasthan,BR007,Affluent,Student,31-10-2024
C02756,Sneha Patil,Female,27-05-1979,New Delhi,Delhi,BR005,Affluent,Self-Employed,28-10-2025
C02757,Neha Iyer,Female,01-06-1983,Pune,Maharashtra,BR002,Affluent,Salaried,28-05-2021
C02758,Sahil Sharma,Female,20-12-1982,Nagpur,Maharashtra,BR003,Affluent,Business Owner,04-05-2021
C02759,Rohan Sharma,Male,17-04-1994,Mumbai,Maharashtra,BR001,Affluent,Business Owner,16-05-2022
C02760,Neha Gupta,Male,15-08-1980,Ahmedabad,Gujarat,BR008,Mass,Business Owner,06-12-2023
C02761,Aditya Kulkarni,Female,22-12-1985,New Delhi,Delhi,BR005,Affluent,Professional,19-03-2021
C02762,Arjun Gupta,Female,27-04-1995,Mumbai,Maharashtra,BR001,Affluent,Salaried,20-12-2021
C02763,Nisha Sharma,Male,02-12-1988,Bengaluru,Karnataka,BR009,Mass,Salaried,17-01-2023
C02764,Rohan Verma,Female,17-04-2000,Bengaluru,Karnataka,BR009,Affluent,Salaried,17-11-2022
C02765,Neha Shaikh,Male,20-11-1969,Jaipur,Rajasthan,BR007,Mass,Business Owner,26-03-2025
C02766,Nisha Sharma,Male,09-07-1994,Bhubaneswar,Odisha,BR014,Mass,Retired,25-09-2023
C02767,Simran Singh,Female,25-02-1990,Gurgaon,Haryana,BR006,Mass,Salaried,12-05-2025
C02768,Aarav Patil,Female,13-07-1985,Kochi,Kerala,BR012,Mass,Professional,19-10-2024
C02769,Aditya Verma,Male,05-12-1960,Mumbai,Maharashtra,BR001,Mass,Professional,27-01-2023
C02770,Vikram Deshmukh,Male,24-04-1983,Chennai,Tamil Nadu,BR010,Mass,Retired,21-11-2025
C02771,Vikram Kulkarni,Female,26-04-1997,Patna,Bihar,BR015,Mass,Self-Employed,21-03-2025
C02772,Rahul Shaikh,Female,03-11-1988,Kochi,Kerala,BR012,Mass,Salaried,21-06-2023
C02773,Rahul Verma,Female,21-06-1960,Ahmedabad,Gujarat,BR008,Mass,Professional,03-04-2025
C02774,Kavya Shaikh,Male,06-06-1972,Ahmedabad,Gujarat,BR008,Mass,Professional,15-04-2022
C02775,Rahul Das,Female,01-01-1985,New Delhi,Delhi,BR005,Premium,Business Owner,16-01-2022
C02776,Sneha Khan,Female,08-03-1995,Bengaluru,Karnataka,BR009,Affluent,Student,16-12-2024
C02777,Riya Khan,Male,24-04-1979,Hyderabad,Telangana,BR011,Mass,Salaried,11-12-2024
C02778,Arjun Mehta,Male,04-07-1997,Patna,Bihar,BR015,Mass,Business Owner,09-02-2022
C02779,Sneha Khan,Female,04-01-1995,Jaipur,Rajasthan,BR007,Mass,Salaried,08-10-2024
C02780,Isha Khan,Female,20-04-1971,Pune,Maharashtra,BR002,Mass,Self-Employed,17-07-2023
C02781,Isha Patil,Female,11-01-1968,Ahmedabad,Gujarat,BR008,Mass,Salaried,17-10-2023
C02782,Sahil Deshmukh,Female,05-06-1999,Pune,Maharashtra,BR002,Affluent,Salaried,27-03-2025
C02783,Rahul Deshmukh,Female,07-01-1985,New Delhi,Delhi,BR005,Affluent,Salaried,20-10-2021
C02784,Sneha Deshmukh,Male,22-02-1997,New Delhi,Delhi,BR005,Mass,Business Owner,08-01-2023
C02785,Karan Reddy,Male,17-12-2000,Chennai,Tamil Nadu,BR010,Affluent,Student,14-06-2022
C02786,Pooja Verma,Female,21-10-1978,Mumbai,Maharashtra,BR001,Mass,Salaried,15-10-2023
C02787,Pooja Nair,Male,03-11-1962,Pune,Maharashtra,BR002,Affluent,Self-Employed,16-10-2021
C02788,Kavya Kulkarni,Male,13-12-1999,Pune,Maharashtra,BR002,Premium,Salaried,07-08-2021
C02789,Isha Iyer,Female,22-07-1985,Kochi,Kerala,BR012,Mass,Self-Employed,25-06-2024
C02790,Rahul Kulkarni,Male,08-06-1965,Bengaluru,Karnataka,BR009,Affluent,Salaried,13-04-2021
C02791,Arjun Gupta,Female,05-01-1983,Nagpur,Maharashtra,BR003,Affluent,Self-Employed,01-02-2023
C02792,Simran Verma,Male,11-02-1961,Nagpur,Maharashtra,BR003,Mass,Student,06-12-2025
C02793,Kavya Mehta,Male,10-10-1972,Ahmedabad,Gujarat,BR008,Mass,Self-Employed,29-12-2025
C02794,Rohan Patil,Male,06-08-1975,New Delhi,Delhi,BR005,Affluent,Business Owner,23-11-2021
C02795,Neha Mehta,Female,26-08-1979,Ahmedabad,Gujarat,BR008,Mass,Business Owner,20-08-2025
C02796,Neha Sharma,Female,14-04-1984,Gurgaon,Haryana,BR006,Mass,Salaried,05-09-2022
C02797,Rahul Sharma,Male,17-12-1996,Bhubaneswar,Odisha,BR014,Affluent,Salaried,29-12-2021
C02798,Vikram Nair,Male,04-05-1975,New Delhi,Delhi,BR005,Mass,Salaried,11-07-2023
C02799,Arjun Kulkarni,Male,17-12-1992,Bengaluru,Karnataka,BR009,Mass,Self-Employed,11-06-2023
C02800,Aarav Singh,Female,15-01-2001,Nashik,Maharashtra,BR004,Premium,Student,15-11-2022
C02801,Simran Gupta,Female,26-12-1992,Patna,Bihar,BR015,Mass,Self-Employed,20-02-2023
C02802,Arjun Singh,Female,12-03-1971,Patna,Bihar,BR015,Mass,Self-Employed,27-06-2021
C02803,Rahul Nair,Male,22-12-1989,Chennai,Tamil Nadu,BR010,Affluent,Salaried,27-04-2022
C02804,Kavya Deshmukh,Female,09-07-1972,Gurgaon,Haryana,BR006,Mass,Salaried,26-12-2021
C02805,Ananya Deshmukh,Male,16-10-1981,Nashik,Maharashtra,BR004,Affluent,Retired,30-08-2025
C02806,Pooja Mehta,Male,26-07-1987,Hyderabad,Telangana,BR011,Affluent,Salaried,21-06-2023
C02807,Nisha Gupta,Male,17-05-1972,Chennai,Tamil Nadu,BR010,Mass,Professional,25-09-2023
C02808,Aarav Kulkarni,Male,20-01-1960,New Delhi,Delhi,BR005,Mass,Not Available,13-03-2023
C02809,Sneha Das,Male,24-07-1996,Gurgaon,Haryana,BR006,Premium,Salaried,04-06-2025
C02810,Karan Mehta,Female,25-04-1992,Gurgaon,Haryana,BR006,Premium,Salaried,28-12-2024
C02811,Priya Gupta,Male,06-07-1965,Kochi,Kerala,BR012,Mass,Student,13-06-2024
C02812,Isha Mehta,Female,06-02-1976,Bengaluru,Karnataka,BR009,Mass,Salaried,24-07-2022
C02813,Isha Mehta,Female,15-04-1971,Bengaluru,Karnataka,BR009,Mass,Professional,18-07-2022
C02814,Rohan Das,Female,27-11-2003,Bengaluru,Karnataka,BR009,Premium,Salaried,14-09-2025
C02815,Neha Kulkarni,Male,14-09-2001,New Delhi,Delhi,BR005,Affluent,Business Owner,26-08-2025
C02816,Priya Gupta,Female,09-08-1990,Gurgaon,Haryana,BR006,Mass,Business Owner,01-06-2022
C02817,Nisha Gupta,Male,15-03-1979,Pune,Maharashtra,BR002,Affluent,Business Owner,07-09-2022
C02818,Nisha Mehta,Male,02-10-1962,Hyderabad,Telangana,BR011,Mass,Salaried,28-08-2022
C02819,Aarav Sharma,Male,05-02-1970,Gurgaon,Haryana,BR006,Mass,Salaried,02-12-2024
C02820,Nisha Joshi,Female,05-03-1964,Gurgaon,Haryana,BR006,Mass,Student,30-09-2025
C02821,Karan Iyer,Female,01-02-1994,New Delhi,Delhi,BR005,Mass,Self-Employed,09-06-2025
C02822,Ananya Deshmukh,Female,20-05-1963,Nashik,Maharashtra,BR004,Affluent,Salaried,15-03-2025
C02823,Sneha Khan,Female,09-02-1989,Ahmedabad,Gujarat,BR008,Mass,Self-Employed,29-09-2022
C02824,Vivaan Kulkarni,Male,05-12-2001,New Delhi,Delhi,BR005,Affluent,Salaried,02-08-2022
C02825,Aarav Kulkarni,Female,14-12-1973,Nagpur,Maharashtra,BR003,Premium,Self-Employed,12-06-2025
C02826,Aditya Shaikh,Female,09-09-1990,Chennai,Tamil Nadu,BR010,Mass,Self-Employed,23-12-2022
C02827,Pooja Deshmukh,Male,11-04-1998,Gurgaon,Haryana,BR006,Mass,Salaried,29-01-2022
C02828,Isha Deshmukh,Female,09-02-1978,Gurgaon,Haryana,BR006,Affluent,Self-Employed,18-03-2025
C02829,Aarav Iyer,Female,01-11-1979,Gurgaon,Haryana,BR006,Mass,Business Owner,26-05-2023
C02830,Rohan Khan,Male,19-07-1968,Hyderabad,Telangana,BR011,Affluent,Retired,07-06-2021
C02831,Riya Khan,Male,03-02-1978,New Delhi,Delhi,BR005,Mass,Business Owner,25-06-2025
C02832,Neha Joshi,Male,06-07-1998,Chennai,Tamil Nadu,BR010,Mass,Self-Employed,23-06-2022
C02833,Isha Sharma,Female,06-12-1989,Bhubaneswar,Odisha,BR014,Affluent,Professional,19-07-2022
C02834,Aditya Mehta,Male,09-02-1968,Bengaluru,Karnataka,BR009,Mass,Salaried,29-08-2023
C02835,Sahil Reddy,Male,05-04-1983,Gurgaon,Haryana,BR006,Mass,Business Owner,09-05-2022
C02836,Ananya Khan,Female,10-08-1991,Chennai,Tamil Nadu,BR010,Mass,Salaried,22-02-2025
C02837,Nisha Mehta,Female,07-07-1963,Gurgaon,Haryana,BR006,Affluent,Salaried,16-06-2024
C02838,Nisha Das,Female,02-02-1993,Gurgaon,Haryana,BR006,Premium,Business Owner,28-10-2023
C02839,Vivaan Joshi,Female,24-01-1968,Jaipur,Rajasthan,BR007,Mass,Salaried,01-01-2022
C02840,Amit Joshi,Male,09-04-1972,New Delhi,Delhi,BR005,Mass,Business Owner,14-06-2023
C02841,Vikram Singh,Male,03-07-1978,Mumbai,Maharashtra,BR001,Mass,Business Owner,13-05-2022
C02842,Sahil Khan,Female,15-08-1982,Gurgaon,Haryana,BR006,Affluent,Salaried,23-10-2025
C02843,Rahul Khan,Male,04-10-2000,Pune,Maharashtra,BR002,Mass,Self-Employed,18-12-2024
C02844,Kavya Kulkarni,Female,21-01-1969,Gurgaon,Haryana,BR006,Mass,Business Owner,01-08-2021
C02845,Karan Gupta,Female,02-05-1971,Ahmedabad,Gujarat,BR008,Mass,Business Owner,23-08-2023
C02846,Vivaan Verma,Male,13-07-1976,Bhubaneswar,Odisha,BR014,Mass,Professional,25-11-2024
C02847,Simran Sharma,Female,26-12-1997,Nagpur,Maharashtra,BR003,Affluent,Salaried,14-08-2023
C02848,Aditya Iyer,Female,05-07-2002,Ahmedabad,Gujarat,BR008,Mass,Professional,20-08-2021
C02849,Neha Sharma,Female,06-09-1979,Gurgaon,Haryana,BR006,Mass,Salaried,13-09-2021
C02850,Sahil Reddy,Male,17-11-1990,Nashik,Maharashtra,BR004,Mass,Salaried,31-08-2024
C02851,Vikram Gupta,Male,27-05-2000,New Delhi,Delhi,BR005,Mass,Business Owner,15-08-2023
C02852,Ananya Singh,Male,11-07-1997,Pune,Maharashtra,BR002,Mass,Salaried,19-09-2023
C02853,Simran Shaikh,Female,18-03-1989,Mumbai,Maharashtra,BR001,Mass,Salaried,08-05-2022
C02854,Rahul Khan,Male,05-04-1983,New Delhi,Delhi,BR005,Mass,Salaried,29-04-2022
C02855,Sneha Singh,Male,18-02-2003,Gurgaon,Haryana,BR006,Mass,Professional,14-01-2023
C02856,Vikram Kulkarni,Female,07-12-1970,Jaipur,Rajasthan,BR007,Mass,Student,20-09-2023
C02857,Karan Khan,Male,17-03-1975,Mumbai,Maharashtra,BR001,Affluent,Retired,06-05-2023
C02858,Neha Mehta,Female,03-02-1991,Mumbai,Maharashtra,BR001,Mass,Salaried,25-05-2025
C02859,Amit Mehta,Male,15-08-1960,Nagpur,Maharashtra,BR003,Mass,Self-Employed,12-12-2021
C02860,Simran Shaikh,Male,07-01-1982,Ahmedabad,Gujarat,BR008,Affluent,Professional,13-05-2023
C02861,Rahul Singh,Male,19-03-1997,New Delhi,Delhi,BR005,Mass,Salaried,06-03-2022
C02862,Aarav Khan,Male,21-08-1967,Ahmedabad,Gujarat,BR008,Mass,Self-Employed,13-01-2021
C02863,Priya Joshi,Female,23-02-1995,New Delhi,Delhi,BR005,Affluent,Salaried,28-01-2023
C02864,Sneha Patil,Female,27-03-1978,Nagpur,Maharashtra,BR003,Mass,Self-Employed,14-04-2021
C02865,Riya Joshi,Female,13-11-1997,Bhubaneswar,Odisha,BR014,Premium,Business Owner,11-11-2022
C02866,Arjun Verma,Female,19-10-1987,Pune,Maharashtra,BR002,Mass,Salaried,01-03-2024
C02867,Rohan Mehta,Female,01-10-1966,Nagpur,Maharashtra,BR003,Affluent,Salaried,18-11-2022
C02868,Sahil Mehta,Female,25-02-1992,Nashik,Maharashtra,BR004,Affluent,Professional,22-05-2024
C02869,Sahil Nair,Male,17-10-1962,Patna,Bihar,BR015,Mass,Business Owner,23-06-2022
C02870,Nisha Joshi,Male,12-04-1970,Ahmedabad,Gujarat,BR008,Mass,Salaried,04-01-2023
C02871,Nisha Iyer,Female,12-05-1999,Ahmedabad,Gujarat,BR008,Affluent,Salaried,18-05-2025
C02872,Kavya Shaikh,Female,21-08-1998,Patna,Bihar,BR015,Mass,Retired,20-03-2022
C02873,Amit Gupta,Male,23-05-1962,Nashik,Maharashtra,BR004,Mass,Business Owner,04-07-2023
C02874,Vivaan Patil,Male,22-02-1976,Patna,Bihar,BR015,Premium,Business Owner,31-07-2024
C02875,Ananya Mehta,Male,14-09-1964,Mumbai,Maharashtra,BR001,Affluent,Business Owner,24-10-2022
C02876,Kavya Kulkarni,Male,11-05-1971,Ahmedabad,Gujarat,BR008,Premium,Retired,10-07-2022
C02877,Vivaan Iyer,Female,26-05-2002,Gurgaon,Haryana,BR006,Affluent,Salaried,28-06-2024
C02878,Sahil Singh,Male,18-01-1968,Gurgaon,Haryana,BR006,Affluent,Salaried,16-05-2021
C02879,Nisha Deshmukh,Female,15-12-1988,Bhubaneswar,Odisha,BR014,Affluent,Salaried,30-04-2022
C02880,Aarav Khan,Female,17-08-1995,Nagpur,Maharashtra,BR003,Affluent,Professional,18-01-2023
C02881,Amit Sharma,Male,18-07-1998,Patna,Bihar,BR015,Affluent,Salaried,01-02-2022
C02882,Arjun Reddy,Female,20-11-1975,Gurgaon,Haryana,BR006,Mass,Salaried,12-09-2023
C02883,Aditya Khan,Female,15-11-1990,Bengaluru,Karnataka,BR009,Mass,Salaried,05-02-2024
C02884,Neha Patil,Male,24-10-1981,Patna,Bihar,BR015,Mass,Business Owner,30-10-2025
C02885,Rahul Das,Male,24-03-1964,Nashik,Maharashtra,BR004,Mass,Business Owner,04-01-2024
C02886,Ananya Das,Female,12-09-1969,Bhubaneswar,Odisha,BR014,Premium,Salaried,18-12-2023
C02887,Karan Deshmukh,Male,05-10-1992,Ahmedabad,Gujarat,BR008,Affluent,Salaried,18-08-2024
C02888,Rohan Gupta,Male,16-09-1990,Bengaluru,Karnataka,BR009,Mass,Professional,16-01-2022
C02889,Arjun Iyer,Male,17-11-1982,Nashik,Maharashtra,BR004,Mass,Salaried,09-05-2023
C02890,Arjun Shaikh,Male,15-07-1994,Jaipur,Rajasthan,BR007,Mass,Professional,28-02-2025
C02891,Sahil Mehta,Female,25-07-1990,Bengaluru,Karnataka,BR009,Mass,Salaried,17-11-2021
C02892,Vikram Gupta,Male,03-10-1974,Gurgaon,Haryana,BR006,Affluent,Student,17-06-2022
C02893,Rahul Nair,Female,08-07-1972,Pune,Maharashtra,BR002,Mass,Self-Employed,06-02-2022
C02894,Priya Nair,Male,24-02-2001,New Delhi,Delhi,BR005,Mass,Business Owner,18-10-2025
C02895,Nisha Deshmukh,Female,26-11-2002,Kochi,Kerala,BR012,Mass,Salaried,09-10-2022
C02896,Kavya Patil,Male,12-05-1961,Pune,Maharashtra,BR002,Mass,Salaried,18-08-2022
C02897,Simran Joshi,Female,06-10-1994,Bengaluru,Karnataka,BR009,Mass,Business Owner,28-01-2025
C02898,Pooja Shaikh,Female,12-01-1965,Patna,Bihar,BR015,Affluent,Self-Employed,19-07-2025
C02899,Vivaan Nair,Male,13-08-1997,Nashik,Maharashtra,BR004,Affluent,Professional,10-01-2021
C02900,Amit Khan,Female,15-03-1985,Mumbai,Maharashtra,BR001,Affluent,Self-Employed,24-05-2025
C02901,Sneha Sharma,Male,08-12-1990,Bengaluru,Karnataka,BR009,Mass,Self-Employed,15-07-2024
C02902,Sahil Kulkarni,Female,09-05-1990,Nagpur,Maharashtra,BR003,Mass,Student,27-04-2025
C02903,Pooja Mehta,Female,18-04-1986,Ahmedabad,Gujarat,BR008,Premium,Self-Employed,08-06-2021
C02904,Karan Iyer,Male,17-05-1971,Bengaluru,Karnataka,BR009,Premium,Student,13-03-2021
C02905,Arjun Patil,Male,18-01-1995,Ahmedabad,Gujarat,BR008,Mass,Salaried,06-09-2022
C02906,Arjun Iyer,Male,11-02-1984,New Delhi,Delhi,BR005,Affluent,Salaried,01-04-2025
C02907,Sahil Sharma,Female,10-11-1983,Bengaluru,Karnataka,BR009,Mass,Professional,30-06-2023
C02908,Arjun Sharma,Female,10-09-1974,Ahmedabad,Gujarat,BR008,Mass,Salaried,10-08-2024
C02909,Kavya Mehta,Male,26-11-1960,Mumbai,Maharashtra,BR001,Premium,Salaried,24-03-2022
C02910,Vivaan Shaikh,Male,11-11-1984,Ahmedabad,Gujarat,BR008,Premium,Salaried,03-09-2022
C02911,Ananya Singh,Male,17-04-1975,Kolkata,West Bengal,BR013,Premium,Self-Employed,23-05-2025
C02912,Kavya Sharma,Female,15-10-1989,Bengaluru,Karnataka,BR009,Mass,Business Owner,14-06-2023
C02913,Vivaan Sharma,Male,24-09-1976,Jaipur,Rajasthan,BR007,Mass,Salaried,24-11-2024
C02914,Karan Kulkarni,Male,10-10-2002,New Delhi,Delhi,BR005,Affluent,Salaried,14-03-2024
C02915,Sneha Shaikh,Female,12-03-1989,Nashik,Maharashtra,BR004,Affluent,Salaried,17-11-2021
C02916,Sneha Deshmukh,Male,23-07-1980,New Delhi,Delhi,BR005,Mass,Salaried,19-09-2025
C02917,Arjun Reddy,Female,05-04-1991,Mumbai,Maharashtra,BR001,Mass,Salaried,24-09-2025
C02918,Amit Sharma,Male,17-04-1988,Patna,Bihar,BR015,Mass,Salaried,25-11-2024
C02919,Karan Reddy,Male,11-03-1987,New Delhi,Delhi,BR005,Mass,Student,08-05-2023
C02920,Sneha Verma,Female,27-04-1985,Hyderabad,Telangana,BR011,Affluent,Business Owner,22-02-2023
C02921,Isha Gupta,Male,20-07-2001,Mumbai,Maharashtra,BR001,Mass,Salaried,28-06-2022
C02922,Sahil Patil,Male,01-07-1973,New Delhi,Delhi,BR005,Mass,Salaried,24-03-2024
C02923,Nisha Iyer,Female,23-04-1979,Gurgaon,Haryana,BR006,Mass,Salaried,21-07-2022
C02924,Arjun Singh,Female,19-07-1971,New Delhi,Delhi,BR005,Mass,Salaried,06-12-2021
C02925,Isha Joshi,Female,16-10-1985,Hyderabad,Telangana,BR011,Mass,Self-Employed,21-04-2021
C02926,Rohan Das,Male,07-07-2003,Patna,Bihar,BR015,Mass,Student,14-02-2023
C02927,Rahul Gupta,Male,05-03-1986,Kochi,Kerala,BR012,Affluent,Professional,28-01-2025
C02928,Karan Nair,Male,17-04-1969,Pune,Maharashtra,BR002,Mass,Self-Employed,15-12-2024
C02929,Neha Kulkarni,Female,12-12-2000,Hyderabad,Telangana,BR011,Affluent,Salaried,01-04-2025
C02930,Simran Nair,Female,24-08-1994,Mumbai,Maharashtra,BR001,Mass,Business Owner,13-01-2024
C02931,Riya Nair,Male,08-09-1979,Kolkata,West Bengal,BR013,Mass,Retired,04-05-2025
C02932,Simran Das,Female,18-04-1966,Jaipur,Rajasthan,BR007,Mass,Salaried,01-12-2024
C02933,Ananya Patil,Male,07-04-1977,New Delhi,Delhi,BR005,Affluent,Student,13-01-2025
C02934,Aditya Reddy,Male,18-08-1995,Pune,Maharashtra,BR002,Mass,Salaried,20-07-2023
C02935,Vikram Iyer,Male,02-04-1985,Pune,Maharashtra,BR002,Mass,Business Owner,05-06-2021
C02936,Simran Deshmukh,Male,11-10-1968,New Delhi,Delhi,BR005,Mass,Salaried,26-11-2022
C02937,Isha Verma,Female,05-08-1966,Kolkata,West Bengal,BR013,Mass,Business Owner,27-03-2025
C02938,Amit Das,Female,17-04-2002,Hyderabad,Telangana,BR011,Mass,Salaried,17-09-2024
C02939,Kavya Shaikh,Male,09-02-1979,Patna,Bihar,BR015,Mass,Self-Employed,23-01-2021
C02940,Simran Joshi,Male,21-09-1990,Pune,Maharashtra,BR002,Mass,Business Owner,21-06-2021
C02941,Kavya Joshi,Female,04-05-1975,Ahmedabad,Gujarat,BR008,Mass,Business Owner,17-04-2024
C02942,Ananya Khan,Male,16-01-1963,New Delhi,Delhi,BR005,Affluent,Business Owner,22-11-2025
C02943,Vikram Kulkarni,Male,17-09-1978,Ahmedabad,Gujarat,BR008,Mass,Salaried,28-08-2024
C02944,Kavya Patil,Female,01-05-1990,New Delhi,Delhi,BR005,Premium,Business Owner,28-09-2025
C02945,Vivaan Kulkarni,Male,01-03-1974,New Delhi,Delhi,BR005,Affluent,Salaried,02-05-2021
C02946,Amit Iyer,Male,09-06-1986,Ahmedabad,Gujarat,BR008,Mass,Business Owner,27-05-2025
C02947,Vivaan Gupta,Male,17-01-1979,Nagpur,Maharashtra,BR003,Affluent,Salaried,23-08-2021
C02948,Aarav Kulkarni,Female,26-05-1974,Gurgaon,Haryana,BR006,Mass,Self-Employed,03-06-2025
C02949,Riya Khan,Male,03-06-1971,Bengaluru,Karnataka,BR009,Premium,Self-Employed,14-11-2025
C02950,Vikram Iyer,Female,19-09-1971,Nagpur,Maharashtra,BR003,Premium,Retired,23-07-2023
C02951,Aarav Das,Male,19-12-1971,Bhubaneswar,Odisha,BR014,Affluent,Business Owner,31-08-2023
C02952,Riya Khan,Female,19-05-1991,Jaipur,Rajasthan,BR007,Mass,Salaried,29-06-2023
C02953,Aditya Kulkarni,Male,14-10-1974,Hyderabad,Telangana,BR011,Premium,Business Owner,08-10-2023
C02954,Aarav Joshi,Male,27-10-1992,Bengaluru,Karnataka,BR009,Affluent,Salaried,06-02-2025
C02955,Vivaan Joshi,Female,14-10-1973,Chennai,Tamil Nadu,BR010,Affluent,Salaried,29-05-2022
C02956,Karan Kulkarni,Female,23-06-1974,Chennai,Tamil Nadu,BR010,Mass,Salaried,02-06-2022
C02957,Riya Joshi,Male,08-11-2000,Kochi,Kerala,BR012,Premium,Professional,04-11-2025
C02958,Ananya Deshmukh,Male,22-01-1998,Ahmedabad,Gujarat,BR008,Affluent,Retired,01-04-2025
C02959,Nisha Shaikh,Female,27-03-1977,New Delhi,Delhi,BR005,Mass,Retired,14-09-2023
C02960,Rohan Gupta,Male,25-01-1971,Nashik,Maharashtra,BR004,Premium,Salaried,02-01-2022
C02961,Pooja Iyer,Male,09-09-1991,Ahmedabad,Gujarat,BR008,Affluent,Salaried,11-10-2025
C02962,Rahul Patil,Male,23-01-1963,Pune,Maharashtra,BR002,Premium,Professional,25-05-2025
C02963,Ananya Singh,Male,03-02-1980,New Delhi,Delhi,BR005,Mass,Salaried,23-08-2022
C02964,Karan Khan,Female,19-10-1986,Nagpur,Maharashtra,BR003,Mass,Business Owner,16-09-2023
C02965,Kavya Iyer,Female,10-02-1989,Ahmedabad,Gujarat,BR008,Affluent,Retired,05-02-2023
C02966,Pooja Singh,Male,18-08-1964,Nagpur,Maharashtra,BR003,Mass,Salaried,20-03-2025
C02967,Rahul Mehta,Female,12-05-1960,Ahmedabad,Gujarat,BR008,Affluent,Salaried,08-06-2024
C02968,Vivaan Shaikh,Male,01-01-1972,Hyderabad,Telangana,BR011,Affluent,Student,20-06-2023
C02969,Sahil Mehta,Female,07-12-1965,Kochi,Kerala,BR012,Mass,Business Owner,03-11-2025
C02970,Vivaan Das,Male,02-12-1982,New Delhi,Delhi,BR005,Affluent,Retired,16-01-2024
C02971,Rahul Joshi,Male,12-12-2000,Ahmedabad,Gujarat,BR008,Mass,Business Owner,03-06-2023
C02972,Sahil Joshi,Female,23-10-1972,Ahmedabad,Gujarat,BR008,Affluent,Salaried,20-08-2025
C02973,Kavya Reddy,Male,20-05-1979,Jaipur,Rajasthan,BR007,Affluent,Professional,02-04-2023
C02974,Riya Gupta,Male,22-05-1969,Bengaluru,Karnataka,BR009,Mass,Professional,03-02-2023
C02975,Rahul Mehta,Male,22-12-1961,Mumbai,Maharashtra,BR001,Mass,Retired,11-12-2022
C02976,Priya Gupta,Female,11-09-1990,Patna,Bihar,BR015,Mass,Self-Employed,07-02-2022
C02977,Sahil Khan,Male,14-02-1971,Nagpur,Maharashtra,BR003,Mass,Self-Employed,25-05-2022
C02978,Priya Kulkarni,Female,14-02-1984,Kochi,Kerala,BR012,Affluent,Salaried,16-06-2021
C02979,Neha Nair,Female,04-11-1990,Ahmedabad,Gujarat,BR008,Mass,Salaried,22-08-2024
C02980,Nisha Nair,Female,17-11-1996,New Delhi,Delhi,BR005,Mass,Retired,14-12-2023
C02981,Vivaan Nair,Male,20-01-1968,Chennai,Tamil Nadu,BR010,Mass,Retired,30-08-2025
C02982,Vikram Mehta,Female,17-01-1985,Nashik,Maharashtra,BR004,Affluent,Self-Employed,21-01-2024
C02983,Amit Verma,Male,21-07-2000,Hyderabad,Telangana,BR011,Affluent,Retired,27-05-2021
C02984,Riya Deshmukh,Female,04-05-1981,Ahmedabad,Gujarat,BR008,Mass,Salaried,08-02-2024
C02985,Nisha Das,Female,21-05-1961,Pune,Maharashtra,BR002,Mass,Student,17-11-2021
C02986,Amit Kulkarni,Male,06-12-1971,Mumbai,Maharashtra,BR001,Mass,Business Owner,09-03-2021
C02987,Neha Joshi,Female,24-05-1994,Chennai,Tamil Nadu,BR010,Mass,Business Owner,24-04-2024
C02988,Pooja Kulkarni,Male,07-04-1994,New Delhi,Delhi,BR005,Mass,Business Owner,20-02-2021
C02989,Simran Reddy,Male,14-10-1973,Kolkata,West Bengal,BR013,Affluent,Business Owner,18-01-2023
C02990,Ananya Nair,Male,14-07-1968,Chennai,Tamil Nadu,BR010,Mass,Student,24-06-2025
C02991,Aditya Reddy,Female,08-08-1972,Bengaluru,Karnataka,BR009,Mass,Self-Employed,13-04-2022
C02992,Karan Mehta,Female,10-09-1970,New Delhi,Delhi,BR005,Affluent,Student,23-06-2024
C02993,Isha Verma,Female,06-07-1992,Bengaluru,Karnataka,BR009,Affluent,Salaried,19-11-2022
C02994,Riya Joshi,Male,16-01-1997,Bhubaneswar,Odisha,BR014,Mass,Salaried,26-07-2021
C02995,Vikram Verma,Female,25-02-1962,Pune,Maharashtra,BR002,Mass,Business Owner,26-12-2021
C02996,Amit Das,Female,09-12-1992,New Delhi,Delhi,BR005,Affluent,Professional,17-05-2021
C02997,Aditya Joshi,Female,14-04-1993,New Delhi,Delhi,BR005,Mass,Student,03-10-2021
C02998,Kavya Joshi,Male,24-03-1986,Gurgaon,Haryana,BR006,Affluent,Salaried,23-10-2021
C02999,Priya Gupta,Male,13-02-1998,Chennai,Tamil Nadu,BR010,Affluent,Salaried,01-06-2025
C03000,Aditya Deshmukh,Female,23-03-1961,Jaipur,Rajasthan,BR007,Affluent,Self-Employed,13-01-2025
