Loan_ID,Customer_ID,Branch_ID,Loan_Type,Application_Date.1,Loan_Amount,Interest_Rate,Tenure_Months,Approval_Status,Loan_Status,Estimated_Interest
L000001,C01732,BR005,Auto,20-01-2023,1042290.75,14.4,120,Approved,Active,1500898.68
L000002,C00597,BR001,Auto,23-11-2025,379364.66,12.58,48,Approved,Defaulted,190896.3
L000003,C01405,BR004,Auto,31-08-2024,950318.45,7.32,60,Approved,Defaulted,347816.55
L000004,C00484,BR005,Personal,23-12-2025,615884.7,7.3,24,Rejected,Rejected,89919.17
L000005,C01188,BR010,Auto,13-12-2023,332359.11,11.59,48,Approved,Active,154081.68
L000006,C00338,BR014,Personal,15-03-2025,520836.49,8.41,12,Rejected,Rejected,43802.35
L000007,C02017,BR010,Home,05-07-2024,2942112.72,11.47,60,Approved,Active,1687301.64
L000008,C02971,BR008,Home,25-06-2024,921155.64,12.84,48,Approved,Closed,473105.54
L000009,C01468,BR002,Auto,28-08-2023,1151373.19,12.05,60,Approved,Active,693702.35
L000010,C00881,BR007,Auto,27-03-2024,171333.61,9.5,12,Approved,Active,16276.69
L000011,C00205,BR008,Business,23-05-2024,885002.2,9.33,60,Pending,Under Review,412853.53
L000012,C01959,BR006,Education,18-06-2024,216560.53,10.88,36,Approved,Closed,70685.36
L000013,C02846,BR014,Education,03-11-2023,617623.88,8.8,120,Approved,Active,543509.01
L000014,C02335,BR007,Auto,05-08-2024,350318.27,10.04,180,Approved,Active,527579.31
L000015,C00495,BR010,Auto,09-01-2023,797666.65,14.13,120,Approved,Active,1127102.98
L000016,C01831,BR010,Home,01-07-2025,2872700.7,14.48,60,Approved,Active,2079835.31
L000017,C01060,BR014,Home,08-04-2024,1067846.45,12.17,36,Approved,Active,389870.74
L000018,C02022,BR015,Home,26-11-2024,707243.52,12.46,84,Approved,Active,616857.8
L000019,C00851,BR006,Personal,05-09-2023,870035.89,7.82,36,Approved,Closed,204110.42
L000020,C00776,BR010,Personal,10-05-2023,95115.14,7.72,60,Approved,Closed,36714.44
L000021,C02045,BR015,Personal,05-11-2023,529599.67,8.02,84,Approved,Active,297317.25
L000022,C00390,BR001,Home,13-11-2023,1924444.05,11.63,12,Approved,Active,223812.84
L000023,C01310,BR007,Personal,15-07-2025,236076.94,7.72,12,Approved,Active,18225.14
L000024,C02196,BR014,Auto,09-04-2025,1060892.68,8.69,24,Rejected,Rejected,184383.15
L000025,C01140,BR012,Education,05-07-2025,265545.99,8,240,Approved,Active,424873.58
L000026,C01072,BR008,Auto,10-02-2024,103785.08,12.14,240,Approved,Closed,251990.17
L000027,C02550,BR010,Auto,30-10-2025,1124620.84,8.88,60,Approved,Active,499331.65
L000028,C02944,BR005,Business,06-04-2025,2242865.91,9.68,36,Approved,Active,651328.26
L000029,C02957,BR012,Home,09-11-2023,773246.29,13.76,36,Rejected,Rejected,319196.07
L000030,C01560,BR006,Education,04-04-2023,677837.1,14.72,24,Approved,Closed,199555.24
L000031,C01452,BR007,Business,18-02-2025,2043766.44,10.52,84,Approved,Closed,1505029.61
L000032,C00351,BR005,Auto,03-11-2024,730379.94,10.94,120,Approved,Closed,799035.65
L000033,C01189,BR012,Business,17-10-2024,2346034.06,9.2,36,Approved,Active,647505.4
L000034,C01676,BR015,Personal,29-08-2025,481932.59,8.1,12,Approved,Active,39036.54
L000035,C02549,BR008,Personal,26-02-2025,696805.45,12.05,84,Approved,Active,587755.4
L000036,C02912,BR009,Business,11-06-2023,1408411.94,11.4,120,Approved,Active,1605589.61
L000037,C02384,BR008,Personal,01-08-2025,589603.48,9.1,36,Approved,Defaulted,160961.75
L000038,C01485,BR006,Personal,04-06-2024,518066.78,9.97,12,Rejected,Rejected,51651.26
L000039,C00596,BR004,Personal,11-04-2023,306705.27,7.58,48,Approved,Active,92993.04
L000040,C01127,BR013,Home,21-10-2023,599881.08,13.15,180,Rejected,Rejected,1183265.43
L000041,C01157,BR001,Home,28-11-2025,1572677.31,7.31,48,Approved,Active,459850.85
L000042,C00120,BR014,Education,18-02-2023,363710.36,8.38,180,Approved,Defaulted,457183.92
L000043,C00013,BR001,Personal,17-01-2023,562333.3,13.32,180,Pending,Under Review,1123541.93
L000044,C01155,BR005,Home,29-08-2025,2463802.16,7.95,48,Rejected,Rejected,783489.09
L000045,C01387,BR009,Home,20-09-2024,2349689.69,13.73,24,Approved,Active,645224.79
L000046,C01144,BR012,Business,15-06-2024,513632.44,9.77,120,Approved,Active,501818.89
L000047,C02535,BR005,Auto,02-02-2025,135909.43,13.96,48,Approved,Closed,75891.83
L000048,C01911,BR011,Home,24-06-2025,708284.5,9.1,36,Approved,Active,193361.67
L000049,C02958,BR008,Business,27-02-2024,417011.64,10.4,120,Approved,Active,433692.11
L000050,C02937,BR013,Education,06-02-2023,91631.48,13.4,120,Approved,Active,122786.18
L000051,C00762,BR015,Home,14-11-2024,2506317.74,9.55,48,Rejected,Rejected,957413.38
L000052,C00187,BR007,Home,06-05-2024,2855971.4,13.95,24,Approved,Closed,796816.02
L000053,C01689,BR006,Business,06-02-2025,336971.45,9.35,84,Approved,Closed,220547.81
L000054,C00453,BR005,Personal,24-02-2025,114990.84,10.08,240,Approved,Active,231821.53
L000055,C01546,BR007,Auto,04-01-2024,943060.61,7.56,36,Approved,Closed,213886.15
L000056,C00338,BR014,Business,25-08-2023,436511,13.43,120,Approved,Active,586234.27
L000057,C01631,BR004,Education,12-04-2023,467520.87,13.49,180,Rejected,Rejected,946028.48
L000058,C01055,BR007,Business,20-08-2023,306656.67,9.57,84,Approved,Active,205429.3
L000059,C00010,BR005,Personal,29-02-2024,415091.32,12.72,60,Approved,Closed,263998.08
L000060,C00731,BR007,Home,09-09-2023,557051.71,13.12,60,Approved,Active,365425.92
L000061,C02501,BR008,Auto,23-03-2023,1148332.45,9.96,48,Approved,Active,457495.65
L000062,C02382,BR011,Personal,14-08-2023,364693.49,11.97,240,Approved,Closed,873076.22
L000063,C00510,BR006,Auto,30-12-2024,310610.94,11.86,48,Approved,Active,147353.83
L000064,C01652,BR011,Business,10-08-2025,370806.35,9.62,48,Rejected,Rejected,142686.28
L000065,C00240,BR005,Home,03-01-2024,1137032.52,9.15,48,Approved,Active,416153.9
L000066,C00247,BR001,Education,15-11-2025,477158.98,8.82,84,Approved,Active,294597.95
L000067,C01597,BR001,Personal,12-02-2024,503273.86,9.52,12,Pending,Under Review,47911.67
L000068,C02307,BR007,Home,16-11-2025,1651428.05,11.86,84,Approved,Active,1371015.57
L000069,C02750,BR013,Auto,29-06-2023,484274.76,13.15,36,Approved,Active,191046.39
L000070,C00107,BR008,Personal,04-08-2023,352806.31,9,84,Approved,Active,222267.98
L000071,C01426,BR008,Home,26-04-2024,2118416.71,14.04,12,Pending,Under Review,297425.71
L000072,C01573,BR009,Education,12-11-2023,516301.78,8.69,60,Approved,Active,224333.12
L000073,C01846,BR007,Business,15-04-2023,2024209.58,7.96,48,Approved,Active,644508.33
L000074,C01656,BR012,Home,24-03-2024,741954.22,8.66,24,Approved,Closed,128506.47
L000075,C02533,BR009,Auto,14-01-2024,182856.91,7.26,84,Pending,Under Review,92927.88
L000076,C02247,BR012,Business,24-07-2023,885522.31,10.5,36,Approved,Active,278939.53
L000077,C00631,BR005,Education,31-01-2025,459609.12,9.19,36,Approved,Defaulted,126714.23
L000078,C00502,BR003,Education,09-10-2023,147923.15,13.29,48,Approved,Closed,78635.95
L000079,C01292,BR003,Auto,15-11-2025,562317.4,8.8,12,Rejected,Rejected,49483.93
L000080,C02824,BR005,Personal,24-03-2024,417442.12,13.55,60,Approved,Closed,282817.04
L000081,C00604,BR011,Home,23-10-2025,2823344.67,12.87,48,Approved,Active,1453457.84
L000082,C00243,BR001,Personal,22-04-2025,407578.28,14.5,24,Approved,Active,118197.7
L000083,C02939,BR015,Personal,06-02-2024,604438.05,10.29,180,Approved,Defaulted,932950.13
L000084,C02813,BR009,Auto,11-01-2024,530756.43,11.11,12,Approved,Active,58967.04
L000085,C01702,BR007,Home,28-08-2024,2183404.58,11.11,84,Approved,Closed,1698033.74
L000086,C00917,BR002,Auto,24-08-2024,506487.26,9.7,36,Approved,Active,147387.79
L000087,C00366,BR001,Business,07-04-2025,1800394.7,7.66,60,Approved,Closed,689551.17
L000088,C01936,BR012,Personal,30-03-2025,470589.78,8.65,180,Approved,Active,610590.24
L000089,C02320,BR010,Personal,06-07-2024,118480.57,9,48,Approved,Active,42653.01
L000090,C01949,BR015,Home,29-06-2025,752811.78,10.92,120,Pending,Under Review,822070.46
L000091,C02619,BR010,Auto,28-04-2025,1194311.24,12.97,12,Approved,Closed,154902.17
L000092,C00878,BR006,Auto,24-05-2025,870187.56,12.63,48,Approved,Active,439618.76
L000093,C00901,BR008,Business,09-02-2023,1354774.39,9.85,60,Rejected,Rejected,667226.39
L000094,C02280,BR007,Home,25-10-2023,1209613.15,12.27,12,Approved,Active,148419.53
L000095,C00106,BR003,Personal,27-06-2023,738810.29,7.72,36,Approved,Closed,171108.46
L000096,C00990,BR007,Education,13-11-2024,603466.02,7.54,240,Pending,Under Review,910026.76
L000097,C01685,BR006,Home,05-06-2024,2046410.64,11.76,240,Approved,Active,4813157.83
L000098,C01800,BR007,Business,22-05-2023,639440.5,13.94,120,Approved,Active,891380.06
L000099,C02145,BR006,Auto,19-03-2023,843762.61,11.06,48,Approved,Active,373280.58
L000100,C02783,BR005,Business,12-06-2023,1270928.17,10.99,60,Approved,Closed,698375.03
L000101,C01231,BR008,Personal,19-02-2025,587170.26,13.51,36,Approved,Active,237980.11
L000102,C01850,BR015,Personal,03-04-2023,219401.75,11.79,36,Approved,Active,77602.4
L000103,C02080,BR011,Business,17-02-2023,1366322.68,14.07,48,Approved,Closed,768966.4
L000104,C02239,BR015,Personal,14-12-2025,142107.92,7.71,180,Approved,Active,164347.81
L000105,C02888,BR009,Auto,04-05-2025,145718.77,9.13,12,Approved,Active,13304.12
L000106,C02952,BR007,Home,04-09-2023,743364.42,8.82,36,Approved,Active,196694.23
L000107,C02216,BR005,Auto,01-02-2023,127385.93,10.29,120,Approved,Active,131080.12
L000108,C01477,BR009,Personal,17-07-2025,381792.66,14.63,240,Approved,Active,1117125.32
L000109,C00099,BR009,Education,16-01-2025,687305.83,10.87,12,Approved,Active,74710.14
L000110,C01887,BR013,Personal,09-10-2024,689700.43,14.71,84,Rejected,Rejected,710184.53
L000111,C01561,BR005,Personal,04-08-2023,713158.11,10.25,24,Rejected,Rejected,146197.41
L000112,C00089,BR002,Auto,17-08-2025,560264.54,13.02,24,Approved,Defaulted,145892.89
L000113,C01944,BR010,Education,27-04-2025,364406.51,10.8,12,Rejected,Rejected,39355.9
L000114,C02168,BR004,Auto,17-08-2025,112150.28,11.59,60,Approved,Closed,64991.09
L000115,C01674,BR003,Home,22-04-2024,2780519.08,12.61,48,Pending,Under Review,1402493.82
L000116,C02533,BR009,Home,11-04-2023,2083870.61,11.8,12,Rejected,Rejected,245896.73
L000117,C00768,BR002,Personal,29-11-2023,196317.53,8.49,120,Pending,Under Review,166673.58
L000118,C00840,BR011,Personal,12-10-2024,432717.47,14.1,180,Approved,Active,915197.45
L000119,C01731,BR011,Personal,18-04-2024,493828.49,8.64,84,Approved,Active,298667.47
L000120,C00135,BR009,Personal,04-11-2025,711922.67,12.51,24,Approved,Active,178123.05
L000121,C01383,BR005,Home,26-06-2024,1803344.91,13.67,48,Approved,Active,986069
L000122,C00687,BR007,Auto,08-01-2024,626440.37,12.72,36,Pending,Under Review,239049.65
L000123,C01212,BR001,Auto,14-03-2024,371395.69,11.46,84,Approved,Active,297933.62
L000124,C00410,BR009,Auto,13-06-2024,458077.07,11.22,24,Approved,Closed,102792.49
L000125,C00389,BR009,Personal,19-05-2024,395711.26,10.23,60,Rejected,Rejected,202406.31
L000126,C02370,BR005,Education,09-01-2023,240970,7.43,12,Approved,Active,17904.07
L000127,C00406,BR003,Education,20-04-2025,413925.16,9.87,36,Approved,Closed,122563.24
L000128,C01666,BR008,Business,29-04-2023,1852029.14,11.36,48,Approved,Closed,841562.04
L000129,C02268,BR015,Home,28-11-2025,977107.38,14.05,24,Approved,Active,274567.17
L000130,C00568,BR014,Business,19-08-2025,1312442.9,7.8,240,Approved,Active,2047410.92
L000131,C00934,BR011,Personal,27-05-2024,450012.9,12.51,60,Approved,Active,281483.07
L000132,C00580,BR013,Business,07-08-2023,883099.83,8.46,60,Approved,Closed,373551.23
L000133,C02975,BR001,Home,04-12-2024,505238.91,7.77,60,Approved,Active,196285.32
L000134,C00965,BR003,Personal,18-02-2023,103722.54,12.55,84,Approved,Active,91120.25
L000135,C01358,BR006,Auto,23-03-2025,736202.23,8.46,84,Approved,Defaulted,435978.96
L000136,C01244,BR002,Business,06-09-2024,2457641.46,10.74,12,Approved,Active,263950.69
L000137,C02777,BR011,Personal,19-01-2024,536302.23,13.2,12,Approved,Active,70791.89
L000138,C01405,BR004,Personal,17-01-2025,377210.59,9.26,60,Approved,Closed,174648.5
L000139,C01521,BR004,Home,29-09-2025,1732240.23,9.1,36,Approved,Active,472901.58
L000140,C00114,BR015,Personal,06-12-2023,221750.95,12.1,180,Approved,Active,402477.97
L000141,C02240,BR006,Education,30-09-2024,332127.43,8.52,60,Approved,Active,141486.29
L000142,C01627,BR011,Auto,08-07-2024,401625.16,12.77,240,Approved,Active,1025750.66
L000143,C02488,BR006,Home,27-12-2025,2743499.26,14.51,120,Approved,Closed,3980817.43
L000144,C02282,BR006,Auto,03-10-2023,705506.64,8.52,84,Approved,Closed,420764.16
L000145,C00106,BR003,Personal,25-06-2024,402020.45,13.01,120,Approved,Defaulted,523028.61
L000146,C00567,BR002,Personal,14-05-2023,116546.68,9.38,24,Approved,Active,21864.16
L000147,C02603,BR006,Home,19-04-2023,2636999.13,10.86,120,Approved,Closed,2863781.06
L000148,C01224,BR008,Business,17-02-2025,1963441.93,8.42,120,Rejected,Rejected,1653218.11
L000149,C00078,BR013,Education,28-10-2024,359650.18,13.85,240,Approved,Active,996231
L000150,C02298,BR001,Personal,21-02-2025,750350.03,7.46,240,Pending,Under Review,1119522.24
L000151,C01161,BR001,Personal,11-02-2025,700237.79,11.2,180,Rejected,Rejected,1176399.49
L000152,C02224,BR005,Home,29-04-2025,2614643.43,13.15,84,Approved,Active,2406779.28
L000153,C02643,BR011,Home,13-05-2025,798895.09,14.54,240,Approved,Active,2323186.92
L000154,C02057,BR001,Home,14-10-2023,514115.43,11.02,84,Approved,Closed,396588.64
L000155,C02919,BR005,Business,21-07-2024,1052759.82,7.33,36,Approved,Defaulted,231501.88
L000156,C02407,BR010,Auto,18-07-2025,561318.51,9.08,48,Approved,Active,203870.88
L000157,C01553,BR005,Personal,02-10-2023,483636.98,8.37,240,Approved,Active,809608.3
L000158,C01126,BR007,Home,13-06-2024,1989810.88,7.74,12,Approved,Active,154011.36
L000159,C01059,BR013,Personal,18-11-2025,168617.72,11.91,24,Approved,Active,40164.74
L000160,C00423,BR009,Personal,28-05-2025,612939.94,11.75,24,Approved,Closed,144040.89
L000161,C01397,BR015,Personal,23-11-2025,110780.93,7.44,12,Approved,Active,8242.1
L000162,C00951,BR013,Auto,28-03-2024,909038.11,13.17,240,Rejected,Rejected,2394406.38
L000163,C00171,BR012,Business,30-01-2024,664002.5,9.43,48,Approved,Active,250461.74
L000164,C00842,BR004,Home,15-11-2025,724686.03,9.04,60,Approved,Closed,327558.09
L000165,C02964,BR003,Business,04-03-2024,1059586.83,8.42,120,Approved,Active,892172.11
L000166,C00821,BR006,Personal,04-05-2023,302295.96,12.83,60,Approved,Active,193922.86
L000167,C01733,BR008,Auto,14-01-2023,163047.01,9.73,84,Approved,Active,111051.32
L000168,C01108,BR015,Education,22-11-2024,417933.75,9.63,60,Approved,Active,201235.1
L000169,C01617,BR010,Home,03-11-2023,1002537.39,8.74,12,Approved,Active,87621.77
L000170,C00179,BR015,Auto,20-10-2025,1164484,11.11,24,Rejected,Rejected,258748.34
L000171,C01340,BR008,Home,17-12-2023,1491663.48,14.57,240,Approved,Closed,4346707.38
L000172,C00953,BR008,Education,30-10-2024,295849.99,10.14,60,Approved,Active,149995.94
L000173,C00842,BR004,Business,18-03-2023,1329122.01,9.49,12,Approved,Active,126133.68
L000174,C00233,BR010,Personal,10-10-2024,843455.2,11.2,36,Approved,Defaulted,283400.95
L000175,C01832,BR012,Auto,10-02-2023,512334.83,13.44,180,Approved,Active,1032867.02
L000176,C02895,BR012,Home,12-02-2023,595829.56,12.82,84,Rejected,Rejected,534697.45
L000177,C02161,BR004,Personal,04-05-2024,375089.27,11.68,12,Rejected,Rejected,43810.43
L000178,C01788,BR005,Education,16-09-2025,539236.1,12.24,240,Approved,Active,1320049.97
L000179,C00528,BR006,Education,11-07-2025,395882.52,11.09,240,Approved,Active,878067.43
L000180,C00370,BR008,Home,16-08-2023,2290099.33,11.11,240,Approved,Defaulted,5088600.71
L000181,C01815,BR006,Home,30-08-2025,2089476.69,12.73,120,Approved,Active,2659903.83
L000182,C00790,BR015,Personal,18-05-2023,540412.37,8.81,120,Approved,Closed,476103.3
L000183,C01392,BR003,Business,19-01-2024,709145.48,7.34,240,Approved,Active,1041025.56
L000184,C01872,BR005,Business,22-10-2023,850727.62,7.63,240,Approved,Active,1298210.35
L000185,C02986,BR001,Education,18-02-2025,665048.07,11.39,120,Rejected,Rejected,757489.75
L000186,C01431,BR014,Home,18-08-2025,1740440.39,9.6,120,Approved,Active,1670822.77
L000187,C00802,BR012,Home,29-01-2024,1981438.31,14.15,12,Rejected,Rejected,280373.52
L000188,C01098,BR009,Business,21-06-2023,1898870.19,9.64,48,Approved,Active,732204.35
L000189,C01535,BR007,Personal,28-03-2025,490098.41,9.85,84,Approved,Active,337922.85
L000190,C02606,BR005,Auto,16-07-2023,417517.66,7.56,240,Rejected,Rejected,631286.7
L000191,C00559,BR007,Business,13-12-2023,1303848.13,7.78,24,Pending,Under Review,202878.77
L000192,C00620,BR002,Business,21-02-2023,1534667.95,7.75,240,Rejected,Rejected,2378735.32
L000193,C02625,BR011,Personal,29-06-2023,70671.12,11.53,84,Approved,Active,57038.66
L000194,C01768,BR010,Personal,12-02-2023,452033.01,9.99,60,Rejected,Rejected,225790.49
L000195,C02780,BR002,Personal,07-02-2023,724525,11.54,36,Approved,Active,250830.56
L000196,C02059,BR001,Home,13-07-2023,860396.65,9.96,180,Rejected,Rejected,1285432.6
L000197,C01833,BR015,Auto,15-10-2025,1087222.44,13.55,48,Approved,Active,589274.56
L000198,C02984,BR008,Personal,18-08-2025,95701.15,13.46,84,Approved,Closed,90169.62
L000199,C02571,BR003,Home,14-08-2024,2405982.95,7.95,12,Rejected,Rejected,191275.64
L000200,C00109,BR014,Personal,21-01-2023,357085.22,13.11,36,Pending,Under Review,140441.62
L000201,C00005,BR001,Business,31-08-2023,783612.25,12.86,36,Approved,Active,302317.61
L000202,C01695,BR008,Business,26-10-2023,1570845.63,14.7,240,Approved,Active,4618286.15
L000203,C00674,BR010,Personal,15-11-2025,384825.62,11.07,36,Approved,Active,127800.59
L000204,C00130,BR002,Personal,18-07-2024,401891.23,13.72,24,Approved,Active,110278.95
L000205,C01299,BR006,Education,01-05-2025,671216.18,12.75,12,Approved,Closed,85580.06
L000206,C00295,BR009,Home,04-08-2023,2382950.65,10,240,Approved,Closed,4765901.3
L000207,C00774,BR003,Personal,08-10-2024,791985.24,8.28,60,Approved,Closed,327881.89
L000208,C01159,BR001,Home,30-10-2024,2770391.4,13.29,36,Approved,Active,1104555.05
L000209,C00570,BR005,Personal,18-11-2024,458839.96,8.08,180,Pending,Under Review,556114.03
L000210,C02345,BR006,Personal,22-01-2023,852537.58,12.36,36,Approved,Closed,316120.93
L000211,C00450,BR003,Auto,20-09-2024,386289.07,13.49,240,Approved,Closed,1042207.91
L000212,C00031,BR009,Home,11-05-2024,511401.27,9.61,48,Approved,Active,196582.65
L000213,C01408,BR014,Home,22-09-2023,2312918.4,11.29,84,Approved,Closed,1827899.41
L000214,C01547,BR007,Auto,06-09-2023,907055.05,10.5,84,Approved,Active,666685.46
L000215,C02407,BR010,Personal,22-12-2025,745179.14,7.66,12,Approved,Active,57080.72
L000216,C02227,BR005,Education,07-11-2025,407393.27,9.08,12,Approved,Active,36991.31
L000217,C00005,BR001,Personal,08-04-2024,837086.39,8.53,24,Approved,Active,142806.94
L000218,C02515,BR006,Auto,30-01-2025,682583.75,12.74,48,Approved,Active,347844.68
L000219,C00632,BR012,Home,19-11-2023,984500.87,7.29,12,Approved,Active,71770.11
L000220,C00672,BR013,Personal,07-11-2024,546393.85,8.45,12,Rejected,Rejected,46170.28
L000221,C00734,BR005,Home,13-02-2024,2449940.65,7.56,84,Approved,Active,1296508.59
L000222,C00235,BR001,Personal,27-11-2023,633099.52,11.09,240,Approved,Active,1404214.74
L000223,C01183,BR004,Home,06-09-2023,2981517.55,12.95,60,Rejected,Rejected,1930532.61
L000224,C02358,BR012,Personal,26-01-2024,568405.04,8.43,60,Approved,Active,239582.72
L000225,C02405,BR009,Auto,15-04-2024,791059.7,9.58,36,Approved,Active,227350.56
L000226,C02025,BR008,Education,13-06-2025,243080.77,9.4,180,Rejected,Rejected,342743.89
L000227,C00455,BR008,Home,05-08-2024,2493191.88,14.23,60,Rejected,Rejected,1773906.02
L000228,C01482,BR011,Home,31-01-2023,1713841.17,7.83,60,Approved,Active,670968.82
L000229,C00625,BR007,Business,29-05-2023,2010396.76,14.09,240,Rejected,Rejected,5665298.07
L000230,C01874,BR009,Personal,27-05-2024,644750.12,13.11,84,Rejected,Rejected,591687.19
L000231,C00886,BR005,Personal,31-08-2025,255378.09,9.67,240,Approved,Active,493901.23
L000232,C02574,BR004,Auto,23-10-2024,277476.17,12.03,36,Rejected,Rejected,100141.15
L000233,C01115,BR006,Personal,04-12-2025,372005.63,11.47,60,Approved,Active,213345.23
L000234,C01874,BR009,Personal,02-10-2025,577849.75,9.04,84,Approved,Closed,365663.32
L000235,C00832,BR001,Home,25-03-2024,2589052.44,13.74,36,Rejected,Rejected,1067207.42
L000236,C00651,BR009,Personal,27-04-2023,257825.4,12.93,180,Rejected,Rejected,500052.36
L000237,C02493,BR012,Business,11-11-2023,1373806.25,10.8,180,Approved,Defaulted,2225566.13
L000238,C01789,BR006,Home,01-04-2024,1223097.36,9.47,36,Approved,Defaulted,347481.96
L000239,C01272,BR005,Personal,26-01-2024,504564.33,10.46,120,Approved,Closed,527774.29
L000240,C02731,BR003,Personal,21-10-2025,100582.98,11.51,180,Approved,Active,173656.51
L000241,C02695,BR015,Auto,06-06-2023,391882.38,11.56,60,Approved,Active,226508.02
L000242,C00837,BR007,Auto,24-05-2023,341434.78,12.29,36,Rejected,Rejected,125887
L000243,C02629,BR006,Personal,24-01-2025,495235.88,14.22,60,Rejected,Rejected,352112.71
L000244,C00947,BR001,Personal,22-05-2024,328031.47,14,12,Approved,Active,45924.41
L000245,C00489,BR012,Business,08-03-2023,1416249.5,11.72,240,Pending,Under Review,3319688.83
L000246,C02836,BR010,Education,16-10-2024,377335.07,11.11,240,Approved,Defaulted,838438.53
L000247,C02354,BR012,Personal,17-10-2025,545624.36,10.26,240,Approved,Active,1119621.19
L000248,C02959,BR005,Auto,12-07-2023,484780.62,13.56,240,Approved,Active,1314725.04
L000249,C00773,BR005,Personal,09-04-2024,835198.79,10.13,24,Pending,Under Review,169211.27
L000250,C01488,BR003,Home,06-03-2025,2346378.35,9.77,60,Approved,Active,1146205.82
L000251,C01644,BR012,Auto,22-08-2025,596946.84,7.64,84,Rejected,Rejected,319247.17
L000252,C00637,BR006,Home,12-05-2023,1195570.64,10.92,120,Approved,Closed,1305563.14
L000253,C01325,BR005,Auto,31-05-2023,458377.86,10.94,24,Approved,Active,100293.08
L000254,C01491,BR010,Home,15-09-2024,2002396.63,7.89,120,Rejected,Rejected,1579890.94
L000255,C00838,BR010,Business,12-01-2025,2128550.67,14.75,240,Approved,Active,6279224.48
L000256,C02680,BR006,Personal,08-07-2024,458259.39,7.8,60,Approved,Closed,178721.16
L000257,C02021,BR014,Business,18-07-2024,671407.88,8.95,180,Pending,Under Review,901365.08
L000258,C01223,BR005,Auto,01-01-2025,1049782.01,9.01,36,Rejected,Rejected,283756.08
L000259,C00696,BR009,Education,16-11-2024,139622.55,7.25,240,Approved,Active,202452.7
L000260,C00578,BR007,Business,23-07-2025,1451425.87,12.11,240,Approved,Closed,3515353.46
L000261,C02019,BR011,Auto,17-09-2025,647560.13,8.22,180,Approved,Active,798441.64
L000262,C02879,BR014,Auto,21-03-2023,197877.68,8.66,60,Approved,Active,85681.04
L000263,C02451,BR007,Personal,18-05-2023,57939.88,10.49,180,Rejected,Rejected,91168.4
L000264,C01578,BR013,Personal,12-03-2025,675132.45,13.41,48,Pending,Under Review,362141.05
L000265,C00073,BR008,Education,03-07-2025,127555.64,10.12,36,Approved,Active,38725.89
L000266,C00134,BR005,Home,03-03-2024,2378207.72,12.78,84,Approved,Active,2127544.63
L000267,C02272,BR005,Auto,06-08-2025,596216.78,12.08,180,Approved,Defaulted,1080344.81
L000268,C00762,BR015,Personal,19-04-2024,152897.37,12.28,180,Approved,Active,281636.96
L000269,C02842,BR006,Education,24-11-2024,518458.89,14.25,180,Approved,Active,1108205.88
L000270,C00933,BR013,Personal,30-01-2023,67049.78,13.84,60,Approved,Closed,46398.45
L000271,C00201,BR015,Business,19-09-2025,529894.11,7.9,24,Approved,Active,83723.27
L000272,C02602,BR008,Education,22-04-2024,321681.13,12.03,24,Approved,Active,77396.48
L000273,C01858,BR007,Personal,04-03-2024,484750.92,8.8,240,Rejected,Rejected,853161.62
L000274,C00500,BR001,Home,25-01-2024,2430985.69,12,60,Approved,Active,1458591.41
L000275,C01494,BR003,Home,07-07-2025,1217722.97,7.56,60,Pending,Under Review,460299.28
L000276,C02014,BR014,Education,26-05-2024,220506.45,12.21,24,Rejected,Rejected,53847.68
L000277,C00523,BR006,Personal,16-08-2024,450320.17,9.34,120,Rejected,Rejected,420599.04
L000278,C00844,BR012,Personal,07-10-2024,425373.82,7.53,36,Approved,Active,96091.95
L000279,C02372,BR008,Personal,06-01-2023,311137.41,11.97,84,Approved,Active,260702.04
L000280,C01096,BR005,Business,20-04-2024,650446.6,9.27,84,Approved,Active,422074.8
L000281,C01769,BR005,Home,01-12-2024,2833304.78,14.59,60,Rejected,Rejected,2066895.84
L000282,C00561,BR006,Home,24-11-2024,1294412.63,8.57,84,Approved,Active,776518.14
L000283,C00954,BR006,Education,06-11-2023,116056.23,11.01,84,Rejected,Rejected,89444.54
L000284,C02588,BR013,Personal,07-04-2023,87125.32,11.45,240,Approved,Active,199516.98
L000285,C00065,BR006,Personal,17-06-2023,127950.94,12.37,120,Approved,Active,158275.31
L000286,C00936,BR007,Home,08-03-2023,621948.99,11.87,120,Approved,Active,738253.45
L000287,C00992,BR005,Personal,01-03-2023,731990.21,13.34,84,Pending,Under Review,683532.46
L000288,C02678,BR009,Business,04-10-2023,2408757.36,12.33,48,Approved,Active,1187999.13
L000289,C01586,BR006,Business,01-06-2025,1768726.31,10.81,36,Rejected,Rejected,573597.94
L000290,C02947,BR003,Business,04-11-2024,2400780.65,8.26,36,Approved,Active,594913.45
L000291,C00141,BR003,Education,30-11-2024,136156.77,9.06,60,Approved,Active,61679.02
L000292,C01726,BR007,Auto,09-10-2023,1100476.85,8.32,12,Approved,Active,91559.67
L000293,C01528,BR004,Business,31-08-2025,1633939.98,7.34,60,Approved,Active,599655.97
L000294,C01594,BR001,Business,14-09-2024,1415956,13.4,48,Pending,Under Review,758952.42
L000295,C01604,BR006,Home,25-04-2023,764335.48,14.37,240,Approved,Active,2196700.17
L000296,C00937,BR007,Business,15-12-2025,1750627.97,13.69,84,Rejected,Rejected,1677626.78
L000297,C02263,BR003,Auto,29-05-2025,367291.1,14.02,48,Rejected,Rejected,205976.85
L000298,C02414,BR008,Home,03-04-2023,1495336.14,7.39,120,Pending,Under Review,1105053.41
L000299,C02309,BR006,Auto,08-04-2024,1031499.52,14.02,84,Approved,Defaulted,1012313.63
L000300,C00023,BR011,Home,20-10-2024,2718726.19,10.99,12,Approved,Active,298788.01
L000301,C01441,BR005,Business,22-04-2024,328047.93,8.31,24,Approved,Defaulted,54521.57
L000302,C02495,BR005,Business,15-02-2023,440723.46,14.4,180,Approved,Active,951962.67
L000303,C01984,BR007,Personal,17-04-2024,488871.11,11.21,48,Approved,Active,219209.81
L000304,C02521,BR005,Home,22-10-2023,2381416.99,12.72,48,Approved,Active,1211664.96
L000305,C02091,BR008,Personal,20-10-2025,568092.77,11.26,12,Pending,Under Review,63967.25
L000306,C01692,BR005,Auto,23-11-2024,445967.08,11.97,120,Approved,Active,533822.59
L000307,C01465,BR006,Personal,17-02-2024,822482.95,11.08,240,Approved,Active,1822622.22
L000308,C02218,BR005,Personal,15-11-2024,605967.09,14.16,60,Rejected,Rejected,429024.7
L000309,C00481,BR007,Personal,05-04-2024,93998.86,11.76,60,Approved,Active,55271.33
L000310,C02316,BR008,Auto,07-01-2025,280830.43,10.54,48,Approved,Active,118398.11
L000311,C00326,BR008,Personal,31-12-2023,879208.13,11.72,120,Approved,Active,1030431.93
L000312,C00118,BR007,Home,28-01-2024,2697949.54,12.21,240,Approved,Closed,6588392.78
L000313,C02716,BR009,Auto,09-11-2023,1119386.98,14.02,240,Approved,Defaulted,3138761.09
L000314,C01574,BR002,Auto,29-10-2023,505655.97,8.11,240,Rejected,Rejected,820173.98
L000315,C01819,BR008,Personal,05-07-2025,555051.38,11.22,24,Approved,Defaulted,124553.53
L000316,C02583,BR001,Auto,16-05-2025,282365.59,11.44,84,Approved,Active,226118.36
L000317,C01096,BR005,Home,01-07-2023,2796923.41,7.86,36,Pending,Under Review,659514.54
L000318,C02830,BR011,Personal,30-08-2024,196965.48,12.28,240,Approved,Closed,483747.22
L000319,C02221,BR005,Personal,23-04-2024,820720.42,11.28,84,Rejected,Rejected,648040.84
L000320,C00612,BR004,Education,20-04-2023,532198.65,13.1,12,Approved,Active,69718.02
L000321,C00545,BR003,Education,02-02-2024,613813.19,10.72,84,Approved,Active,460605.42
L000322,C01711,BR005,Home,20-11-2024,1176595.84,11.86,60,Approved,Active,697721.33
L000323,C01679,BR015,Auto,17-10-2024,468793.34,10.63,36,Approved,Closed,149498.2
L000324,C00102,BR004,Home,08-02-2025,917709.91,8.8,240,Approved,Closed,1615169.44
L000325,C00366,BR001,Home,01-09-2025,1551601.76,9.06,120,Approved,Active,1405751.19
L000326,C01503,BR004,Business,11-11-2024,2191590.42,13.92,60,Approved,Defaulted,1525346.93
L000327,C01258,BR005,Auto,24-11-2025,130464.47,10.05,36,Approved,Closed,39335.04
L000328,C01087,BR003,Personal,18-07-2024,352268.34,13.74,180,Approved,Active,726025.05
L000329,C01351,BR011,Business,09-04-2025,2278405.65,9.6,12,Pending,Under Review,218726.94
L000330,C02264,BR013,Personal,29-10-2025,698719.49,11.54,12,Rejected,Rejected,80632.23
L000331,C01691,BR013,Home,25-03-2025,2686464.61,13.89,36,Approved,Closed,1119449.8
L000332,C00970,BR011,Auto,08-06-2025,1096233.53,10.69,48,Approved,Active,468749.46
L000333,C01529,BR006,Personal,28-01-2023,255417.84,10.53,36,Approved,Closed,80686.5
L000334,C02043,BR014,Personal,14-09-2025,388985.93,13.77,60,Approved,Closed,267816.81
L000335,C00346,BR005,Home,15-07-2024,2895191,12.98,48,Rejected,Rejected,1503183.17
L000336,C02421,BR007,Auto,10-08-2024,441479.1,8.78,60,Approved,Active,193809.32
L000337,C01256,BR012,Home,13-10-2025,1218472.62,7.87,24,Approved,Active,191787.59
L000338,C00214,BR006,Personal,08-06-2023,520020.42,7.59,48,Approved,Closed,157878.2
L000339,C01418,BR005,Business,23-08-2024,1788970.57,9.47,84,Approved,Closed,1185908.59
L000340,C00613,BR001,Education,15-05-2024,374179.94,11.93,48,Rejected,Rejected,178558.67
L000341,C01053,BR005,Auto,15-02-2023,1130827.16,14.52,24,Approved,Active,328392.21
L000342,C00948,BR005,Business,08-09-2025,1588496.46,7.43,12,Approved,Active,118025.29
L000343,C02233,BR007,Personal,20-01-2023,799249.78,9.41,120,Approved,Active,752094.04
L000344,C02597,BR013,Personal,15-02-2025,704054.76,12.61,36,Approved,Closed,266343.92
L000345,C00461,BR005,Auto,13-01-2024,361709.04,14.2,240,Rejected,Rejected,1027253.67
L000346,C01448,BR014,Personal,21-10-2025,754794.18,12.35,12,Approved,Closed,93217.08
L000347,C02257,BR009,Personal,16-11-2024,75891.75,14.44,240,Approved,Active,219175.37
L000348,C00459,BR003,Home,14-09-2025,1213827.17,7.66,24,Approved,Closed,185958.32
L000349,C01491,BR010,Personal,28-02-2025,506538.93,11.69,120,Rejected,Rejected,592144.01
L000350,C00496,BR001,Personal,11-11-2025,664017.56,12.05,36,Approved,Closed,240042.35
L000351,C01014,BR005,Home,23-10-2023,2744785.65,14.69,60,Approved,Active,2016045.06
L000352,C01004,BR014,Personal,19-02-2023,746917.88,14.57,24,Pending,Under Review,217651.87
L000353,C01129,BR012,Home,31-01-2024,2987417.85,7.55,60,Approved,Closed,1127750.24
L000354,C01958,BR012,Auto,07-01-2023,468033.12,14.35,12,Approved,Active,67162.75
L000355,C02622,BR005,Personal,25-03-2025,384664.67,9.26,180,Rejected,Rejected,534299.23
L000356,C02691,BR004,Home,23-11-2024,2449792.16,11.96,120,Approved,Active,2929951.42
L000357,C01225,BR001,Personal,08-06-2024,295700.16,8.4,48,Approved,Active,99355.25
L000358,C00572,BR004,Home,22-05-2023,1568658.2,14.45,180,Pending,Under Review,3400066.65
L000359,C01240,BR005,Education,06-11-2023,251894.46,9.45,24,Approved,Active,47608.05
L000360,C02547,BR015,Home,22-04-2024,677604.1,9.84,84,Approved,Closed,466733.7
L000361,C02125,BR015,Personal,06-01-2024,239847.28,8.6,84,Approved,Active,144388.06
L000362,C00852,BR010,Personal,07-10-2025,251660.15,10.33,84,Pending,Under Review,181975.45
L000363,C02284,BR007,Business,02-09-2023,614969.44,10.09,60,Approved,Active,310252.08
L000364,C02066,BR010,Personal,03-02-2025,589547.41,10.27,36,Approved,Active,181639.56
L000365,C02671,BR015,Personal,05-05-2024,673325.96,12.98,24,Approved,Active,174795.42
L000366,C02637,BR005,Home,01-10-2023,2858392.35,9.93,240,Approved,Active,5676767.21
L000367,C02812,BR009,Business,05-01-2024,1576302.43,13.73,120,Rejected,Rejected,2164263.24
L000368,C01475,BR008,Home,03-05-2024,2415443.51,9.83,84,Approved,Closed,1662066.68
L000369,C00762,BR015,Personal,28-01-2025,734948.65,11.76,120,Approved,Active,864299.61
L000370,C01981,BR009,Auto,11-08-2025,484808.05,12.26,120,Rejected,Rejected,594374.67
L000371,C01731,BR011,Auto,21-10-2023,734740.8,9.91,36,Approved,Closed,218438.44
L000372,C01164,BR006,Personal,15-11-2024,125514.93,13.39,12,Approved,Active,16806.45
L000373,C02969,BR012,Personal,09-06-2024,834850.95,9.57,180,Approved,Active,1198428.54
L000374,C02435,BR002,Personal,06-06-2024,654596.44,11.28,84,Approved,Active,516869.35
L000375,C01630,BR005,Home,05-07-2025,1218460.7,13.19,120,Rejected,Rejected,1607149.66
L000376,C02153,BR008,Business,02-02-2023,337107.76,9.35,84,Approved,Active,220637.03
L000377,C00068,BR002,Auto,17-08-2024,1187454.67,10.55,12,Approved,Closed,125276.47
L000378,C02472,BR013,Education,24-07-2024,559145.69,12.63,24,Pending,Under Review,141240.2
L000379,C00208,BR003,Auto,02-07-2025,737509.16,10.66,48,Approved,Active,314473.91
L000380,C02424,BR004,Business,14-04-2025,519254.99,10.12,60,Approved,Active,262743.02
L000381,C00492,BR005,Business,17-01-2025,2298989.02,9.73,36,Rejected,Rejected,671074.89
L000382,C01856,BR008,Personal,30-04-2023,192733.73,13.63,24,Approved,Closed,52539.21
L000383,C00058,BR009,Home,07-05-2024,1568130.25,7.72,84,Rejected,Rejected,847417.59
L000384,C01981,BR009,Personal,19-11-2024,654658.78,10.19,12,Pending,Under Review,66709.73
L000385,C02008,BR003,Personal,04-07-2024,308198.02,9.99,12,Approved,Active,30788.98
L000386,C02887,BR008,Personal,09-01-2025,780050.81,11.76,48,Approved,Defaulted,366935.9
L000387,C01715,BR002,Personal,05-12-2023,532267.27,14.01,36,Approved,Closed,223711.93
L000388,C01952,BR001,Business,02-06-2025,1919895.7,12.61,240,Approved,Active,4841976.96
L000389,C02023,BR002,Education,29-07-2024,107211.7,11.85,24,Pending,Under Review,25409.17
L000390,C02907,BR009,Personal,20-06-2024,871431.72,13.45,48,Approved,Closed,468830.27
L000391,C02301,BR004,Personal,18-08-2024,242969.54,12.86,12,Approved,Active,31245.88
L000392,C00017,BR009,Home,05-11-2025,2033989.81,11.95,240,Rejected,Rejected,4861235.65
L000393,C01469,BR012,Auto,11-01-2024,735024.28,13.87,240,Rejected,Rejected,2038957.35
L000394,C00933,BR013,Auto,26-02-2025,341684.89,9.83,36,Approved,Defaulted,100762.87
L000395,C00854,BR006,Personal,17-06-2023,316503.16,11.22,120,Approved,Defaulted,355116.55
L000396,C01773,BR005,Home,08-08-2024,2161437.1,11.25,48,Rejected,Rejected,972646.7
L000397,C02670,BR012,Personal,23-07-2025,88120.44,12.58,240,Rejected,Rejected,221711.03
L000398,C02956,BR010,Home,05-02-2024,2254476.25,13.76,48,Approved,Active,1240863.73
L000399,C00301,BR007,Auto,05-11-2023,389081.82,7.7,180,Approved,Active,449389.5
L000400,C00832,BR001,Education,23-07-2023,231513.84,8.63,240,Approved,Active,399592.89
L000401,C02628,BR015,Personal,31-01-2025,482058.51,9.4,60,Approved,Active,226567.5
L000402,C00731,BR007,Education,31-12-2025,410113.91,10.74,84,Approved,Active,308323.64
L000403,C00079,BR009,Home,08-11-2025,1854678.24,13.97,24,Approved,Closed,518197.1
L000404,C02653,BR007,Home,26-05-2025,1976332.13,13.16,48,Approved,Closed,1040341.23
L000405,C01564,BR005,Auto,21-06-2023,698230.53,8.94,120,Approved,Defaulted,624218.09
L000406,C00371,BR009,Auto,29-08-2023,105541,12.5,120,Approved,Active,131926.25
L000407,C00282,BR012,Personal,05-10-2023,277416.73,13.19,240,Rejected,Rejected,731825.33
L000408,C00252,BR009,Personal,20-02-2023,696390.15,8.4,84,Approved,Active,409477.41
L000409,C02551,BR012,Auto,03-01-2024,1136119.27,10,240,Approved,Closed,2272238.54
L000410,C00635,BR005,Business,10-06-2023,899320.09,10.82,180,Approved,Active,1459596.51
L000411,C00184,BR003,Home,18-05-2023,867564.1,8.07,36,Approved,Active,210037.27
L000412,C02691,BR004,Auto,23-10-2023,112943.52,9.92,12,Approved,Active,11204
L000413,C00104,BR005,Education,09-01-2025,79472.67,13.77,84,Rejected,Rejected,76603.71
L000414,C02663,BR010,Education,07-05-2025,560379.62,8.01,120,Approved,Active,448864.08
L000415,C01588,BR005,Personal,24-12-2024,679031.7,11.95,60,Approved,Active,405721.44
L000416,C02117,BR012,Home,17-11-2023,1328912.49,11.92,60,Approved,Active,792031.84
L000417,C02894,BR005,Auto,18-09-2024,1142461.08,8.38,120,Approved,Active,957382.39
L000418,C02343,BR009,Business,28-07-2023,465650.55,10.94,24,Approved,Active,101884.34
L000419,C02420,BR001,Auto,26-08-2025,620210.91,10.06,48,Pending,Under Review,249572.87
L000420,C02307,BR007,Auto,01-10-2025,843862.41,7.9,24,Approved,Active,133330.26
L000421,C02462,BR011,Home,28-01-2024,804012.73,12.99,36,Approved,Active,313323.76
L000422,C01228,BR001,Home,24-02-2025,860466.71,7.73,60,Pending,Under Review,332570.38
L000423,C00661,BR006,Business,22-04-2025,982069.76,9.48,48,Approved,Closed,372400.85
L000424,C01276,BR010,Education,25-12-2023,444136.87,9.8,120,Approved,Active,435254.13
L000425,C01212,BR001,Home,15-12-2025,2217049.82,12.2,36,Rejected,Rejected,811440.23
L000426,C01548,BR006,Business,26-12-2023,629518.77,13.68,240,Rejected,Rejected,1722363.35
L000427,C00797,BR005,Business,13-03-2023,1948378.63,11.96,24,Approved,Defaulted,466052.17
L000428,C00766,BR011,Home,20-09-2023,2281377.77,8.69,60,Approved,Active,991258.64
L000429,C01859,BR008,Auto,26-05-2024,576970.61,11.67,120,Approved,Active,673324.7
L000430,C00437,BR008,Home,03-07-2023,1271035.76,11.96,180,Approved,Closed,2280238.15
L000431,C00221,BR007,Auto,24-04-2025,292314.45,8,180,Approved,Closed,350777.34
L000432,C02599,BR015,Home,20-06-2024,1896153.73,14.53,36,Approved,Closed,826533.41
L000433,C01386,BR012,Education,08-09-2023,605272.52,12.04,84,Approved,Closed,510123.68
L000434,C02636,BR001,Education,26-11-2023,317389.12,11.53,24,Approved,Closed,73189.93
L000435,C02748,BR004,Home,02-07-2023,796429.29,7.79,12,Approved,Active,62041.84
L000436,C00808,BR008,Personal,21-10-2023,231181.81,10.72,120,Approved,Closed,247826.9
L000437,C00760,BR006,Home,31-05-2023,1854391.5,7.57,240,Approved,Active,2807548.73
L000438,C01169,BR006,Auto,27-06-2024,697344.54,8.84,120,Approved,Active,616452.57
L000439,C00185,BR009,Home,05-11-2023,1324273.15,14.25,180,Approved,Active,2830633.86
L000440,C02092,BR001,Home,28-02-2025,800727.66,12.66,48,Approved,Active,405488.49
L000441,C02975,BR001,Education,27-01-2025,74895.11,10.73,48,Approved,Active,32144.98
L000442,C00072,BR005,Home,25-02-2024,541864.38,13.78,12,Approved,Active,74668.91
L000443,C02807,BR010,Auto,19-02-2024,736415.03,8.19,60,Approved,Closed,301561.95
L000444,C00632,BR012,Home,17-09-2024,711376.57,8.7,12,Approved,Closed,61889.76
L000445,C02873,BR004,Personal,02-03-2023,449562.31,7.73,180,Approved,Active,521267.5
L000446,C00586,BR010,Education,28-12-2023,660804.27,9.88,48,Approved,Closed,261149.85
L000447,C01196,BR009,Auto,30-12-2024,753627.96,9.51,180,Approved,Active,1075050.28
L000448,C00972,BR014,Business,19-11-2025,2016614.11,10.71,12,Approved,Active,215979.37
L000449,C01987,BR009,Personal,20-11-2023,548370.28,8.39,60,Approved,Active,230041.33
L000450,C00626,BR009,Auto,31-08-2023,221254.74,9.97,48,Approved,Active,88236.39
L000451,C01233,BR012,Personal,03-03-2025,306969.59,13.2,48,Approved,Active,162079.94
L000452,C02671,BR015,Auto,07-05-2024,275826.42,8.94,24,Approved,Closed,49317.76
L000453,C00191,BR011,Business,12-03-2025,2112554.47,10.67,120,Rejected,Rejected,2254095.62
L000454,C00998,BR013,Auto,09-09-2024,809492.08,9.92,120,Rejected,Rejected,803016.14
L000455,C02474,BR008,Personal,19-09-2023,739137.86,14.39,60,Approved,Active,531809.69
L000456,C00019,BR012,Education,27-08-2023,690831.52,14.31,36,Approved,Defaulted,296573.97
L000457,C01063,BR010,Business,18-01-2025,2049280.76,8.66,240,Approved,Closed,3549354.28
L000458,C02055,BR004,Personal,02-05-2024,442426.63,8.72,240,Approved,Closed,771592.04
L000459,C00748,BR005,Home,08-03-2024,2697337.97,13.17,48,Approved,Active,1420957.64
L000460,C01041,BR008,Personal,15-12-2025,794579.99,7.75,48,Approved,Closed,246319.8
L000461,C00502,BR003,Personal,12-11-2023,210308.18,12.97,120,Approved,Active,272769.71
L000462,C02654,BR007,Home,20-09-2024,1410739.89,8.61,120,Approved,Active,1214647.05
L000463,C00187,BR007,Auto,10-10-2025,1045483.11,10.95,48,Rejected,Rejected,457921.6
L000464,C01831,BR010,Home,16-12-2024,1118102.38,12.26,12,Approved,Active,137079.35
L000465,C02620,BR008,Home,03-03-2024,1883483.66,12.1,240,Pending,Under Review,4558030.46
L000466,C00574,BR009,Business,14-02-2025,375526.69,12.38,48,Approved,Active,185960.82
L000467,C00470,BR009,Personal,24-05-2024,118423.46,11.92,48,Approved,Active,56464.31
L000468,C00758,BR005,Personal,09-02-2025,254832.01,12.36,60,Approved,Active,157486.18
L000469,C01099,BR004,Business,09-03-2024,345919.87,9.39,240,Pending,Under Review,649637.52
L000470,C00659,BR002,Auto,17-11-2025,979015.44,8.62,12,Pending,Under Review,84391.13
L000471,C02294,BR001,Personal,11-07-2025,190952.35,13.86,12,Rejected,Rejected,26466
L000472,C02748,BR004,Personal,26-06-2023,866256.99,9.91,240,Approved,Closed,1716921.35
L000473,C00196,BR014,Education,09-07-2025,531600.54,7.43,84,Approved,Active,276485.44
L000474,C00371,BR009,Home,01-12-2024,2513501.9,12.67,12,Approved,Active,318460.69
L000475,C00700,BR001,Personal,25-06-2023,87464.99,11.54,120,Approved,Active,100934.6
L000476,C02454,BR002,Business,14-11-2023,1543643.32,12.95,120,Rejected,Rejected,1999018.1
L000477,C00167,BR005,Home,27-11-2023,548438.71,8.81,12,Approved,Active,48317.45
L000478,C00564,BR004,Home,12-01-2025,730068.62,14.41,48,Approved,Active,420811.55
L000479,C02941,BR008,Education,23-11-2023,248952.33,7.73,12,Approved,Defaulted,19244.02
L000480,C00876,BR001,Personal,22-09-2024,169468.83,9.62,48,Approved,Active,65211.61
L000481,C00789,BR001,Home,23-06-2025,2992317.17,14.53,60,Approved,Active,2173918.42
L000482,C01158,BR010,Home,25-05-2024,578826.58,7.31,24,Approved,Active,84624.45
L000483,C00106,BR003,Personal,16-11-2024,88633.32,12.17,240,Approved,Active,215733.5
L000484,C00689,BR009,Auto,03-12-2024,1065813.81,7.38,120,Approved,Active,786570.59
L000485,C02028,BR015,Personal,03-04-2024,613579.08,8.01,120,Approved,Active,491476.84
L000486,C01673,BR007,Personal,23-05-2024,541080.76,14.11,48,Approved,Active,305385.98
L000487,C01182,BR002,Education,15-12-2024,475631.1,8.67,84,Approved,Active,288660.51
L000488,C00555,BR008,Auto,17-01-2025,313122.1,7.75,240,Rejected,Rejected,485339.25
L000489,C02347,BR007,Home,24-06-2025,2656301.91,13.05,24,Approved,Active,693294.8
L000490,C00356,BR006,Education,23-09-2023,341057.16,7.29,24,Rejected,Rejected,49726.13
L000491,C00597,BR001,Business,22-11-2024,638667.25,10.09,84,Approved,Active,451090.68
L000492,C02175,BR007,Personal,11-03-2023,740669.75,12.88,240,Approved,Closed,1907965.28
L000493,C02806,BR011,Auto,02-04-2025,556684.35,9.08,84,Approved,Active,353828.57
L000494,C00733,BR005,Business,05-06-2023,1844571.44,7.34,180,Approved,Active,2030873.16
L000495,C01701,BR008,Personal,23-09-2024,529500.09,7.35,180,Approved,Active,583773.85
L000496,C00190,BR004,Home,09-06-2024,2478466.09,8.44,180,Approved,Active,3137738.07
L000497,C00413,BR001,Education,27-03-2025,290811.98,14.61,84,Approved,Active,297413.41
L000498,C01305,BR008,Personal,28-06-2023,362419.2,12.11,24,Rejected,Rejected,87777.93
L000499,C02100,BR005,Personal,31-12-2023,872767.26,11.61,24,Rejected,Rejected,202656.56
L000500,C01113,BR005,Personal,24-11-2023,490881.53,7.65,12,Approved,Active,37552.44
L000501,C00123,BR005,Auto,25-02-2024,1076143.38,14.43,60,Approved,Active,776437.45
L000502,C01282,BR012,Auto,14-08-2025,238014.49,11.41,12,Rejected,Rejected,27157.45
L000503,C01993,BR007,Home,25-12-2025,1203459.58,8.94,12,Approved,Closed,107589.29
L000504,C00861,BR006,Education,21-11-2025,580804.46,7.51,120,Approved,Closed,436184.15
L000505,C01889,BR001,Personal,02-10-2023,509677.72,11.92,120,Approved,Active,607535.84
L000506,C00635,BR005,Business,15-12-2025,965058.25,13.31,180,Rejected,Rejected,1926738.8
L000507,C01551,BR012,Personal,26-01-2024,98063.35,9.92,12,Approved,Active,9727.88
L000508,C01354,BR009,Home,27-12-2023,1830672.13,8.87,240,Approved,Active,3247612.36
L000509,C00397,BR013,Home,04-03-2023,1840080.55,8.8,12,Approved,Active,161927.09
L000510,C01143,BR012,Auto,07-08-2023,1084465.16,14.19,24,Pending,Under Review,307771.21
L000511,C00124,BR005,Personal,04-11-2023,567215.61,11.38,36,Approved,Defaulted,193647.41
L000512,C00127,BR001,Home,19-11-2025,1426256.22,10.41,84,Approved,Active,1039312.91
L000513,C00496,BR001,Home,09-01-2023,2955804.73,11.39,12,Approved,Active,336666.16
L000514,C02091,BR008,Education,24-05-2025,586274.34,10.16,48,Approved,Closed,238261.89
L000515,C00365,BR015,Home,12-10-2025,974852.84,9.34,180,Approved,Closed,1365768.83
L000516,C01843,BR012,Education,29-10-2023,378584.05,7.42,48,Approved,Active,112363.75
L000517,C01983,BR013,Home,15-03-2025,2464263.01,14.64,180,Approved,Active,5411521.57
L000518,C01410,BR001,Personal,04-08-2024,59376.53,12.33,60,Approved,Active,36605.63
L000519,C01889,BR001,Education,13-04-2025,473011.88,8.95,24,Approved,Active,84669.13
L000520,C02054,BR015,Home,08-05-2023,2118110.94,7.72,60,Approved,Active,817590.82
L000521,C00733,BR005,Personal,28-01-2025,433035.17,10.02,180,Approved,Defaulted,650851.86
L000522,C00125,BR007,Personal,01-07-2025,671549.34,12.45,84,Approved,Active,585255.25
L000523,C00826,BR004,Home,26-07-2024,2721530.5,10.35,60,Approved,Active,1408392.03
L000524,C01171,BR015,Auto,20-07-2025,277157.15,10.84,84,Approved,Active,210306.85
L000525,C00360,BR011,Personal,16-12-2025,505349.63,8.28,84,Approved,Active,292900.65
L000526,C00210,BR015,Auto,21-05-2024,241772.93,13.9,120,Pending,Under Review,336064.37
L000527,C02246,BR010,Auto,30-03-2024,105952.63,13.04,36,Pending,Under Review,41448.67
L000528,C02277,BR010,Personal,23-05-2025,116339.2,12.76,24,Approved,Active,29689.76
L000529,C00429,BR013,Business,16-05-2024,1353975.15,12.25,120,Approved,Closed,1658619.56
L000530,C01154,BR006,Personal,02-10-2023,345889.62,13.33,120,Pending,Under Review,461070.86
L000531,C02349,BR005,Personal,25-07-2023,156038.18,14.31,120,Rejected,Rejected,223290.64
L000532,C00040,BR008,Personal,22-09-2025,702143.67,9.45,24,Rejected,Rejected,132705.15
L000533,C01360,BR007,Business,08-07-2023,416498.21,8.25,240,Pending,Under Review,687222.05
L000534,C01421,BR003,Auto,23-04-2023,592695.02,10.82,240,Approved,Active,1282592.02
L000535,C00035,BR008,Personal,29-07-2025,209177.5,8.67,24,Approved,Active,36271.38
L000536,C02310,BR012,Auto,26-05-2025,1124615.96,8.61,60,Approved,Active,484147.17
L000537,C02698,BR007,Home,24-06-2024,1705196.43,11.47,180,Approved,Active,2933790.46
L000538,C00100,BR001,Education,16-01-2023,265497.51,10.39,180,Approved,Active,413777.87
L000539,C00725,BR006,Personal,03-04-2024,646184.68,11.06,60,Approved,Active,357340.13
L000540,C01048,BR012,Education,04-07-2023,620369.16,13.06,48,Approved,Active,324080.85
L000541,C01613,BR006,Personal,21-08-2025,413344.1,12.58,36,Rejected,Rejected,155996.06
L000542,C00001,BR013,Home,31-08-2023,2328636.93,11.17,60,Approved,Active,1300543.73
L000543,C00090,BR005,Personal,05-10-2023,658156.14,12.26,84,Approved,Active,564829.6
L000544,C01901,BR005,Business,29-01-2025,849907.76,8.45,24,Approved,Active,143634.41
L000545,C02407,BR010,Home,16-06-2025,2037977.88,12.35,180,Approved,Closed,3775354.02
L000546,C01501,BR010,Personal,09-01-2023,424158.17,7.95,84,Approved,Defaulted,236044.02
L000547,C01964,BR005,Auto,23-02-2025,954450.4,7.3,120,Approved,Closed,696748.79
L000548,C00252,BR009,Business,28-11-2025,2109167.74,10.6,48,Approved,Active,894287.12
L000549,C00795,BR007,Home,14-09-2024,2081838.76,13.85,84,Approved,Active,2018342.68
L000550,C00565,BR005,Business,25-04-2024,927230.82,12.18,84,Approved,Active,790557
L000551,C00970,BR011,Personal,07-01-2025,693960.21,14.67,60,Approved,Active,509019.81
L000552,C01812,BR003,Personal,03-05-2025,417129.01,7.38,240,Approved,Active,615682.42
L000553,C01557,BR012,Home,03-07-2024,803441.46,11.25,24,Approved,Active,180774.33
L000554,C00467,BR008,Business,15-04-2025,1191516.63,8.91,24,Approved,Active,212328.26
L000555,C02153,BR008,Education,24-03-2025,310839.6,12.12,240,Approved,Active,753475.19
L000556,C01574,BR002,Auto,30-09-2025,225860.54,9.98,36,Approved,Active,67622.65
L000557,C02251,BR012,Home,12-09-2024,1962919.23,13.65,36,Approved,Active,803815.42
L000558,C01314,BR004,Home,22-12-2025,1217036.25,14.7,240,Approved,Defaulted,3578086.58
L000559,C02613,BR006,Home,27-07-2025,2895646.56,8.97,240,Approved,Active,5194789.93
L000560,C00663,BR005,Home,29-01-2025,1111300.45,10.9,36,Approved,Active,363395.25
L000561,C02658,BR011,Home,25-06-2024,1559546.86,11.18,48,Approved,Defaulted,697429.36
L000562,C02673,BR004,Auto,02-11-2025,703732.01,11.64,48,Pending,Under Review,327657.62
L000563,C02490,BR001,Business,02-03-2023,1828164.75,7.43,12,Approved,Active,135832.64
L000564,C01680,BR005,Auto,01-09-2024,1124334.57,14.73,12,Approved,Active,165614.48
L000565,C01549,BR008,Education,27-10-2024,664109.81,9.53,120,Approved,Closed,632896.65
L000566,C02734,BR012,Personal,19-10-2023,351493.6,10.28,12,Approved,Active,36133.54
L000567,C00809,BR008,Auto,26-11-2025,646505.53,13.84,180,Approved,Closed,1342145.48
L000568,C00361,BR007,Auto,22-12-2023,581625.28,10.53,48,Approved,Active,244980.57
L000569,C00880,BR002,Home,02-05-2024,1232810.89,11.27,24,Pending,Under Review,277875.57
L000570,C00012,BR006,Business,18-07-2024,1904044.18,11.34,24,Approved,Active,431837.22
L000571,C01948,BR005,Personal,05-02-2025,540592.79,11.89,36,Approved,Closed,192829.45
L000572,C02605,BR005,Personal,31-05-2025,423861.07,11.88,12,Approved,Active,50354.7
L000573,C01352,BR015,Education,15-07-2025,332305.24,9.8,60,Approved,Active,162829.57
L000574,C01515,BR010,Business,07-04-2024,898939.56,7.59,36,Rejected,Rejected,204688.54
L000575,C00512,BR002,Personal,11-02-2024,149467.38,9.34,120,Rejected,Rejected,139602.53
L000576,C01820,BR002,Personal,02-11-2025,530749.22,9.35,24,Approved,Active,99250.1
L000577,C02027,BR005,Personal,10-08-2024,508117.54,12.47,180,Pending,Under Review,950433.86
L000578,C00457,BR006,Business,18-11-2024,1555394.13,14.19,180,Approved,Active,3310656.41
L000579,C01439,BR008,Personal,05-04-2024,86955.34,7.32,84,Approved,Active,44555.92
L000580,C01599,BR007,Auto,21-03-2025,586861.86,9.75,120,Approved,Active,572190.31
L000581,C00646,BR005,Personal,28-01-2024,699100.15,7.64,240,Approved,Active,1068225.03
L000582,C01717,BR011,Business,05-08-2023,2073693.42,10.41,48,Approved,Active,863485.94
L000583,C00718,BR001,Home,08-12-2023,2638011.47,11.2,12,Rejected,Rejected,295457.28
L000584,C02579,BR009,Business,14-09-2023,2211740.85,11.95,60,Pending,Under Review,1321515.16
L000585,C02526,BR005,Business,02-09-2024,2348627.85,14.46,48,Approved,Active,1358446.35
L000586,C02149,BR005,Personal,28-01-2025,387522.42,13.71,48,Approved,Active,212517.3
L000587,C00901,BR008,Auto,05-04-2023,1169104.06,13.81,240,Approved,Active,3229065.41
L000588,C00533,BR005,Personal,09-08-2023,377001.24,12.1,24,Approved,Active,91234.3
L000589,C01132,BR007,Home,16-06-2023,845128.41,14.1,120,Approved,Active,1191631.06
L000590,C01102,BR006,Education,19-08-2024,490616.47,7.62,12,Rejected,Rejected,37384.98
L000591,C00758,BR005,Home,08-03-2024,1099284.88,9.92,240,Approved,Active,2180981.2
L000592,C02351,BR005,Home,16-08-2025,1323173.74,14.55,36,Approved,Active,577565.34
L000593,C01667,BR006,Auto,23-09-2023,182624.89,9.11,12,Approved,Active,16637.13
L000594,C02228,BR007,Personal,19-09-2023,356084.95,12.1,12,Approved,Active,43086.28
L000595,C01969,BR009,Home,08-12-2024,655989.91,12.78,48,Pending,Under Review,335342.04
L000596,C02231,BR008,Personal,08-01-2025,541506.34,12.43,24,Approved,Active,134618.48
L000597,C02853,BR001,Business,16-03-2025,696299.52,7.73,120,Approved,Active,538239.53
L000598,C02260,BR005,Business,12-10-2025,1831840.71,7.68,180,Approved,Closed,2110280.5
L000599,C00229,BR012,Personal,06-12-2023,357864.76,9.99,36,Approved,Active,107252.07
L000600,C00231,BR005,Home,07-05-2025,2784968.09,8.46,240,Approved,Closed,4712166.01
L000601,C02561,BR002,Education,07-10-2023,93636.61,10.45,24,Approved,Active,19570.05
L000602,C00393,BR005,Business,26-11-2025,1243832.35,9.42,24,Approved,Active,234338.01
L000603,C02421,BR007,Personal,13-02-2024,868033.44,14.28,180,Approved,Closed,1859327.63
L000604,C02731,BR003,Auto,22-12-2025,1192012.81,13.8,84,Approved,Active,1151484.37
L000605,C01779,BR008,Personal,14-05-2024,796451.5,14.46,48,Rejected,Rejected,460667.55
L000606,C01808,BR006,Business,05-02-2024,1492522.13,10.32,84,Approved,Active,1078197.99
L000607,C00033,BR011,Auto,02-04-2025,1115317.85,11.68,240,Rejected,Rejected,2605382.5
L000608,C01419,BR002,Education,09-06-2024,337646.77,10.56,24,Approved,Active,71311
L000609,C01443,BR009,Education,21-05-2024,349426.52,10.28,180,Approved,Active,538815.69
L000610,C01274,BR001,Business,11-06-2024,464897.21,9.09,48,Approved,Defaulted,169036.63
L000611,C02382,BR011,Business,19-02-2025,1945788.49,13.52,12,Approved,Active,263070.6
L000612,C00271,BR001,Home,23-05-2025,1711294.15,13.26,120,Approved,Closed,2269176.04
L000613,C00681,BR012,Business,17-01-2025,882476.42,14.23,12,Approved,Active,125576.39
L000614,C02787,BR002,Personal,16-04-2023,855990.93,7.63,12,Approved,Active,65312.11
L000615,C02288,BR015,Auto,24-08-2024,889932.57,8.61,24,Approved,Active,153246.39
L000616,C01577,BR005,Business,27-12-2024,723188.06,13.75,60,Approved,Active,497191.79
L000617,C00123,BR005,Auto,15-03-2023,533894.81,14.15,48,Approved,Active,302184.46
L000618,C00868,BR005,Home,28-11-2023,2759159.55,13.84,240,Rejected,Rejected,7637353.63
L000619,C00206,BR008,Home,21-05-2024,2208145.26,9.71,84,Approved,Active,1500876.33
L000620,C00850,BR015,Business,10-02-2025,999266.93,12.57,24,Approved,Active,251215.71
L000621,C00957,BR003,Auto,01-11-2025,999195.8,13.46,36,Approved,Active,403475.26
L000622,C02858,BR001,Home,26-11-2025,948653.86,9.83,240,Rejected,Rejected,1865053.49
L000623,C00209,BR006,Personal,16-09-2024,519827.59,13.05,36,Approved,Active,203512.5
L000624,C02282,BR006,Personal,23-04-2023,208345.46,12.54,84,Approved,Active,182885.64
L000625,C02793,BR008,Home,12-01-2025,1034868.69,8.83,240,Rejected,Rejected,1827578.11
L000626,C02640,BR006,Auto,16-10-2023,684065.99,12.75,60,Approved,Active,436092.07
L000627,C00780,BR013,Personal,08-11-2023,348791.22,9.75,12,Approved,Closed,34007.14
L000628,C00682,BR005,Business,19-04-2023,1490961.18,13.97,12,Approved,Closed,208287.28
L000629,C00448,BR006,Personal,06-07-2024,673537.73,9.52,48,Approved,Closed,256483.17
L000630,C02541,BR007,Home,08-06-2024,1216219.01,11.14,180,Approved,Active,2032301.97
L000631,C02914,BR005,Personal,06-10-2025,255003.53,14.6,12,Approved,Active,37230.52
L000632,C02248,BR008,Auto,29-05-2024,958556.25,14.73,24,Approved,Active,282390.67
L000633,C02359,BR005,Home,13-05-2023,2349886.28,13.85,24,Approved,Closed,650918.5
L000634,C01569,BR004,Home,01-05-2023,1292217.91,10.32,240,Approved,Active,2667137.77
L000635,C02400,BR010,Auto,27-08-2024,789460.49,12.46,12,Approved,Active,98366.78
L000636,C02946,BR008,Business,19-11-2024,2041498.24,11.67,240,Pending,Under Review,4764856.89
L000637,C00884,BR007,Business,23-01-2023,1617800.94,9.08,84,Approved,Active,1028274.28
L000638,C02078,BR010,Auto,05-05-2025,660978.8,8.31,120,Rejected,Rejected,549273.38
L000639,C01392,BR003,Personal,28-12-2023,235828.84,9.23,12,Rejected,Rejected,21767
L000640,C01320,BR007,Auto,28-05-2025,726605.13,9.8,60,Rejected,Rejected,356036.51
L000641,C01323,BR008,Personal,13-12-2024,897635.51,11.51,36,Approved,Active,309953.54
L000642,C01535,BR007,Home,27-03-2023,775474,8.29,120,Approved,Active,642867.95
L000643,C01817,BR010,Auto,27-10-2024,304895.23,14.18,240,Approved,Active,864682.87
L000644,C00811,BR009,Education,02-04-2025,105933,14.15,84,Approved,Defaulted,104926.64
L000645,C00261,BR005,Personal,15-06-2025,263636.62,7.57,36,Rejected,Rejected,59871.88
L000646,C02780,BR002,Auto,29-01-2025,101145.79,8.75,36,Rejected,Rejected,26550.77
L000647,C02227,BR005,Personal,18-09-2025,285761.88,10.72,12,Approved,Active,30633.67
L000648,C00131,BR008,Business,02-06-2024,585996.2,13.61,60,Approved,Active,398770.41
L000649,C01464,BR015,Auto,04-08-2024,190050.51,11.52,12,Approved,Closed,21893.82
L000650,C02458,BR007,Education,26-01-2024,114709.66,13,24,Approved,Active,29824.51
L000651,C02022,BR015,Auto,14-12-2025,639138.06,14.17,240,Approved,Closed,1811317.26
L000652,C02889,BR004,Personal,24-09-2024,77640.53,10.05,180,Approved,Closed,117043.1
L000653,C01888,BR004,Personal,04-12-2025,629938.35,13.02,240,Approved,Active,1640359.46
L000654,C01476,BR005,Business,23-02-2023,736723.78,12.28,240,Rejected,Rejected,1809393.6
L000655,C02891,BR009,Personal,14-08-2024,156463.32,13.37,48,Pending,Under Review,83676.58
L000656,C00926,BR012,Auto,10-12-2025,971194.22,13.9,36,Approved,Active,404987.99
L000657,C02556,BR003,Personal,17-11-2023,580009.03,7.97,12,Approved,Active,46226.72
L000658,C01867,BR006,Personal,05-10-2024,177389.94,14.19,180,Pending,Under Review,377574.49
L000659,C01796,BR007,Personal,12-06-2024,336834.44,11.86,48,Approved,Closed,159794.26
L000660,C02578,BR006,Home,15-12-2024,1858968.91,9.32,48,Rejected,Rejected,693023.61
L000661,C02509,BR008,Personal,27-07-2024,351598.7,12.51,120,Approved,Closed,439849.97
L000662,C01800,BR007,Auto,14-01-2023,1050580.64,13.31,24,Approved,Active,279664.57
L000663,C01370,BR001,Business,11-04-2025,415686.7,10.92,240,Pending,Under Review,907859.75
L000664,C02124,BR002,Business,24-02-2025,1028880.58,12.78,60,Rejected,Rejected,657454.69
L000665,C00271,BR001,Business,14-10-2024,326532.43,13.62,240,Approved,Active,889474.34
L000666,C01110,BR001,Auto,16-06-2023,823062.93,10.26,60,Approved,Active,422231.28
L000667,C02372,BR008,Business,07-11-2024,2306895.35,12.08,36,Rejected,Rejected,836018.87
L000668,C00590,BR015,Auto,15-09-2025,499220.76,11.12,24,Approved,Active,111026.7
L000669,C00969,BR010,Personal,11-05-2023,426134.44,14.28,48,Approved,Active,243407.99
L000670,C01810,BR006,Auto,22-07-2023,574284.52,8.73,84,Approved,Active,350945.27
L000671,C00761,BR008,Auto,26-07-2025,312819.56,12.41,24,Approved,Closed,77641.81
L000672,C02177,BR009,Auto,14-12-2025,290320.77,9.65,12,Approved,Active,28015.95
L000673,C02236,BR002,Home,21-02-2025,2222217.86,10.72,24,Approved,Closed,476443.51
L000674,C02809,BR006,Auto,13-06-2025,1139500.84,10.54,60,Rejected,Rejected,600516.94
L000675,C00417,BR008,Education,18-07-2023,387739.3,9.4,60,Approved,Active,182237.47
L000676,C02411,BR005,Education,16-06-2023,680025.33,9,36,Approved,Active,183606.84
L000677,C01690,BR015,Education,12-08-2024,205196.79,8.18,12,Approved,Closed,16785.1
L000678,C00655,BR007,Home,17-12-2024,2999318.01,7.69,240,Rejected,Rejected,4612951.1
L000679,C02954,BR009,Personal,12-06-2024,753176.89,14,48,Approved,Active,421779.06
L000680,C01220,BR005,Home,28-10-2025,2683561.9,7.75,84,Approved,Active,1455832.33
L000681,C02710,BR008,Education,06-10-2023,287394.05,12.72,36,Approved,Closed,109669.57
L000682,C01527,BR005,Education,14-10-2025,366853.75,14.54,120,Approved,Closed,533405.35
L000683,C00113,BR003,Personal,13-07-2023,717306.29,13.19,84,Approved,Active,662288.9
L000684,C02534,BR004,Business,06-07-2023,528953.57,9.69,60,Approved,Active,256278
L000685,C02555,BR012,Business,13-05-2025,1416347.5,10.11,36,Rejected,Rejected,429578.2
L000686,C00909,BR006,Education,11-10-2025,469472.08,13.35,84,Approved,Defaulted,438721.66
L000687,C02094,BR005,Personal,04-03-2024,820665.59,7.25,84,Approved,Active,416487.79
L000688,C00463,BR006,Personal,24-10-2023,101951.68,11.97,84,Rejected,Rejected,85425.31
L000689,C00554,BR013,Home,03-09-2024,2287601.72,10.62,48,Approved,Active,971773.21
L000690,C02930,BR001,Home,22-09-2025,2432992.22,12.21,60,Approved,Defaulted,1485341.75
L000691,C02332,BR006,Auto,19-01-2025,655912.68,7.3,120,Approved,Active,478816.26
L000692,C01171,BR015,Education,15-03-2024,280888.59,7.55,36,Approved,Closed,63621.27
L000693,C00271,BR001,Business,27-02-2023,2014056.57,13.79,60,Approved,Closed,1388692.01
L000694,C00493,BR001,Auto,11-10-2024,458744.54,14.28,12,Approved,Defaulted,65508.72
L000695,C02021,BR014,Home,16-06-2024,1170396,9.2,48,Approved,Closed,430705.73
L000696,C02887,BR008,Personal,18-06-2023,326626.64,11.72,36,Approved,Active,114841.93
L000697,C01979,BR006,Personal,21-03-2023,299980.36,14.39,24,Approved,Active,86334.35
L000698,C00738,BR010,Personal,19-11-2024,196630.37,9.29,24,Approved,Active,36533.92
L000699,C01137,BR011,Personal,08-07-2024,241749.87,9.61,60,Approved,Active,116160.81
L000700,C01026,BR012,Personal,09-05-2024,600051.64,14.33,120,Approved,Active,859874
L000701,C02673,BR004,Personal,12-12-2024,227867.12,11.14,120,Approved,Active,253843.97
L000702,C00836,BR006,Home,02-03-2023,546940.95,11.13,240,Approved,Active,1217490.55
L000703,C02052,BR006,Business,26-12-2023,2235271.05,12.04,48,Approved,Closed,1076506.54
L000704,C02099,BR002,Home,05-03-2024,2097006.68,8.86,120,Approved,Active,1857947.92
L000705,C00181,BR002,Education,20-11-2024,311554.81,7.82,24,Rejected,Rejected,48727.17
L000706,C00893,BR015,Business,16-12-2023,350609.75,12.41,12,Approved,Active,43510.67
L000707,C02855,BR006,Personal,26-03-2023,661534.25,10.72,84,Pending,Under Review,496415.3
L000708,C00801,BR009,Personal,03-11-2023,867737.23,12.24,240,Approved,Active,2124220.74
L000709,C02447,BR005,Education,21-10-2025,88119.17,14.28,12,Approved,Active,12583.42
L000710,C00772,BR003,Personal,02-12-2023,472974.24,8.04,60,Approved,Active,190135.64
L000711,C02088,BR007,Home,12-11-2025,2040598.59,13.56,180,Approved,Active,4150577.53
L000712,C02457,BR014,Personal,12-01-2023,533705.58,7.45,60,Approved,Active,198805.33
L000713,C01183,BR004,Auto,24-07-2024,1159460.42,8.64,180,Approved,Active,1502660.7
L000714,C01876,BR003,Personal,03-12-2024,516696.25,7.64,48,Approved,Active,157902.37
L000715,C00364,BR010,Auto,03-03-2025,863767.01,8.06,84,Approved,Active,487337.35
L000716,C02335,BR007,Personal,18-11-2023,433912.85,11.39,12,Pending,Under Review,49422.67
L000717,C02028,BR015,Personal,02-07-2024,430788.78,8.22,240,Approved,Active,708216.75
L000718,C01076,BR012,Business,30-08-2024,1298910.48,13.03,120,Rejected,Rejected,1692480.36
L000719,C01409,BR008,Auto,29-08-2024,1175611.84,14.09,24,Approved,Active,331287.42
L000720,C00202,BR005,Business,29-12-2023,1966698.98,7.35,36,Approved,Active,433657.13
L000721,C02455,BR004,Home,18-09-2024,795993.02,11.67,60,Approved,Closed,464461.93
L000722,C01429,BR008,Auto,16-07-2025,356007.24,13.09,120,Rejected,Rejected,466013.48
L000723,C00354,BR014,Personal,02-01-2025,543282.55,7.75,60,Approved,Closed,210521.99
L000724,C02690,BR005,Education,21-12-2023,178044.54,11.19,36,Approved,Active,59769.55
L000725,C02018,BR005,Personal,20-06-2023,676951.75,14.3,84,Approved,Active,677628.7
L000726,C01618,BR010,Personal,01-08-2023,855724.97,8.34,24,Pending,Under Review,142734.92
L000727,C00060,BR011,Home,01-04-2024,1824783.38,13.97,240,Approved,Active,5098444.76
L000728,C01143,BR012,Personal,01-12-2023,215828.57,12.35,48,Approved,Active,106619.31
L000729,C01228,BR001,Home,21-11-2023,2763964.74,13.35,84,Rejected,Rejected,2582925.05
L000730,C01609,BR012,Home,19-12-2025,1602651.4,7.59,240,Approved,Active,2432824.83
L000731,C01462,BR008,Business,29-08-2023,1029709.97,11.16,84,Pending,Under Review,804409.43
L000732,C01267,BR008,Personal,18-12-2023,117038.83,7.39,60,Approved,Active,43245.85
L000733,C01008,BR008,Auto,08-08-2024,452818.76,12.31,240,Approved,Defaulted,1114839.79
L000734,C02795,BR008,Auto,28-05-2024,356847.97,10.86,12,Approved,Active,38753.69
L000735,C01777,BR008,Auto,05-11-2025,384360.98,9.03,48,Approved,Closed,138831.19
L000736,C02847,BR003,Personal,20-12-2025,400848.55,11.02,120,Approved,Active,441735.1
L000737,C02074,BR002,Business,25-12-2025,434780.8,9.82,60,Rejected,Rejected,213477.37
L000738,C00877,BR007,Business,19-12-2025,647241.36,12.48,12,Approved,Active,80775.72
L000739,C00538,BR002,Personal,07-11-2025,653475.46,8.83,84,Approved,Active,403913.18
L000740,C02203,BR005,Auto,19-06-2023,242451.84,10.11,60,Rejected,Rejected,122559.41
L000741,C01492,BR013,Education,26-10-2023,636258.64,14.18,24,Approved,Defaulted,180442.95
L000742,C00461,BR005,Education,22-08-2023,517603.2,7.83,84,Rejected,Rejected,283698.31
L000743,C02436,BR005,Auto,24-09-2025,460512.68,11.31,24,Approved,Closed,104167.97
L000744,C02234,BR013,Personal,26-05-2025,896925.43,13.47,120,Rejected,Rejected,1208158.55
L000745,C00850,BR015,Home,21-06-2024,2306501.38,11.87,180,Rejected,Rejected,4106725.71
L000746,C00049,BR006,Home,22-10-2025,2797596.67,11.32,36,Approved,Active,950063.83
L000747,C01584,BR015,Personal,29-11-2023,532336.78,12.06,12,Approved,Active,64199.82
L000748,C00636,BR008,Business,07-06-2025,2103534.06,10.05,120,Approved,Active,2114051.73
L000749,C02180,BR013,Home,19-08-2025,2790769.64,8.69,48,Approved,Active,970071.53
L000750,C01843,BR012,Education,06-02-2023,497527.6,8.38,36,Rejected,Rejected,125078.44
L000751,C02138,BR006,Business,13-06-2023,1283035.69,10.23,60,Approved,Active,656272.76
L000752,C01010,BR007,Personal,22-06-2023,181131.53,12.55,24,Approved,Active,45464.01
L000753,C01186,BR005,Education,16-07-2025,74308.94,12.79,24,Pending,Under Review,19008.23
L000754,C00467,BR008,Business,29-04-2025,1421611.29,8.19,180,Approved,Active,1746449.47
L000755,C01113,BR005,Auto,17-04-2025,261975.13,10.03,36,Approved,Active,78828.32
L000756,C00578,BR007,Home,28-09-2024,648356.69,8.3,180,Approved,Active,807204.08
L000757,C02261,BR009,Business,02-10-2024,2301663.61,13.12,180,Approved,Active,4529673.98
L000758,C02338,BR012,Personal,21-05-2023,121996.84,10.74,24,Approved,Active,26204.92
L000759,C01788,BR005,Personal,12-02-2023,444837.82,12.2,36,Approved,Active,162810.64
L000760,C02816,BR006,Business,24-05-2024,2367079.83,14.72,240,Approved,Active,6968683.02
L000761,C00306,BR008,Business,08-04-2024,1684743.86,10.16,120,Approved,Active,1711699.76
L000762,C02094,BR005,Personal,25-01-2025,537390.74,12.03,48,Rejected,Rejected,258592.42
L000763,C00839,BR010,Auto,30-04-2025,307799.41,11.57,12,Approved,Active,35612.39
L000764,C00455,BR008,Education,14-01-2025,115709.78,14.3,24,Approved,Active,33093
L000765,C01547,BR007,Business,10-07-2025,452056.06,13.61,24,Approved,Active,123049.66
L000766,C00651,BR009,Personal,04-07-2023,353243.43,9.52,24,Approved,Active,67257.55
L000767,C02253,BR001,Auto,17-10-2023,1032092.06,12.08,24,Approved,Active,249353.44
L000768,C01724,BR010,Auto,08-10-2023,410557.97,12.49,84,Approved,Active,358950.83
L000769,C02137,BR001,Business,16-06-2023,1538704.92,12.71,12,Rejected,Rejected,195569.4
L000770,C01439,BR008,Auto,23-09-2023,110099.35,13.32,24,Rejected,Rejected,29330.47
L000771,C02701,BR006,Business,25-04-2023,1078912.24,7.92,24,Approved,Active,170899.7
L000772,C01485,BR006,Home,14-01-2025,579450.86,12.14,240,Approved,Defaulted,1406906.69
L000773,C01438,BR011,Home,24-06-2024,1300585.32,7.49,60,Approved,Active,487069.2
L000774,C01429,BR008,Home,16-09-2024,535755.46,12.84,12,Approved,Active,68791
L000775,C01473,BR008,Home,26-09-2023,1897142.27,11.09,12,Approved,Active,171501.66
L000776,C01066,BR007,Personal,24-10-2023,90151.48,11.08,84,Approved,Active,69921.49
L000777,C00637,BR006,Personal,12-09-2024,230828.18,11.94,120,Approved,Active,275608.85
L000778,C00267,BR003,Education,13-08-2025,618745.95,10.55,24,Approved,Active,130555.4
L000779,C02398,BR002,Home,28-08-2025,2002461.54,7.92,36,Approved,Active,475784.86
L000780,C01502,BR009,Personal,10-04-2025,881956.54,10.01,36,Approved,Active,264851.55
L000781,C00490,BR001,Personal,28-12-2023,283895.32,12.92,120,Approved,Active,366792.75
L000782,C02782,BR002,Education,27-11-2024,418103.19,8.5,84,Approved,Defaulted,248771.4
L000783,C01629,BR005,Auto,18-12-2023,1149866.49,11.02,12,Approved,Active,126715.29
L000784,C01880,BR012,Personal,06-07-2024,887264.82,12.26,12,Approved,Active,108778.67
L000785,C00900,BR008,Personal,30-05-2025,199799.78,8.35,180,Pending,Under Review,250249.22
L000786,C01812,BR003,Education,06-08-2023,370445.44,13.86,240,Approved,Active,1026874.76
L000787,C00350,BR005,Personal,30-08-2025,780552.81,13.79,240,Approved,Active,2152764.65
L000788,C02421,BR007,Personal,01-01-2024,721991.11,14.63,60,Rejected,Rejected,528136.5
L000789,C02508,BR008,Home,19-05-2024,1542992.97,13.63,240,Rejected,Rejected,4206198.84
L000790,C02464,BR011,Education,02-10-2023,181506.5,8.97,240,Approved,Defaulted,325622.66
L000791,C01811,BR002,Auto,12-09-2023,1022612.81,12.41,24,Approved,Closed,253812.5
L000792,C00880,BR002,Business,14-08-2023,1581434.41,8.73,240,Pending,Under Review,2761184.48
L000793,C02689,BR005,Home,29-06-2023,2291992.79,12.63,240,Approved,Active,5789573.79
L000794,C02396,BR004,Personal,22-02-2023,309946.34,9.61,60,Approved,Active,148929.22
L000795,C01994,BR005,Education,07-07-2023,251064.6,10.99,180,Approved,Active,413879.99
L000796,C02518,BR007,Auto,06-09-2023,804711.78,11.89,48,Approved,Closed,382720.92
L000797,C02999,BR010,Home,26-09-2024,901769.6,10.11,48,Approved,Defaulted,364675.63
L000798,C01401,BR006,Home,19-12-2023,501473.15,11.54,12,Approved,Active,57870
L000799,C00378,BR005,Home,09-07-2023,545122.43,14.07,84,Approved,Active,536891.08
L000800,C01656,BR012,Education,03-04-2025,321346.87,9.52,48,Approved,Closed,122368.89
L000801,C01583,BR005,Auto,09-04-2024,819320.46,7.66,84,Approved,Active,439319.63
L000802,C02072,BR013,Personal,14-07-2025,646768.84,14.26,60,Rejected,Rejected,461146.18
L000803,C01169,BR006,Personal,07-05-2023,825902.03,7.59,240,Approved,Closed,1253719.28
L000804,C02312,BR006,Business,16-11-2024,1887306.23,7.42,120,Approved,Closed,1400381.22
L000805,C01819,BR008,Education,03-12-2024,100108.96,10.97,48,Approved,Closed,43927.81
L000806,C00517,BR012,Education,16-11-2023,287667.59,12.53,12,Approved,Defaulted,36044.75
L000807,C00699,BR006,Home,25-06-2023,2078008.31,11.44,180,Approved,Closed,3565862.26
L000808,C02313,BR009,Home,21-06-2025,2940165.7,9.18,84,Approved,Closed,1889350.48
L000809,C00162,BR011,Personal,09-10-2025,179835.64,8.42,24,Approved,Active,30284.32
L000810,C00184,BR003,Auto,25-07-2024,827299.25,14.27,48,Approved,Closed,472222.41
L000811,C02636,BR001,Education,21-12-2024,134813.52,9.83,12,Rejected,Rejected,13252.17
L000812,C02383,BR005,Business,02-07-2024,1417360.47,8.07,36,Pending,Under Review,343142.97
L000813,C00855,BR005,Home,10-09-2024,1413248.52,11.7,12,Approved,Active,165350.08
L000814,C00461,BR005,Business,06-09-2025,2100761.69,7.94,180,Approved,Defaulted,2502007.17
L000815,C02748,BR004,Auto,22-03-2025,440384.46,11.26,24,Approved,Active,99174.58
L000816,C01060,BR014,Personal,03-11-2024,775905.63,12.41,24,Pending,Under Review,192579.78
L000817,C00105,BR001,Business,02-08-2023,1284078.7,12.81,24,Approved,Active,328980.96
L000818,C02230,BR006,Personal,29-04-2024,157442.43,13.25,180,Pending,Under Review,312916.83
L000819,C02449,BR012,Personal,22-06-2025,341617.74,7.66,84,Approved,Active,183175.43
L000820,C01121,BR012,Business,11-06-2024,1254307.18,10.39,180,Rejected,Rejected,1954837.74
L000821,C00927,BR005,Education,18-12-2024,71879.46,12.51,120,Rejected,Rejected,89921.2
L000822,C00172,BR003,Personal,27-07-2023,156531.54,9.4,24,Approved,Active,29427.93
L000823,C02609,BR007,Business,16-01-2025,1459124.66,9.45,240,Approved,Active,2757745.61
L000824,C00249,BR003,Auto,03-03-2024,390356.94,8.37,48,Approved,Active,130691.5
L000825,C01439,BR008,Business,28-01-2025,1071960.09,7.27,240,Approved,Active,1558629.97
L000826,C01349,BR014,Education,04-07-2025,591097.71,12.79,84,Approved,Closed,529209.78
L000827,C00485,BR012,Business,02-11-2023,1434196.97,9.43,12,Approved,Active,135244.77
L000828,C01796,BR007,Personal,29-03-2023,802981.67,13.33,240,Approved,Closed,2140749.13
L000829,C00810,BR006,Personal,26-01-2023,845535.39,8.93,12,Approved,Active,75506.31
L000830,C01103,BR008,Business,29-04-2023,2320274.98,13.61,120,Approved,Active,3157894.25
L000831,C00815,BR015,Home,03-11-2025,2626063.62,13.9,24,Approved,Defaulted,730045.69
L000832,C02466,BR001,Home,15-07-2025,1887108.25,14.03,240,Approved,Active,5295225.75
L000833,C02743,BR014,Personal,25-03-2025,541600.57,13.11,12,Approved,Active,71003.83
L000834,C02326,BR001,Home,09-12-2023,557059.24,7.75,36,Pending,Under Review,129516.27
L000835,C01032,BR005,Auto,11-03-2024,952527.25,9.56,48,Rejected,Rejected,364246.42
L000836,C00998,BR013,Education,03-03-2024,107278.46,11.36,36,Rejected,Rejected,36560.5
L000837,C00802,BR012,Home,28-07-2025,2555355.94,11.88,84,Approved,Active,2125034
L000838,C01754,BR010,Personal,07-08-2025,474206.51,11.06,180,Approved,Active,786708.6
L000839,C00631,BR005,Auto,18-08-2023,1045051.92,11.24,48,Approved,Active,469855.34
L000840,C01872,BR005,Personal,10-12-2025,739026.47,7.74,120,Approved,Active,572006.49
L000841,C01504,BR005,Personal,21-07-2024,874227.37,11.03,24,Rejected,Rejected,192854.56
L000842,C01304,BR006,Personal,09-10-2024,220439.05,8.95,180,Approved,Active,295939.42
L000843,C01539,BR008,Personal,01-12-2024,875234.91,10.12,240,Approved,Closed,1771475.46
L000844,C00083,BR010,Auto,04-04-2025,521185.71,9.06,120,Rejected,Rejected,472194.25
L000845,C02588,BR013,Business,02-07-2025,1825451.94,10.55,120,Approved,Active,1925851.8
L000846,C02205,BR003,Auto,06-05-2025,972573.84,8.82,36,Approved,Active,257343.04
L000847,C01514,BR011,Business,17-01-2023,1415888.65,14.19,36,Approved,Active,602743.8
L000848,C01970,BR005,Business,07-07-2025,2108146.18,7.85,84,Rejected,Rejected,1158426.33
L000849,C00982,BR008,Personal,17-04-2023,581847.69,13.93,84,Rejected,Rejected,567359.68
L000850,C00722,BR007,Personal,15-07-2025,527174.04,13.16,240,Approved,Active,1387522.07
L000851,C02429,BR010,Home,31-05-2025,1377289.77,9.12,36,Approved,Active,376826.48
L000852,C01583,BR005,Auto,21-11-2023,483710.96,13.06,84,Approved,Active,442208.56
L000853,C02264,BR013,Education,13-09-2024,335857.41,11.78,180,Approved,Defaulted,593460.04
L000854,C02165,BR008,Personal,06-08-2025,194039.73,12.27,240,Approved,Defaulted,476173.5
L000855,C00566,BR004,Home,10-05-2024,2701911.29,9.84,12,Rejected,Rejected,265868.07
L000856,C02631,BR010,Business,07-11-2024,309610.11,7.51,48,Approved,Closed,93006.88
L000857,C02722,BR005,Business,15-09-2024,1123042.8,8.77,120,Approved,Closed,984908.54
L000858,C02470,BR003,Business,17-09-2023,951053.3,9.56,24,Approved,Active,181841.39
L000859,C01629,BR005,Education,24-02-2024,367207.72,10.03,60,Approved,Active,184154.67
L000860,C01926,BR003,Business,01-01-2023,1045836.85,13.03,60,Pending,Under Review,681362.71
L000861,C02287,BR013,Personal,14-04-2024,546954.63,12.18,180,Approved,Active,999286.11
L000862,C00041,BR010,Personal,16-02-2023,366836.76,11.35,60,Approved,Defaulted,208179.86
L000863,C02788,BR002,Auto,20-02-2025,138640.07,10.28,240,Approved,Active,285043.98
L000864,C02347,BR007,Personal,13-04-2024,178255.24,12.36,180,Approved,Active,330485.21
L000865,C02696,BR003,Personal,02-02-2023,857643.81,8.21,240,Rejected,Rejected,1408251.14
L000866,C00450,BR003,Home,23-07-2023,878358.66,12.73,24,Approved,Active,223630.11
L000867,C01077,BR004,Personal,18-05-2025,158212.72,14.06,24,Rejected,Rejected,44489.42
L000868,C02406,BR008,Education,03-08-2023,561836.17,9.07,12,Approved,Defaulted,50958.54
L000869,C00496,BR001,Business,28-05-2024,1162490.34,14.05,84,Approved,Active,1143309.25
L000870,C01936,BR012,Business,12-06-2025,1099228.97,12.37,36,Approved,Closed,407923.87
L000871,C01637,BR004,Business,30-05-2025,2023559.94,9.12,84,Rejected,Rejected,1291840.67
L000872,C02884,BR015,Home,19-06-2024,2409399.7,12.83,180,Approved,Active,4636889.72
L000873,C02074,BR002,Personal,25-04-2025,248349.51,13.41,240,Rejected,Rejected,666073.39
L000874,C01565,BR008,Home,05-11-2025,1559011.25,14.27,24,Approved,Closed,444941.81
L000875,C02417,BR010,Home,01-12-2024,2503806.31,12.88,24,Approved,Active,644980.51
L000876,C01374,BR007,Home,06-06-2025,1980991.32,13.67,120,Approved,Active,2708015.13
L000877,C00394,BR003,Business,23-10-2024,1949614.88,11.72,120,Approved,Active,2284948.64
L000878,C00940,BR003,Personal,23-02-2023,402654.53,10.89,180,Rejected,Rejected,657736.17
L000879,C01215,BR006,Education,09-11-2025,383117.16,7.84,48,Approved,Active,120145.54
L000880,C00654,BR013,Business,08-12-2025,980002.34,9.01,60,Rejected,Rejected,441491.05
L000881,C02890,BR007,Business,01-11-2024,579848.29,13.82,60,Approved,Active,400675.17
L000882,C00171,BR012,Personal,30-06-2023,297312.06,13.13,60,Rejected,Rejected,195185.37
L000883,C01395,BR008,Education,30-06-2024,594526.09,9.86,84,Rejected,Rejected,410341.91
L000884,C02882,BR006,Business,22-07-2024,1672529.89,7.66,120,Rejected,Rejected,1281157.9
L000885,C02379,BR011,Personal,28-10-2025,320016.08,9.73,24,Approved,Closed,62275.13
L000886,C00274,BR015,Auto,06-03-2025,581531.1,10.5,48,Rejected,Rejected,244243.06
L000887,C01184,BR008,Auto,28-06-2023,393348.93,8.73,60,Approved,Active,171696.81
L000888,C00544,BR010,Business,06-06-2024,1453912.81,11.57,36,Approved,Closed,504653.14
L000889,C01906,BR003,Personal,04-07-2025,754166.03,14.61,48,Rejected,Rejected,440734.63
L000890,C02861,BR005,Auto,25-06-2025,364677.74,9.3,48,Rejected,Rejected,135660.12
L000891,C02111,BR014,Personal,07-03-2025,512444.55,12.99,12,Pending,Under Review,66566.55
L000892,C02011,BR006,Auto,29-09-2025,526065.41,9.03,120,Approved,Active,475037.07
L000893,C01796,BR007,Home,20-02-2025,1410212.38,12,12,Approved,Active,169225.49
L000894,C00419,BR003,Education,13-05-2024,54788.67,8.83,84,Approved,Active,33864.88
L000895,C01716,BR007,Education,05-09-2025,481099.55,12.64,12,Approved,Closed,60810.98
L000896,C02051,BR012,Education,30-05-2023,527880.42,12.35,48,Approved,Active,260772.93
L000897,C00231,BR005,Personal,23-01-2025,470673.62,12.6,60,Approved,Active,296524.38
L000898,C02191,BR007,Auto,25-07-2025,493314.07,14.7,120,Approved,Defaulted,725171.68
L000899,C01641,BR003,Personal,02-09-2023,477599.45,10.71,12,Approved,Closed,51150.9
L000900,C01455,BR015,Personal,01-05-2024,680653.32,9.87,36,Approved,Active,201541.45
L000901,C02651,BR007,Home,30-05-2023,1003299.18,7.83,180,Rejected,Rejected,1178374.89
L000902,C01843,BR012,Business,16-06-2023,876239.36,7.32,24,Rejected,Rejected,128281.44
L000903,C02953,BR011,Education,09-10-2024,676326.06,9.65,120,Approved,Closed,652654.65
L000904,C01404,BR001,Home,03-04-2025,2487078.99,13.38,24,Approved,Active,665542.34
L000905,C02944,BR005,Business,24-07-2024,742598.55,8.11,12,Rejected,Rejected,60224.74
L000906,C00240,BR005,Business,02-12-2025,1756309.06,12.53,36,Approved,Active,660196.58
L000907,C01537,BR012,Personal,25-11-2024,448373.4,13.22,180,Approved,Closed,889124.45
L000908,C00676,BR009,Business,09-03-2025,1883828.35,9.27,36,Rejected,Rejected,523892.66
L000909,C02043,BR014,Home,04-06-2024,2132336.81,11.17,24,Approved,Closed,476364.04
L000910,C01676,BR015,Business,26-09-2024,1537566.71,10.27,24,Rejected,Rejected,315816.2
L000911,C00733,BR005,Auto,08-05-2023,980368.33,8.8,12,Rejected,Rejected,86272.41
L000912,C00327,BR002,Personal,15-07-2024,687005.86,14.52,240,Rejected,Rejected,1995065.02
L000913,C02287,BR013,Auto,18-06-2025,296114.2,11.53,24,Approved,Active,68283.93
L000914,C02272,BR005,Auto,05-01-2023,1182358.72,12.79,180,Pending,Under Review,2268355.2
L000915,C00931,BR004,Education,04-08-2023,649294.71,12.55,60,Approved,Active,407432.43
L000916,C02742,BR001,Business,23-03-2024,1166728.47,10.73,240,Rejected,Rejected,2503799.3
L000917,C00565,BR005,Education,21-03-2023,187298.76,12.2,48,Approved,Active,91401.79
L000918,C00735,BR014,Personal,24-01-2023,266245.27,9.54,60,Rejected,Rejected,126998.99
L000919,C02960,BR004,Education,02-02-2023,290756.28,10.88,120,Approved,Active,316342.83
L000920,C00819,BR011,Home,28-03-2023,2826038.82,12.17,36,Approved,Active,1031786.77
L000921,C02534,BR004,Home,17-08-2024,2996973.76,13.16,36,Rejected,Rejected,1183205.24
L000922,C01049,BR008,Auto,13-02-2025,773223.29,10.65,60,Pending,Under Review,411741.4
L000923,C01128,BR001,Personal,10-10-2024,225979.07,13.97,180,Approved,Active,473539.14
L000924,C02127,BR001,Business,16-11-2023,977210.25,10.93,36,Approved,Active,320427.24
L000925,C01355,BR012,Auto,30-12-2024,1133167.63,14.38,48,Rejected,Rejected,651798.02
L000926,C00954,BR006,Home,22-12-2023,1199839.91,8.4,12,Approved,Active,100786.55
L000927,C01561,BR005,Personal,15-05-2024,721129.68,12.47,120,Approved,Active,899248.71
L000928,C00156,BR013,Auto,14-06-2024,1144058.63,12.29,48,Pending,Under Review,562419.22
L000929,C02909,BR001,Home,13-12-2025,2410023.05,11.74,36,Rejected,Rejected,848810.12
L000930,C00799,BR008,Personal,10-07-2024,275813.41,8.23,240,Approved,Closed,453988.87
L000931,C00265,BR006,Personal,10-07-2024,223634.04,10.68,24,Rejected,Rejected,47768.23
L000932,C00267,BR003,Personal,20-04-2023,94207.03,14.05,120,Approved,Active,132360.88
L000933,C01867,BR006,Auto,23-05-2025,1136726.41,12.12,24,Approved,Closed,275542.48
L000934,C00026,BR009,Personal,12-03-2023,696289.24,11.87,180,Approved,Active,1239742.99
L000935,C02975,BR001,Education,30-12-2024,319623.82,8.22,240,Approved,Active,525461.56
L000936,C00373,BR006,Personal,24-11-2025,757520.64,14.45,60,Rejected,Rejected,547308.66
L000937,C00771,BR002,Education,30-07-2024,210867.81,9.72,48,Pending,Under Review,81985.4
L000938,C00869,BR015,Auto,10-01-2023,677324.6,10.66,36,Approved,Active,216608.41
L000939,C01632,BR014,Auto,11-12-2023,882181.73,11.21,36,Approved,Active,296677.72
L000940,C02157,BR015,Personal,12-01-2023,59479.41,13.53,120,Approved,Active,80475.64
L000941,C00965,BR003,Personal,10-05-2023,698950.3,13.23,12,Approved,Active,92471.12
L000942,C02184,BR010,Personal,16-12-2024,684426.15,12.92,60,Approved,Active,442139.29
L000943,C01648,BR005,Business,11-12-2023,700887.29,13.63,12,Rejected,Rejected,95530.94
L000944,C01852,BR013,Business,08-01-2023,1426118.06,8.23,240,Approved,Active,2347390.33
L000945,C02331,BR008,Home,17-01-2025,1822674.35,11.79,60,Pending,Under Review,1074466.53
L000946,C01520,BR005,Personal,13-11-2024,781272.38,10.16,36,Approved,Defaulted,238131.82
L000947,C02987,BR010,Home,05-03-2023,1082017.58,11.13,48,Approved,Active,481714.23
L000948,C00176,BR002,Business,24-10-2023,477491.26,12.22,180,Approved,Active,875241.48
L000949,C00365,BR015,Education,16-09-2024,423591.7,13.3,120,Approved,Active,563376.96
L000950,C02086,BR005,Business,02-10-2023,1321325.57,8.23,36,Rejected,Rejected,326235.28
L000951,C00600,BR015,Personal,31-08-2023,765441.6,14.36,180,Approved,Active,1648761.21
L000952,C01259,BR006,Home,21-06-2025,1256481.95,14.59,180,Pending,Under Review,2749810.75
L000953,C00788,BR003,Personal,11-01-2025,825530.28,8.98,12,Approved,Active,74132.62
L000954,C00915,BR001,Business,15-02-2023,1563843.9,9.5,180,Approved,Active,2228477.56
L000955,C00607,BR011,Home,06-02-2024,1771378.94,10.38,24,Pending,Under Review,367738.27
L000956,C01989,BR005,Personal,10-07-2025,706009.75,8.97,240,Approved,Defaulted,1266581.49
L000957,C00060,BR011,Personal,15-07-2025,247038.41,10.85,180,Approved,Active,402055.01
L000958,C00432,BR004,Home,20-02-2025,1256832.24,14.28,48,Approved,Closed,717902.58
L000959,C02015,BR002,Home,22-12-2025,2329987.44,7.98,48,Approved,Active,743731.99
L000960,C02301,BR004,Auto,30-05-2024,597469.95,9.4,12,Approved,Active,56162.18
L000961,C00655,BR007,Business,22-12-2024,2445313.76,8.31,60,Approved,Closed,1016027.87
L000962,C01925,BR014,Education,12-02-2025,193218.09,13.79,24,Rejected,Rejected,53289.55
L000963,C01668,BR011,Auto,17-04-2023,404688.37,14.19,240,Approved,Active,1148505.59
L000964,C00820,BR007,Auto,03-02-2025,134212.81,12.08,180,Approved,Closed,243193.61
L000965,C00040,BR008,Auto,12-02-2025,480470.81,9.69,12,Approved,Active,46557.62
L000966,C00928,BR007,Personal,04-04-2023,170583.73,8.1,60,Approved,Active,69086.41
L000967,C00929,BR005,Personal,19-07-2024,147923.86,7.86,36,Approved,Closed,34880.45
L000968,C01384,BR015,Auto,07-11-2024,165553.91,12.75,84,Approved,Active,147756.86
L000969,C02840,BR005,Home,23-06-2023,908551.17,14.44,180,Rejected,Rejected,1967921.83
L000970,C02364,BR015,Education,21-09-2025,513151.84,8.61,48,Approved,Active,176729.49
L000971,C01119,BR011,Home,16-01-2024,1057709.44,9.81,12,Approved,Active,103761.3
L000972,C00806,BR012,Education,20-03-2023,177847.94,8.47,60,Approved,Active,75318.6
L000973,C00930,BR005,Auto,16-04-2025,284659.4,10.95,180,Approved,Active,467553.06
L000974,C01321,BR008,Home,03-03-2023,2742448.2,14.73,120,Approved,Active,4039626.2
L000975,C00759,BR013,Education,25-08-2023,535615.1,10.88,84,Approved,Closed,407924.46
L000976,C01455,BR015,Education,22-03-2023,100166.92,10.08,84,Approved,Active,70677.78
L000977,C01044,BR006,Business,25-08-2023,472361.13,9.9,36,Approved,Active,140291.26
L000978,C02151,BR004,Personal,15-12-2025,738261.91,10.38,48,Rejected,Rejected,306526.35
L000979,C02690,BR005,Personal,01-12-2025,519078.97,8.77,48,Rejected,Rejected,182092.9
L000980,C00716,BR006,Business,14-01-2024,654138.81,10.97,180,Approved,Active,1076385.41
L000981,C01131,BR003,Auto,22-10-2025,1134394.78,12.7,84,Pending,Under Review,1008476.96
L000982,C02949,BR009,Business,26-06-2023,2242800.9,13.42,48,Pending,Under Review,1203935.52
L000983,C01320,BR007,Personal,14-07-2024,892874.25,14.74,84,Approved,Closed,921267.65
L000984,C00189,BR008,Personal,07-10-2023,171306.35,12.27,48,Approved,Active,84077.16
L000985,C00449,BR007,Personal,31-01-2023,516747.72,12.64,48,Pending,Under Review,261267.65
L000986,C00558,BR007,Business,14-03-2024,1338272.48,9.86,84,Pending,Under Review,923675.67
L000987,C02950,BR003,Business,10-01-2025,1096012.97,11.21,24,Approved,Active,245726.11
L000988,C01192,BR005,Personal,02-12-2024,869828.34,14.48,120,Approved,Closed,1259511.44
L000989,C00738,BR010,Auto,14-02-2024,571414.56,13.34,60,Approved,Active,381133.51
L000990,C01423,BR008,Personal,22-06-2023,153623.64,10.42,120,Approved,Active,160075.83
L000991,C01221,BR001,Auto,07-06-2023,1142150.2,8.82,36,Approved,Active,302212.94
L000992,C00879,BR005,Personal,19-05-2025,132894.32,13.44,120,Approved,Active,178609.97
L000993,C00815,BR015,Personal,25-03-2023,476359.81,10.79,240,Approved,Closed,1027984.47
L000994,C01674,BR003,Auto,01-02-2024,1070060.14,8.26,36,Approved,Active,265160.9
L000995,C00377,BR006,Auto,11-03-2025,1021565.57,11.33,36,Approved,Active,347230.14
L000996,C01961,BR005,Personal,15-11-2023,379615.29,7.48,48,Rejected,Rejected,113580.89
L000997,C01330,BR005,Home,26-11-2025,2378246.91,10.38,12,Rejected,Rejected,246862.03
L000998,C00773,BR005,Home,27-10-2024,2595887.51,13.14,84,Pending,Under Review,2387697.33
L000999,C00189,BR008,Personal,21-05-2023,693156.88,8.17,240,Approved,Active,1132618.34
L001000,C00503,BR005,Personal,22-12-2024,583466.81,11.88,84,Approved,Active,485211
L001001,C01548,BR006,Personal,17-03-2025,818105.94,13.92,120,Approved,Closed,1138803.47
L001002,C02576,BR014,Business,13-02-2025,2139010.94,7.71,240,Approved,Active,3298354.87
L001003,C02228,BR007,Business,10-03-2024,1250826.51,14.4,24,Rejected,Rejected,360238.03
L001004,C00290,BR005,Auto,26-08-2025,551693.99,12.22,240,Approved,Active,1348340.11
L001005,C00346,BR005,Home,06-08-2023,1017972.56,8.95,48,Rejected,Rejected,364434.18
L001006,C02540,BR010,Education,30-10-2024,552375.89,11.19,60,Approved,Defaulted,309054.31
L001007,C02376,BR002,Business,31-10-2025,1669480.13,9.32,84,Pending,Under Review,1089168.84
L001008,C02739,BR013,Personal,10-07-2025,487578.45,9.04,24,Approved,Closed,88154.18
L001009,C00190,BR004,Home,17-05-2024,1927603.81,9.62,24,Rejected,Rejected,370870.97
L001010,C00082,BR011,Business,25-02-2023,1170817.62,8.39,120,Approved,Defaulted,982315.98
L001011,C01745,BR002,Home,02-01-2025,836433.98,12.7,24,Approved,Active,212454.23
L001012,C02559,BR012,Home,07-06-2025,1008658.95,9.18,24,Approved,Closed,185189.78
L001013,C01226,BR013,Personal,15-08-2025,698188.79,12.18,12,Pending,Under Review,85039.39
L001014,C01334,BR007,Home,20-03-2024,2947018.19,14.44,36,Pending,Under Review,1276648.28
L001015,C02454,BR002,Education,06-03-2025,82048.99,12.52,240,Approved,Active,205450.67
L001016,C02553,BR008,Personal,27-03-2024,340572.6,10.36,240,Pending,Under Review,705666.43
L001017,C01431,BR014,Personal,18-01-2024,877775.65,12.47,60,Pending,Under Review,547293.12
L001018,C01181,BR010,Personal,24-05-2025,439012.09,11.71,60,Rejected,Rejected,257041.58
L001019,C00959,BR011,Home,07-09-2023,904576.34,10.07,24,Approved,Active,182181.67
L001020,C00998,BR013,Home,15-11-2023,2349313.24,13.31,240,Approved,Active,6253871.84
L001021,C00228,BR009,Home,06-12-2023,1149139.79,11.56,36,Approved,Closed,398521.68
L001022,C01093,BR003,Personal,24-06-2025,289234.01,13.37,240,Rejected,Rejected,773411.74
L001023,C00057,BR011,Home,22-03-2023,1063595.09,7.89,12,Approved,Active,83917.65
L001024,C01748,BR008,Auto,19-05-2025,535074.19,7.53,36,Approved,Active,120873.26
L001025,C01170,BR012,Personal,08-01-2024,385946.53,7.79,48,Approved,Defaulted,120260.94
L001026,C02458,BR007,Auto,07-10-2023,1176048.27,14.38,120,Rejected,Rejected,1691157.41
L001027,C01543,BR006,Auto,02-08-2024,812297.72,10.35,36,Approved,Closed,252218.44
L001028,C00789,BR001,Home,19-08-2025,1460913.68,7.94,60,Approved,Active,579982.73
L001029,C01128,BR001,Auto,18-09-2023,1174458.22,12.96,48,Approved,Closed,608839.14
L001030,C01662,BR004,Personal,17-01-2024,681119.62,10.71,180,Approved,Active,1094218.67
L001031,C00096,BR006,Business,28-02-2025,1621233.33,13.73,120,Rejected,Rejected,2225953.36
L001032,C00885,BR003,Personal,11-05-2023,414747.24,13.02,12,Approved,Closed,54000.09
L001033,C00551,BR010,Business,25-12-2023,2455037.23,14.63,60,Approved,Active,1795859.73
L001034,C01362,BR015,Auto,28-10-2024,535737.49,14.61,60,Approved,Active,391356.24
L001035,C02482,BR005,Personal,05-08-2023,672024.49,8.33,180,Rejected,Rejected,839694.6
L001036,C02013,BR011,Education,22-05-2025,450021.54,13.52,60,Pending,Under Review,304214.56
L001037,C00076,BR002,Education,19-07-2024,284311.61,12.58,24,Approved,Active,71532.8
L001038,C01089,BR006,Personal,03-06-2024,768657.11,7.54,240,Approved,Active,1159134.92
L001039,C02563,BR006,Business,08-04-2023,1799551.84,11.7,24,Approved,Closed,421095.13
L001040,C02104,BR005,Personal,09-06-2025,459018.95,9.92,60,Approved,Active,227673.4
L001041,C01554,BR011,Auto,24-03-2023,996236.42,9.39,24,Approved,Closed,187093.2
L001042,C01937,BR008,Business,28-11-2023,1791026.38,14.5,48,Rejected,Rejected,1038795.3
L001043,C00732,BR009,Home,08-04-2023,2655324.07,9.79,12,Approved,Active,259956.23
L001044,C00296,BR005,Personal,17-10-2025,732656.22,9.46,240,Approved,Active,1386185.57
L001045,C01132,BR007,Home,06-12-2025,2776335.46,11.35,12,Approved,Defaulted,315114.07
L001046,C00659,BR002,Education,08-04-2023,519559.79,14.5,36,Approved,Active,226008.51
L001047,C02547,BR015,Home,03-10-2025,1204489.05,10.26,36,Rejected,Rejected,370741.73
L001048,C01567,BR003,Auto,11-06-2025,279349.13,12.16,84,Approved,Active,237781.98
L001049,C01529,BR006,Business,05-04-2024,509434.61,10.62,36,Approved,Closed,162305.87
L001050,C00353,BR002,Personal,23-12-2024,254484.84,8.93,120,Pending,Under Review,227254.96
L001051,C00511,BR009,Auto,23-01-2023,1032641.75,13.7,24,Rejected,Rejected,282943.84
L001052,C02554,BR009,Personal,12-05-2023,747892.27,13.68,36,Rejected,Rejected,306934.99
L001053,C01551,BR012,Business,30-10-2023,555584.32,8.77,24,Approved,Active,97449.49
L001054,C02327,BR002,Auto,13-03-2024,488615.5,14.39,12,Rejected,Rejected,70311.77
L001055,C00571,BR008,Personal,08-07-2025,786179.25,13.53,12,Approved,Closed,106370.05
L001056,C02159,BR015,Home,07-09-2023,1315412.46,11.72,60,Approved,Active,770831.7
L001057,C02023,BR002,Auto,06-04-2025,512570.59,9.69,84,Approved,Closed,347676.63
L001058,C00378,BR005,Personal,05-10-2025,384493.16,8.42,60,Rejected,Rejected,161871.62
L001059,C02798,BR005,Education,22-12-2025,116158.83,13.75,180,Pending,Under Review,239577.59
L001060,C00202,BR005,Personal,21-04-2025,768033.18,12.07,180,Approved,Active,1390524.07
L001061,C02505,BR013,Business,12-10-2024,2252094.31,12,12,Rejected,Rejected,270251.32
L001062,C02667,BR007,Auto,17-10-2023,601893.84,9.01,240,Approved,Defaulted,1084612.7
L001063,C01648,BR005,Home,23-10-2024,2154457.14,14.52,180,Approved,Active,4692407.65
L001064,C00927,BR005,Personal,23-12-2024,432916.03,7.66,84,Approved,Active,232129.58
L001065,C00892,BR015,Personal,27-04-2023,262284.68,9.75,120,Approved,Closed,255727.56
L001066,C00830,BR012,Auto,05-12-2023,1121747.11,10.65,84,Approved,Closed,836262.47
L001067,C00287,BR001,Personal,09-07-2024,245168.36,10.68,12,Approved,Active,26183.98
L001068,C01006,BR010,Personal,08-04-2024,480740.79,12.57,84,Approved,Active,423003.82
L001069,C00345,BR009,Education,08-04-2024,111879.43,12.86,36,Approved,Active,43163.08
L001070,C01785,BR006,Personal,16-07-2023,726342.38,11.56,24,Approved,Active,167930.36
L001071,C00190,BR004,Business,14-10-2023,1324242.65,9.31,24,Approved,Active,246573.98
L001072,C02305,BR001,Personal,28-06-2025,646653.96,8.26,84,Approved,Active,373895.32
L001073,C01231,BR008,Personal,19-08-2025,192831.6,10.52,48,Approved,Active,81143.54
L001074,C00793,BR013,Personal,16-11-2023,888443.59,10.09,180,Pending,Under Review,1344659.37
L001075,C01204,BR006,Auto,09-10-2024,455604.87,8.93,180,Approved,Active,610282.72
L001076,C01331,BR005,Business,20-08-2025,457463.8,8.72,240,Pending,Under Review,797816.87
L001077,C02722,BR005,Personal,17-06-2023,534629.7,13.82,60,Approved,Active,369429.12
L001078,C01088,BR001,Auto,22-12-2025,1010804.94,8.5,24,Approved,Active,171836.84
L001079,C01077,BR004,Home,31-08-2024,2221753.15,13.9,24,Approved,Active,617647.38
L001080,C00762,BR015,Personal,07-01-2025,374679.82,8.97,240,Approved,Defaulted,672175.6
L001081,C01629,BR005,Business,03-03-2023,2341024.84,13.12,84,Rejected,Rejected,2149997.21
L001082,C01510,BR008,Home,02-08-2023,2822891.51,14.49,36,Approved,Active,1227110.94
L001083,C02624,BR010,Education,24-05-2025,546729.27,14.12,12,Approved,Active,77198.17
L001084,C00161,BR005,Home,05-08-2024,2753986.61,9.4,36,Approved,Active,776624.22
L001085,C00635,BR005,Personal,02-02-2024,275862.66,7.41,240,Approved,Closed,408828.46
L001086,C00755,BR003,Business,07-10-2025,2074169.8,11.12,120,Rejected,Rejected,2306476.82
L001087,C02026,BR004,Personal,11-02-2024,406487,9.22,60,Approved,Active,187390.51
L001088,C00203,BR014,Home,27-05-2025,739763.19,13.44,36,Approved,Active,298272.52
L001089,C02282,BR006,Personal,14-12-2025,800496.63,9.94,120,Pending,Under Review,795693.65
L001090,C00242,BR014,Personal,28-11-2024,282995.51,12.92,84,Rejected,Rejected,255941.14
L001091,C00485,BR012,Business,05-10-2024,1497790.89,12.24,240,Approved,Closed,3666592.1
L001092,C00040,BR008,Home,06-05-2024,2072485.83,8.66,180,Approved,Active,2692159.09
L001093,C02066,BR010,Business,10-03-2024,331780.65,7.91,60,Approved,Active,131219.25
L001094,C02416,BR006,Personal,09-11-2025,852941.33,8.97,12,Approved,Active,76508.84
L001095,C01401,BR006,Home,17-05-2023,2607190.82,10.25,12,Approved,Active,267237.06
L001096,C02304,BR003,Personal,15-01-2024,889867.58,11.73,24,Approved,Active,208762.93
L001097,C02543,BR006,Home,10-02-2025,1159822.72,13.32,48,Pending,Under Review,617953.55
L001098,C00966,BR005,Auto,01-09-2024,768617.19,13.58,36,Approved,Active,313134.64
L001099,C00110,BR008,Education,15-06-2025,546760.02,9.73,12,Approved,Active,53199.75
L001100,C01645,BR005,Home,07-11-2024,977420.93,12.3,120,Approved,Closed,1202227.74
L001101,C01082,BR003,Auto,28-03-2023,923256.4,11.67,24,Approved,Closed,215488.04
L001102,C00755,BR003,Personal,02-02-2024,742433.66,11.57,84,Approved,Active,601297.02
L001103,C02533,BR009,Auto,02-04-2025,610111.16,14.7,24,Approved,Active,179372.68
L001104,C00116,BR011,Home,08-11-2025,2942774.96,7.31,60,Rejected,Rejected,1075584.25
L001105,C01758,BR001,Personal,11-02-2025,336263.68,9.89,120,Approved,Closed,332564.78
L001106,C01372,BR012,Personal,25-04-2025,521323.34,7.46,240,Pending,Under Review,777814.42
L001107,C02994,BR014,Home,12-04-2024,2393700.76,9.67,180,Rejected,Rejected,3472062.95
L001108,C00441,BR005,Education,18-11-2025,390892.27,13.93,180,Approved,Defaulted,816769.4
L001109,C02500,BR005,Education,08-04-2025,64672.43,13.3,240,Rejected,Rejected,172028.66
L001110,C01504,BR005,Education,20-08-2025,437553.85,8.08,24,Approved,Defaulted,70708.7
L001111,C01113,BR005,Business,02-12-2024,370076.7,11.57,12,Approved,Active,42817.87
L001112,C00980,BR001,Personal,11-11-2023,368159.97,13.36,12,Rejected,Rejected,49186.17
L001113,C02786,BR001,Personal,19-07-2023,294577.74,10.37,48,Approved,Active,122190.85
L001114,C02144,BR013,Auto,19-10-2025,158578.66,8.02,48,Approved,Active,50872.03
L001115,C02524,BR015,Education,07-03-2023,383017.56,13.27,12,Approved,Active,50826.43
L001116,C01742,BR001,Education,18-04-2024,595669.23,11.08,24,Approved,Active,132000.3
L001117,C00252,BR009,Business,29-01-2023,726755.46,14.01,84,Approved,Defaulted,712729.08
L001118,C01564,BR005,Home,22-12-2025,1068553.32,12.8,120,Pending,Under Review,1367748.25
L001119,C02129,BR001,Business,16-11-2025,334509.91,8.98,24,Approved,Closed,60077.98
L001120,C00833,BR006,Auto,21-07-2024,461358.06,13.96,60,Rejected,Rejected,322027.93
L001121,C01750,BR008,Business,09-11-2024,1652081.61,8.57,60,Approved,Active,707916.97
L001122,C00679,BR005,Education,28-02-2025,365386.14,11.23,180,Approved,Active,615492.95
L001123,C01369,BR012,Education,26-10-2024,536341.58,13.05,48,Approved,Active,279970.3
L001124,C02558,BR002,Home,06-11-2024,1387849.52,8.55,180,Rejected,Rejected,1779917.01
L001125,C00993,BR001,Education,15-02-2024,693404.58,8.96,24,Rejected,Rejected,124258.1
L001126,C01055,BR007,Home,01-02-2024,904482.69,8.58,240,Rejected,Rejected,1552092.3
L001127,C02453,BR002,Personal,12-02-2024,233676.44,13.92,48,Approved,Active,130111.04
L001128,C00397,BR013,Auto,05-07-2024,1146561.78,11.97,60,Approved,Active,686217.23
L001129,C02080,BR011,Business,12-10-2025,2031897.85,14.31,240,Approved,Active,5815291.65
L001130,C01295,BR002,Home,22-06-2023,1913734.25,9.15,24,Approved,Active,350213.37
L001131,C01291,BR002,Education,04-04-2023,61143.76,7.69,60,Rejected,Rejected,23509.78
L001132,C01851,BR015,Personal,27-06-2023,362281.68,10.16,48,Approved,Active,147231.27
L001133,C00100,BR001,Business,19-07-2025,1681917.99,11.76,240,Rejected,Rejected,3955871.11
L001134,C00158,BR013,Home,29-05-2025,2853903.58,9.42,48,Approved,Active,1075350.87
L001135,C02197,BR005,Auto,09-03-2024,899094.98,9.87,12,Approved,Active,88740.67
L001136,C00906,BR008,Home,17-05-2024,1578949.11,10.21,240,Pending,Under Review,3224214.08
L001137,C02776,BR009,Education,05-11-2024,255590.7,9,24,Rejected,Rejected,46006.33
L001138,C02519,BR006,Auto,21-08-2025,557391.56,13.53,120,Approved,Active,754150.78
L001139,C02179,BR014,Home,21-06-2025,1885887.52,7.67,240,Approved,Closed,2892951.46
L001140,C02822,BR004,Personal,18-01-2025,177853.75,9.75,240,Approved,Closed,346814.81
L001141,C02566,BR006,Education,09-11-2024,123606.03,10.95,48,Approved,Active,54139.44
L001142,C01938,BR008,Personal,23-10-2023,277112.44,12.13,36,Rejected,Rejected,100841.22
L001143,C01309,BR007,Auto,12-08-2025,663747.74,7.56,24,Approved,Closed,100358.66
L001144,C02958,BR008,Business,19-03-2024,1772151.55,12.96,84,Approved,Active,1607695.89
L001145,C00073,BR008,Home,27-01-2024,1223197.5,8.93,36,Approved,Closed,327694.61
L001146,C00372,BR004,Personal,05-09-2025,238048.72,11.15,48,Approved,Active,106169.73
L001147,C02769,BR001,Personal,28-04-2023,406885.2,14.12,120,Approved,Active,574521.9
L001148,C02238,BR009,Auto,12-07-2025,888504.55,11.15,180,Approved,Active,1486023.86
L001149,C02999,BR010,Personal,27-03-2025,400280.34,14.55,84,Pending,Under Review,407685.53
L001150,C02618,BR010,Personal,15-03-2024,395865.14,13.66,24,Pending,Under Review,108150.36
L001151,C02617,BR002,Business,07-04-2024,2303093.71,11.38,180,Rejected,Rejected,3931380.96
L001152,C01958,BR012,Auto,08-07-2025,1182811.98,11.78,120,Approved,Closed,1393352.51
L001153,C01403,BR006,Education,17-01-2025,97187.09,13.96,240,Approved,Closed,271346.36
L001154,C02440,BR002,Auto,20-05-2025,169716.91,7.56,48,Approved,Active,51322.39
L001155,C01079,BR005,Auto,20-08-2025,504901,10.44,36,Approved,Active,158134.99
L001156,C02033,BR007,Personal,13-04-2024,503869.06,12.43,60,Approved,Active,313154.62
L001157,C01911,BR011,Business,02-04-2023,1559374.61,8.21,36,Approved,Active,384073.97
L001158,C01860,BR006,Business,13-05-2025,1067617.48,13.92,48,Pending,Under Review,594449.41
L001159,C00417,BR008,Business,11-08-2023,632304.91,11.3,240,Approved,Active,1429009.1
L001160,C02228,BR007,Home,24-05-2023,2630505.89,11.61,180,Approved,Active,4581026.01
L001161,C01893,BR001,Home,13-02-2025,2416919.12,11.57,84,Approved,Active,1957462.8
L001162,C01285,BR009,Personal,01-12-2023,899310.98,11.02,12,Approved,Closed,99104.07
L001163,C00875,BR003,Home,06-04-2024,1630376.86,12.92,60,Rejected,Rejected,1053223.45
L001164,C01194,BR005,Home,14-12-2024,1932435.45,13.14,180,Approved,Active,3808830.27
L001165,C01154,BR006,Auto,02-05-2025,300101.74,14.13,60,Approved,Active,212021.88
L001166,C00333,BR007,Business,05-11-2024,1572684.51,8.03,36,Approved,Active,378859.7
L001167,C00798,BR004,Personal,25-05-2025,548550.84,10.56,60,Rejected,Rejected,289634.84
L001168,C02905,BR008,Home,18-10-2024,613426.46,8.53,120,Approved,Active,523252.77
L001169,C00780,BR013,Education,31-12-2024,362073.8,9.9,36,Approved,Closed,107535.92
L001170,C00241,BR002,Home,04-06-2024,2917317.08,7.91,84,Approved,Defaulted,1615318.47
L001171,C00512,BR002,Auto,20-10-2023,1090344.65,13.49,84,Approved,Closed,1029612.45
L001172,C02971,BR008,Business,27-01-2023,1873024.68,11.09,240,Approved,Defaulted,2895696.16
L001173,C02419,BR001,Education,17-09-2023,523977.21,9.9,48,Approved,Defaulted,207494.98
L001174,C00208,BR003,Personal,09-01-2025,123168.26,13.7,48,Approved,Closed,67496.21
L001175,C01849,BR006,Personal,18-02-2025,618594.23,13.7,12,Rejected,Rejected,84747.41
L001176,C02778,BR015,Personal,09-10-2023,581303.57,14.53,12,Rejected,Rejected,84463.41
L001177,C00602,BR015,Home,14-08-2023,1048161.47,8.36,24,Approved,Active,175252.6
L001178,C01164,BR006,Personal,30-10-2025,593544.25,8.11,12,Rejected,Rejected,48136.44
L001179,C01994,BR005,Personal,29-10-2023,83055.46,10.3,36,Approved,Active,25664.14
L001180,C02821,BR005,Education,24-05-2025,137693.78,8.71,120,Approved,Active,119931.28
L001181,C02655,BR011,Home,01-11-2023,1030204.73,13.46,120,Approved,Active,1386655.57
L001182,C01760,BR005,Business,30-06-2024,1411575.6,12.23,84,Pending,Under Review,1208449.87
L001183,C01935,BR004,Education,28-12-2025,182964.7,10.4,12,Approved,Closed,19028.33
L001184,C01058,BR005,Business,11-07-2025,584501.91,9.14,36,Approved,Active,160270.42
L001185,C01756,BR005,Home,17-09-2024,858028.02,12.98,24,Rejected,Rejected,222744.07
L001186,C00259,BR002,Personal,06-03-2025,847902.99,9.19,36,Rejected,Rejected,233766.85
L001187,C02981,BR010,Education,22-03-2024,102887.1,14.22,24,Approved,Defaulted,29261.09
L001188,C02195,BR014,Home,12-12-2025,1270803.53,14.51,180,Rejected,Rejected,2765903.88
L001189,C01429,BR008,Personal,29-01-2024,322405.72,9.07,60,Rejected,Rejected,146210.99
L001190,C01836,BR005,Home,03-03-2024,1902602.33,12.66,240,Pending,Under Review,4817389.1
L001191,C02911,BR013,Business,31-01-2023,705127.54,11.72,24,Approved,Active,165281.9
L001192,C01417,BR015,Home,31-12-2023,1658566.9,8.77,240,Rejected,Rejected,2909126.34
L001193,C01852,BR013,Auto,11-09-2025,191018.4,10.47,180,Approved,Active,299994.4
L001194,C01690,BR015,Home,13-03-2025,689557.56,14.35,48,Approved,Closed,395806.04
L001195,C02890,BR007,Business,04-03-2025,656418.09,9.87,240,Rejected,Rejected,1295769.31
L001196,C00661,BR006,Auto,24-11-2024,822944.91,14.44,240,Approved,Active,2376664.9
L001197,C00652,BR008,Home,06-08-2025,2087536.19,11.28,60,Approved,Active,1177370.41
L001198,C01906,BR003,Auto,18-09-2025,242567.82,7.39,84,Pending,Under Review,125480.33
L001199,C01422,BR001,Personal,07-02-2025,324954.48,12.65,36,Rejected,Rejected,123320.23
L001200,C01588,BR005,Personal,16-01-2024,244268.07,13.88,36,Pending,Under Review,101713.22
L001201,C01289,BR014,Auto,11-02-2023,842597.48,10.15,240,Approved,Active,1710472.88
L001202,C00228,BR009,Personal,28-10-2024,530088.69,10.32,24,Rejected,Rejected,109410.31
L001203,C00834,BR010,Personal,04-07-2023,752114.64,9.11,36,Approved,Defaulted,205552.93
L001204,C02491,BR001,Personal,19-04-2025,91969.99,12.22,60,Approved,Active,56193.66
L001205,C01609,BR012,Education,08-10-2023,551690.53,12.36,84,Approved,Active,477322.65
L001206,C01670,BR005,Personal,28-05-2025,485491.83,11.1,120,Pending,Under Review,538895.93
L001207,C02794,BR005,Auto,06-01-2024,547268.89,10.05,60,Approved,Active,275002.62
L001208,C02715,BR007,Auto,23-11-2023,627867.99,7.53,24,Approved,Active,94556.92
L001209,C02967,BR008,Home,14-05-2024,2855194.4,9.3,12,Rejected,Rejected,265533.08
L001210,C01605,BR001,Personal,09-06-2023,344583.85,9.32,36,Approved,Defaulted,96345.64
L001211,C01021,BR009,Personal,14-11-2023,113993.27,12.48,60,Approved,Active,71131.8
L001212,C02800,BR004,Education,03-06-2023,212942.12,8.96,60,Approved,Defaulted,95398.07
L001213,C01153,BR010,Auto,05-08-2025,1106519.87,7.84,180,Pending,Under Review,1301267.37
L001214,C02015,BR002,Home,24-03-2023,548251,13.32,240,Approved,Active,1460540.66
L001215,C01530,BR005,Personal,04-08-2023,754689.2,7.92,36,Approved,Closed,179314.15
L001216,C00640,BR002,Home,01-11-2024,1773297.1,8.02,24,Approved,Closed,284436.85
L001217,C00716,BR006,Personal,20-06-2025,128410.96,12.2,180,Approved,Closed,234992.06
L001218,C02517,BR007,Home,28-05-2025,2513709.03,10.5,180,Rejected,Rejected,3959091.72
L001219,C01871,BR002,Personal,17-09-2024,738949.83,13.89,60,Approved,Defaulted,513200.66
L001220,C00482,BR007,Auto,25-07-2023,541475.36,13.88,240,Approved,Active,1503135.6
L001221,C01146,BR011,Auto,28-03-2024,213981.14,7.28,36,Approved,Active,46733.48
L001222,C01203,BR013,Education,26-05-2023,86198.39,13.74,180,Rejected,Rejected,177654.88
L001223,C00238,BR004,Education,15-01-2024,638915.74,8.52,180,Approved,Defaulted,816534.32
L001224,C02502,BR013,Business,14-07-2023,1931770.09,12.72,24,Approved,Active,491442.31
L001225,C02459,BR005,Business,20-09-2023,505109.28,12.08,84,Approved,Active,427120.41
L001226,C01093,BR003,Business,11-06-2023,2425778.13,7.36,24,Pending,Under Review,357074.54
L001227,C00771,BR002,Education,28-11-2023,277929.34,8.64,240,Rejected,Rejected,480261.9
L001228,C00041,BR010,Home,06-12-2024,2219765.56,8.88,24,Pending,Under Review,394230.36
L001229,C01696,BR009,Education,05-08-2023,105282.53,8.44,36,Approved,Active,26657.54
L001230,C00313,BR008,Personal,09-10-2023,138226.46,8.52,240,Approved,Active,235537.89
L001231,C02546,BR009,Home,05-04-2025,1333005.77,11.94,60,Approved,Active,795804.44
L001232,C00617,BR012,Home,30-08-2023,1320900.66,10.88,240,Approved,Closed,2874279.84
L001233,C01428,BR011,Home,14-03-2025,1463079.12,9.76,36,Approved,Active,428389.57
L001234,C00173,BR004,Personal,22-12-2025,154704.53,10.51,240,Approved,Closed,325188.92
L001235,C01046,BR001,Home,14-06-2024,2268182.99,9.14,12,Approved,Closed,207311.93
L001236,C01444,BR006,Home,29-06-2025,2416615.73,13.35,24,Approved,Active,645236.4
L001237,C01427,BR001,Auto,17-12-2023,628404.41,9.9,84,Approved,Active,435484.26
L001238,C01173,BR002,Personal,05-05-2025,242564.99,8.26,36,Approved,Active,60107.6
L001239,C00483,BR011,Business,08-09-2024,1367478.5,9.04,60,Approved,Active,618100.28
L001240,C01180,BR012,Home,10-07-2025,584114.53,8.96,12,Approved,Closed,52336.66
L001241,C01489,BR001,Personal,20-11-2025,117901.82,10.01,60,Rejected,Rejected,59009.86
L001242,C01722,BR010,Auto,03-08-2025,927071.18,7.95,120,Approved,Closed,737021.59
L001243,C01865,BR003,Personal,09-05-2024,833480,14.66,180,Pending,Under Review,1832822.52
L001244,C01448,BR014,Education,09-03-2023,472424.43,11.4,240,Approved,Active,1077127.7
L001245,C02375,BR004,Education,25-08-2025,427570.6,8.32,240,Approved,Active,711477.48
L001246,C02419,BR001,Personal,10-04-2025,894497.99,8.96,24,Approved,Active,160294.04
L001247,C01724,BR010,Home,11-07-2023,2123463.39,11.97,240,Rejected,Rejected,5083571.36
L001248,C00827,BR015,Home,22-11-2023,2818989.92,12.08,60,Rejected,Rejected,1702669.91
L001249,C00712,BR002,Home,12-09-2023,866206.77,11.26,84,Approved,Active,682744.18
L001250,C01157,BR001,Home,28-01-2025,1648230.54,13.38,48,Approved,Active,882132.99
L001251,C00443,BR009,Home,30-03-2025,1258922.31,11.47,12,Rejected,Rejected,144398.39
L001252,C00976,BR015,Personal,10-10-2024,734990.54,11,120,Approved,Active,808489.59
L001253,C02906,BR005,Personal,24-05-2024,563483.11,9.52,84,Approved,Active,375505.14
L001254,C00470,BR009,Home,25-01-2023,793933.52,14.57,180,Rejected,Rejected,1735141.71
L001255,C02507,BR008,Auto,12-12-2023,395202.68,11.05,120,Pending,Under Review,436698.96
L001256,C01413,BR015,Auto,30-07-2025,1051472.16,10.87,120,Approved,Active,1142950.24
L001257,C01556,BR015,Personal,31-08-2025,680437.53,14.54,120,Approved,Closed,989356.17
L001258,C00626,BR009,Business,15-03-2023,1256723.89,13.25,240,Approved,Closed,3330318.31
L001259,C01114,BR006,Personal,04-08-2024,311204.33,7.39,180,Approved,Active,344970
L001260,C01212,BR001,Education,04-06-2023,509587.61,12.63,48,Approved,Active,257443.66
L001261,C02456,BR006,Auto,06-03-2024,284571.34,9.19,24,Approved,Active,52304.21
L001262,C01069,BR009,Business,30-11-2024,1392332.51,11.97,24,Approved,Active,333324.4
L001263,C00447,BR007,Business,07-06-2023,1040769.59,7.26,60,Approved,Closed,377799.36
L001264,C02866,BR002,Personal,17-02-2024,222119.59,14.34,24,Approved,Active,63703.9
L001265,C02699,BR011,Home,25-05-2024,2507744.64,8.39,240,Approved,Active,4207995.51
L001266,C01594,BR001,Personal,17-11-2025,377970.71,8.15,84,Approved,Active,215632.29
L001267,C02968,BR011,Education,12-04-2023,285911.71,7.79,180,Approved,Active,334087.83
L001268,C02658,BR011,Home,14-10-2025,2010774.6,9.01,60,Pending,Under Review,905853.96
L001269,C02673,BR004,Home,10-05-2024,2401169.32,12.15,180,Rejected,Rejected,4376131.09
L001270,C00611,BR006,Personal,28-03-2024,546315.52,11.41,48,Approved,Active,249338.4
L001271,C02530,BR009,Home,04-12-2025,1999745.68,13.85,48,Rejected,Rejected,1107859.11
L001272,C00917,BR002,Personal,07-06-2025,771300.46,13.79,12,Approved,Closed,106362.33
L001273,C01147,BR002,Auto,11-11-2025,138748.64,8.7,36,Pending,Under Review,36213.4
L001274,C00050,BR012,Personal,23-09-2025,306901.34,12.14,60,Approved,Active,186289.11
L001275,C01170,BR012,Education,13-06-2024,441430.06,8.26,48,Rejected,Rejected,145848.49
L001276,C02409,BR010,Business,30-01-2025,2030048.81,11.17,180,Approved,Active,3401346.78
L001277,C02817,BR002,Personal,13-02-2025,547779.85,11.47,60,Approved,Closed,314151.74
L001278,C00632,BR012,Personal,10-02-2023,709034.94,13.16,12,Rejected,Rejected,93309
L001279,C00669,BR013,Home,08-09-2025,2969237.55,11.88,240,Approved,Active,7054908.42
L001280,C02351,BR005,Personal,17-08-2025,740681.37,8.23,120,Rejected,Rejected,609580.77
L001281,C01398,BR009,Personal,29-07-2025,526167.35,11.02,180,Approved,Closed,869754.63
L001282,C00159,BR013,Personal,20-01-2025,723745.05,9.21,240,Approved,Defaulted,1333138.38
L001283,C01147,BR002,Home,04-11-2024,1780887.95,12.46,24,Rejected,Rejected,443797.28
L001284,C00691,BR013,Personal,05-06-2024,709536.65,14.35,12,Approved,Closed,101818.51
L001285,C01388,BR012,Business,20-03-2024,798979.21,11.57,36,Approved,Closed,277325.68
L001286,C02280,BR007,Home,14-06-2023,2230924.31,12.99,120,Approved,Active,2897970.68
L001287,C02204,BR009,Personal,01-08-2025,292365.89,12.88,180,Approved,Defaulted,564850.9
L001288,C02032,BR005,Home,07-03-2024,981260.82,7.56,240,Approved,Active,1483666.36
L001289,C02053,BR007,Home,12-04-2024,1525633.2,9.98,84,Approved,Active,1065807.35
L001290,C02637,BR005,Personal,15-12-2023,397027.83,8.36,12,Approved,Closed,33191.53
L001291,C00567,BR002,Personal,20-09-2023,427562.3,13.32,24,Approved,Active,113902.6
L001292,C01701,BR008,Personal,23-08-2023,508819.67,9.63,12,Pending,Under Review,48999.33
L001293,C01702,BR007,Home,05-07-2023,1945286.69,10.79,36,Approved,Active,629689.3
L001294,C00686,BR006,Business,11-05-2024,630012.01,12.8,12,Approved,Active,80641.54
L001295,C02476,BR011,Auto,21-09-2025,1199523.6,7.82,24,Pending,Under Review,187605.49
L001296,C02645,BR004,Personal,24-11-2023,692626.44,12.42,12,Pending,Under Review,86024.2
L001297,C00603,BR006,Business,02-07-2024,598099.75,10.49,60,Approved,Active,313703.32
L001298,C00962,BR004,Business,12-10-2024,881211.86,13.04,180,Rejected,Rejected,1723650.4
L001299,C01693,BR011,Auto,31-12-2025,232228.51,8.12,12,Rejected,Rejected,18856.96
L001300,C00025,BR005,Personal,02-04-2025,225575.5,9.75,12,Approved,Active,21993.61
L001301,C02810,BR006,Home,15-09-2024,1583771.31,14.59,120,Approved,Active,2310722.34
L001302,C00549,BR012,Auto,23-11-2023,697448.87,13.7,84,Approved,Active,668853.47
L001303,C02027,BR005,Auto,27-07-2023,760998.35,10.73,120,Rejected,Rejected,816551.23
L001304,C01828,BR005,Home,27-01-2024,565140.13,7.7,60,Approved,Closed,217578.95
L001305,C01701,BR008,Education,12-07-2025,152907.95,12.95,60,Approved,Active,99007.9
L001306,C00371,BR009,Personal,03-04-2024,828685.17,14.52,180,Approved,Active,1804876.3
L001307,C02464,BR011,Home,21-06-2024,1055681.75,12.22,60,Approved,Defaulted,645021.55
L001308,C00335,BR011,Business,26-04-2023,950462.59,12.59,48,Approved,Active,478652.96
L001309,C02715,BR007,Personal,04-09-2025,640097.88,12.83,240,Approved,Active,1642491.16
L001310,C00034,BR006,Business,24-06-2025,724054.53,12.78,60,Approved,Defaulted,462670.84
L001311,C02917,BR001,Home,22-10-2025,2467982.9,13.92,24,Approved,Active,687086.44
L001312,C02154,BR006,Home,26-06-2025,2500284,10.17,180,Approved,Active,3814183.24
L001313,C00431,BR001,Auto,03-07-2024,830975.7,13.27,48,Approved,Closed,441081.9
L001314,C00669,BR013,Business,05-09-2023,1886854.41,8.63,180,Approved,Active,2442533.03
L001315,C02467,BR008,Personal,17-07-2025,703489.56,14,48,Rejected,Rejected,393954.15
L001316,C01149,BR010,Home,15-07-2024,1172110.5,12.56,60,Approved,Active,736085.39
L001317,C01064,BR010,Business,15-04-2023,2122969.7,9.47,240,Rejected,Rejected,4020904.61
L001318,C00145,BR011,Home,18-05-2025,2054719.75,13.71,180,Approved,Active,4225531.17
L001319,C02900,BR001,Personal,10-12-2025,656698.15,8.37,180,Approved,Closed,824484.53
L001320,C02619,BR010,Education,12-03-2025,121589.07,11.36,12,Rejected,Rejected,13812.52
L001321,C02048,BR012,Home,07-10-2023,2143046.57,9.03,12,Rejected,Rejected,193517.11
L001322,C00306,BR008,Business,24-07-2024,998181.13,14.29,36,Approved,Closed,427920.25
L001323,C02588,BR013,Auto,22-01-2024,147200.7,12.97,240,Approved,Active,381838.62
L001324,C02117,BR012,Personal,08-05-2024,328629.94,11.57,36,Pending,Under Review,114067.45
L001325,C02127,BR001,Auto,01-03-2024,771543.9,14.42,84,Pending,Under Review,778796.41
L001326,C00060,BR011,Education,25-03-2023,605303.5,7.37,24,Approved,Defaulted,89221.74
L001327,C00969,BR010,Personal,13-05-2024,502867.81,12.47,60,Approved,Closed,313538.08
L001328,C01478,BR009,Auto,15-12-2023,801990.71,10.17,12,Approved,Active,81562.46
L001329,C01861,BR010,Business,05-10-2025,1750722.63,13.11,180,Pending,Under Review,3442796.05
L001330,C00632,BR012,Home,27-08-2024,2630781.27,13.66,48,Approved,Active,1437458.89
L001331,C01087,BR003,Personal,23-03-2025,578387.45,7.86,12,Approved,Closed,45461.25
L001332,C00567,BR002,Business,02-10-2023,2421878.99,7.38,240,Pending,Under Review,3574693.39
L001333,C02560,BR002,Home,30-04-2023,2619646.13,8.33,24,Approved,Active,436433.05
L001334,C02695,BR015,Personal,19-11-2025,829425.43,12.44,84,Rejected,Rejected,722263.66
L001335,C01898,BR007,Personal,01-03-2023,365812.26,13.87,12,Approved,Defaulted,50738.16
L001336,C01275,BR003,Personal,20-03-2023,892389.81,14.35,84,Approved,Active,896405.56
L001337,C01779,BR008,Personal,04-10-2023,163186.9,11.88,12,Approved,Active,19386.6
L001338,C00353,BR002,Personal,20-07-2025,242600.09,7.39,12,Approved,Closed,17928.15
L001339,C00499,BR006,Personal,08-09-2025,147663.42,12.97,24,Approved,Defaulted,38303.89
L001340,C00812,BR010,Business,14-10-2023,591755.31,14.71,36,Rejected,Rejected,261141.62
L001341,C02411,BR005,Home,16-02-2023,1417526.17,10.11,36,Approved,Active,429935.69
L001342,C01683,BR015,Personal,21-11-2024,488485.09,7.74,60,Approved,Active,189043.73
L001343,C02307,BR007,Business,11-10-2024,1562303.11,7.91,48,Approved,Active,494312.7
L001344,C01884,BR006,Auto,28-04-2024,636118.35,7.55,60,Approved,Active,240134.68
L001345,C02622,BR005,Business,05-07-2025,1518734.34,10.33,24,Approved,Active,313770.51
L001346,C02208,BR005,Home,20-10-2025,1270979.82,11.23,24,Approved,Active,285462.07
L001347,C01664,BR007,Auto,04-07-2024,876030.04,13.48,240,Approved,Active,2361776.99
L001348,C00004,BR006,Personal,25-05-2024,75551.18,13.02,12,Approved,Closed,9836.76
L001349,C01279,BR008,Home,16-11-2024,2141244.28,10.19,84,Approved,Active,1527349.54
L001350,C00073,BR008,Personal,09-07-2025,169760.97,14.3,180,Approved,Active,364137.28
L001351,C00130,BR002,Personal,16-10-2023,455694.81,9,240,Approved,Closed,820250.66
L001352,C00045,BR005,Personal,05-12-2025,779991.33,8.17,60,Approved,Closed,318626.46
L001353,C01140,BR012,Personal,25-09-2025,537293.1,14.38,12,Rejected,Rejected,77262.75
L001354,C00149,BR007,Personal,26-02-2024,502481.33,9.96,36,Pending,Under Review,150141.42
L001355,C01943,BR002,Personal,15-04-2023,443706.59,8.76,240,Approved,Active,777373.95
L001356,C00697,BR015,Personal,16-01-2024,884856.58,8.62,84,Approved,Active,533922.46
L001357,C00001,BR013,Home,22-10-2024,793350.61,7.94,180,Rejected,Rejected,944880.58
L001358,C00317,BR014,Personal,09-10-2023,844294.34,8.78,24,Approved,Closed,148258.09
L001359,C02263,BR003,Home,20-02-2023,2762916.39,12.44,60,Approved,Defaulted,1718533.99
L001360,C01694,BR005,Personal,14-07-2023,827474.29,14.7,84,Approved,Active,851471.04
L001361,C02670,BR012,Personal,11-03-2023,726739.49,11.34,24,Rejected,Rejected,164824.52
L001362,C02078,BR010,Auto,21-02-2025,643913.84,10.19,240,Approved,Active,1312296.41
L001363,C01392,BR003,Auto,02-04-2025,189416.33,7.31,24,Approved,Active,27692.67
L001364,C02483,BR004,Home,07-09-2024,1874865.28,8.44,180,Approved,Active,2373579.44
L001365,C01627,BR011,Business,18-08-2024,397747.53,10.07,48,Rejected,Rejected,160212.71
L001366,C02879,BR014,Auto,27-07-2024,846986.45,7.84,180,Pending,Under Review,996056.07
L001367,C01365,BR005,Education,13-09-2024,422232.51,7.59,180,Pending,Under Review,480711.71
L001368,C01432,BR005,Business,02-12-2025,651590.42,7.56,180,Pending,Under Review,738903.54
L001369,C01503,BR004,Business,29-05-2025,1987683.67,14.41,24,Approved,Active,572850.43
L001370,C01314,BR004,Home,13-11-2025,1415531.17,13.13,36,Approved,Closed,557577.73
L001371,C00656,BR002,Home,10-04-2023,1141117.72,9.88,180,Approved,Active,1691136.46
L001372,C00527,BR006,Home,31-03-2024,2809005.19,13.06,24,Approved,Active,733712.16
L001373,C02458,BR007,Business,31-12-2024,1860904.85,9.6,48,Approved,Active,714587.46
L001374,C02339,BR003,Personal,10-12-2024,408394.69,8.04,240,Approved,Active,656698.66
L001375,C01594,BR001,Auto,01-07-2025,289403.78,14.6,84,Approved,Active,295770.66
L001376,C01376,BR008,Auto,01-07-2024,622196.1,9.46,48,Rejected,Rejected,235439
L001377,C01960,BR012,Personal,15-03-2025,364252.42,13.27,180,Approved,Active,725044.44
L001378,C01261,BR008,Personal,17-06-2023,230293.11,13.56,60,Rejected,Rejected,156138.73
L001379,C02979,BR008,Home,09-06-2025,736250.81,11.97,60,Approved,Active,440646.11
L001380,C00949,BR002,Auto,30-09-2023,828691.49,9.17,36,Approved,Active,227973.03
L001381,C00242,BR014,Education,15-06-2023,204472.07,13.18,36,Approved,Active,80848.26
L001382,C01233,BR012,Personal,04-06-2024,676513.44,7.68,60,Rejected,Rejected,259781.16
L001383,C01457,BR007,Personal,18-10-2025,278698.05,8.3,12,Approved,Active,23131.94
L001384,C01160,BR004,Education,30-08-2025,237601.62,10.56,24,Approved,Active,50181.46
L001385,C02939,BR015,Home,05-07-2024,2440823.56,10.56,36,Pending,Under Review,773252.9
L001386,C02217,BR007,Personal,21-11-2025,60354.7,7.6,48,Approved,Active,18347.83
L001387,C01439,BR008,Personal,01-05-2023,84887,11.37,240,Rejected,Rejected,193033.04
L001388,C02516,BR001,Home,14-02-2024,1790456.29,9.27,180,Approved,Active,2489629.47
L001389,C02548,BR004,Personal,26-06-2023,256163.19,12.09,120,Approved,Active,309701.3
L001390,C00164,BR006,Home,03-01-2023,729200.24,14.34,180,Approved,Closed,1568509.72
L001391,C01534,BR014,Business,18-11-2025,1190507.06,14.52,180,Approved,Active,2592924.38
L001392,C00423,BR009,Personal,01-09-2023,870833.84,10.17,240,Approved,Defaulted,1771276.03
L001393,C00985,BR005,Auto,11-12-2025,377370.93,8.97,12,Approved,Closed,33850.17
L001394,C00043,BR008,Personal,15-02-2025,539438.7,13.48,36,Rejected,Rejected,218149.01
L001395,C02376,BR002,Personal,27-08-2024,83599.89,11.37,84,Approved,Active,66537.15
L001396,C01653,BR014,Education,16-10-2025,329556.96,13.22,48,Approved,Active,174269.72
L001397,C00764,BR011,Personal,16-07-2023,372601.86,13.91,84,Rejected,Rejected,362802.43
L001398,C00669,BR013,Education,16-10-2023,455296.7,8.95,12,Approved,Active,40749.05
L001399,C02984,BR008,Home,06-07-2024,864397.46,10.13,120,Rejected,Rejected,875634.63
L001400,C01103,BR008,Personal,02-10-2023,760440.08,9.11,120,Approved,Closed,692760.91
L001401,C02669,BR006,Business,06-03-2024,1602690.29,11.49,60,Approved,Active,920745.57
L001402,C00065,BR006,Personal,08-03-2024,272827.67,12.04,48,Rejected,Rejected,131393.81
L001403,C01190,BR008,Education,06-07-2025,142891.27,12.85,12,Approved,Active,18361.53
L001404,C01267,BR008,Home,30-12-2023,1356817.58,11.8,120,Approved,Active,1601044.74
L001405,C01890,BR013,Home,22-01-2025,991179.13,12.16,180,Approved,Closed,1807910.73
L001406,C01159,BR001,Personal,20-03-2025,315533.12,7.96,12,Pending,Under Review,25116.44
L001407,C00415,BR007,Business,21-02-2024,2047297.11,11.75,48,Approved,Closed,962229.64
L001408,C02423,BR008,Home,01-04-2023,991994.62,9.62,12,Approved,Defaulted,95429.88
L001409,C02124,BR002,Personal,27-12-2025,521835.89,9.02,60,Approved,Closed,235347.99
L001410,C00370,BR008,Education,28-07-2024,481969.39,10.77,120,Pending,Under Review,519081.03
L001411,C02540,BR010,Education,13-11-2023,505134.5,13.91,24,Approved,Active,140528.42
L001412,C00613,BR001,Auto,18-03-2025,149211.92,13.16,84,Approved,Active,137454.02
L001413,C02484,BR014,Education,03-06-2025,200702.67,12.32,12,Approved,Active,24726.57
L001414,C01946,BR007,Business,16-05-2023,1469815.35,13.93,36,Approved,Closed,614235.83
L001415,C00652,BR008,Auto,28-06-2025,465602.06,13.47,84,Approved,Active,439016.18
L001416,C01560,BR006,Personal,04-10-2023,672012.62,12.44,36,Approved,Active,250795.11
L001417,C00269,BR001,Education,13-07-2025,214669.09,13.42,24,Approved,Closed,57617.18
L001418,C01997,BR006,Business,31-01-2023,868357.76,11.13,36,Approved,Closed,289944.66
L001419,C01270,BR008,Personal,10-11-2025,725909.23,9.9,180,Rejected,Rejected,1077975.21
L001420,C01254,BR003,Home,23-11-2025,1281666.11,11.91,48,Approved,Active,610585.73
L001421,C00893,BR015,Personal,18-04-2023,272195.88,12.68,240,Rejected,Rejected,690288.75
L001422,C00220,BR005,Personal,21-09-2025,192722.53,13.69,60,Approved,Active,131918.57
L001423,C00357,BR010,Home,10-05-2025,832766.74,14.48,12,Approved,Closed,120584.62
L001424,C01635,BR012,Education,12-05-2025,432440.77,10.76,120,Approved,Closed,465306.27
L001425,C02927,BR012,Business,05-10-2023,586344.04,7.76,12,Approved,Active,45500.3
L001426,C01823,BR008,Personal,01-03-2025,763946.31,14.71,240,Approved,Active,2247530.04
L001427,C00931,BR004,Personal,26-06-2023,554129.88,13.7,36,Approved,Active,227747.38
L001428,C00014,BR002,Business,12-08-2024,1024613.09,12.07,24,Approved,Active,247341.6
L001429,C02654,BR007,Business,27-09-2023,757129.53,10.53,180,Approved,Closed,1195886.09
L001430,C00273,BR013,Personal,20-04-2025,530706.35,13.28,48,Pending,Under Review,281911.21
L001431,C00849,BR002,Business,21-09-2024,934561.35,11.4,60,Approved,Active,532699.97
L001432,C00855,BR005,Home,28-08-2024,1291577.2,8.72,84,Approved,Active,788378.72
L001433,C00506,BR011,Personal,01-12-2024,715511.05,8.78,84,Approved,Closed,439753.09
L001434,C00948,BR005,Auto,23-12-2023,249697.52,12.24,240,Pending,Under Review,611259.53
L001435,C02917,BR001,Personal,12-01-2023,426900.31,12.42,240,Approved,Closed,1060420.37
L001436,C00471,BR005,Personal,09-09-2023,504479.56,11.39,84,Approved,Closed,402221.55
L001437,C00814,BR010,Auto,19-08-2024,850330.05,12.08,60,Approved,Active,513599.35
L001438,C02616,BR012,Personal,29-09-2023,776522.72,13.48,84,Approved,Closed,732726.84
L001439,C00504,BR015,Auto,09-11-2023,646152.58,13.45,24,Rejected,Rejected,173815.04
L001440,C01279,BR008,Personal,19-01-2024,462269.07,13.16,120,Approved,Active,608346.1
L001441,C01095,BR011,Home,15-10-2024,1923157.63,12.21,120,Approved,Closed,2348175.47
L001442,C02572,BR005,Home,20-05-2023,1603255.91,8.38,60,Approved,Active,671764.23
L001443,C01849,BR006,Business,31-03-2023,745636.33,7.61,48,Approved,Active,226971.7
L001444,C01515,BR010,Business,05-08-2025,1930419.38,11.56,36,Approved,Active,669469.44
L001445,C00940,BR003,Auto,21-01-2025,961452.43,11.25,12,Rejected,Rejected,108163.4
L001446,C02703,BR010,Personal,01-11-2025,803227.52,13.51,48,Approved,Active,434064.15
L001447,C00518,BR015,Personal,12-11-2025,495755.23,8.19,84,Approved,Active,284216.47
L001448,C01354,BR009,Auto,06-01-2023,543510.08,8.64,180,Approved,Active,704389.06
L001449,C02183,BR008,Education,18-03-2023,121873.48,8.39,48,Approved,Active,40900.74
L001450,C01564,BR005,Personal,17-12-2024,898052.61,14.46,36,Approved,Defaulted,389575.22
L001451,C01065,BR010,Auto,20-01-2023,776820.96,10.17,84,Approved,Active,553018.84
L001452,C00746,BR002,Personal,12-09-2023,120985.79,9.88,84,Approved,Closed,83673.77
L001453,C01152,BR007,Business,06-10-2024,1073534.66,8.84,180,Rejected,Rejected,1423506.96
L001454,C02836,BR010,Personal,09-12-2024,875790.57,13.58,240,Approved,Active,2378647.19
L001455,C02497,BR002,Home,06-09-2023,1099820.94,13.71,60,Approved,Closed,753927.25
L001456,C02746,BR012,Personal,01-05-2025,598913.34,8.58,36,Pending,Under Review,154160.29
L001457,C01554,BR011,Business,02-06-2023,2173704.53,10.08,36,Approved,Active,657328.25
L001458,C00174,BR008,Auto,12-04-2025,670138.35,11.9,48,Approved,Active,318985.85
L001459,C01203,BR013,Home,26-01-2023,953741.16,9.96,12,Approved,Active,94992.62
L001460,C00507,BR005,Personal,21-03-2024,346144.05,10.18,180,Approved,Closed,528561.96
L001461,C02871,BR008,Personal,20-08-2023,421265.7,13.03,120,Approved,Defaulted,548909.21
L001462,C01924,BR004,Education,31-10-2025,263011.58,12.92,120,Approved,Active,339810.96
L001463,C01810,BR006,Personal,05-12-2025,465864.06,14.14,240,Approved,Closed,1317463.56
L001464,C02779,BR007,Personal,19-08-2023,760647.96,10.27,24,Approved,Active,156237.09
L001465,C00961,BR006,Auto,17-12-2024,584177.22,14.62,120,Approved,Closed,854067.1
L001466,C00369,BR002,Business,22-06-2024,2012285.52,9.4,120,Approved,Active,1891548.39
L001467,C00355,BR006,Home,10-04-2025,1892921.79,11.3,84,Approved,Active,1497301.14
L001468,C01033,BR009,Auto,26-11-2024,1024373.74,14.28,48,Approved,Active,585122.28
L001469,C01558,BR013,Education,04-10-2025,201143.22,13.57,120,Rejected,Rejected,272951.35
L001470,C00299,BR007,Auto,08-04-2024,283907.32,12.02,24,Approved,Active,68251.32
L001471,C01111,BR010,Home,06-07-2025,1311066.58,9.8,240,Approved,Active,2569690.5
L001472,C01545,BR003,Personal,18-01-2023,774937.2,11.13,180,Approved,Active,1293757.66
L001473,C01116,BR002,Auto,02-12-2025,806055.72,11.77,180,Approved,Active,1423091.37
L001474,C00242,BR014,Personal,02-07-2025,424955.28,13.19,84,Approved,Closed,392361.21
L001475,C01916,BR005,Personal,05-10-2024,663101.39,11.58,180,Approved,Active,1151807.11
L001476,C01031,BR004,Business,31-08-2025,2364923.22,14.27,84,Approved,Closed,2362321.8
L001477,C01728,BR009,Home,08-08-2024,1591501.2,10.11,24,Pending,Under Review,321801.54
L001478,C02817,BR002,Personal,08-01-2025,243985.48,11.2,84,Approved,Active,191284.62
L001479,C02583,BR001,Business,17-05-2023,1589424.33,7.34,180,Approved,Active,1749956.19
L001480,C02645,BR004,Personal,04-03-2024,875206.02,8.92,48,Approved,Active,312273.51
L001481,C00897,BR008,Business,30-09-2024,2124285.16,10.65,240,Approved,Active,4524727.39
L001482,C02848,BR008,Personal,02-11-2023,875378.67,12.4,120,Approved,Active,1085469.55
L001483,C02240,BR006,Personal,21-01-2024,122807.79,8.53,240,Approved,Active,209510.09
L001484,C00105,BR001,Business,22-01-2023,1224269.06,8.02,24,Rejected,Rejected,196372.76
L001485,C00686,BR006,Personal,18-04-2023,424293.62,9.91,12,Rejected,Rejected,42047.5
L001486,C00403,BR011,Education,23-07-2024,147903.91,12.49,48,Approved,Active,73892.79
L001487,C00210,BR015,Personal,30-07-2025,692708.39,12.25,60,Approved,Closed,424283.89
L001488,C00322,BR011,Business,03-02-2023,1564811.71,10.21,24,Rejected,Rejected,319534.55
L001489,C00544,BR010,Personal,09-10-2025,94422.47,11.4,84,Approved,Closed,75349.13
L001490,C01957,BR004,Education,03-04-2023,261854.12,11.8,60,Approved,Active,154493.93
L001491,C02887,BR008,Business,29-05-2024,797260.02,13.52,180,Approved,Active,1616843.32
L001492,C02379,BR011,Personal,24-06-2024,219803.79,11.34,240,Rejected,Rejected,498515
L001493,C02462,BR011,Auto,15-07-2024,549263.65,9.66,24,Pending,Under Review,106117.74
L001494,C02929,BR011,Education,07-05-2024,440529.67,9.74,36,Approved,Active,128722.77
L001495,C02533,BR009,Personal,10-01-2024,503841.81,10.27,240,Approved,Active,1034891.08
L001496,C01712,BR012,Auto,05-12-2024,821334.22,13.86,48,Approved,Active,455347.69
L001497,C02382,BR011,Education,03-02-2025,137612.58,11.68,12,Approved,Active,16073.15
L001498,C02140,BR006,Personal,09-05-2025,203302.89,9.45,60,Approved,Active,96060.62
L001499,C02525,BR004,Personal,15-08-2025,521428.71,14.04,240,Rejected,Rejected,1464171.82
L001500,C00313,BR008,Business,01-08-2024,1951310.93,11.04,120,Approved,Defaulted,2154247.27
L001501,C01786,BR006,Auto,29-01-2025,1019512.46,10.34,84,Approved,Defaulted,737923.12
L001502,C01438,BR011,Home,11-11-2024,2797378.19,11.81,84,Rejected,Rejected,2312592.55
L001503,C02531,BR015,Education,29-09-2023,252143.76,13.22,120,Approved,Active,333334.05
L001504,C01809,BR015,Home,25-10-2024,2584159.71,10.37,60,Approved,Closed,1339886.81
L001505,C01364,BR009,Business,25-09-2023,2093529.18,14.37,84,Approved,Active,2105881
L001506,C01857,BR008,Business,29-10-2025,2211496.28,14.34,12,Approved,Active,317128.57
L001507,C00016,BR005,Home,13-04-2023,2606537.67,9.72,12,Approved,Defaulted,253355.46
L001508,C00630,BR009,Personal,13-11-2024,819726.06,9.43,180,Pending,Under Review,1159502.51
L001509,C02607,BR005,Personal,10-02-2024,407559,9.18,240,Pending,Under Review,748278.32
L001510,C00952,BR005,Home,16-11-2024,761682.02,9.01,84,Approved,Closed,480392.85
L001511,C00197,BR006,Education,16-11-2025,468256.57,13.3,120,Approved,Active,622781.24
L001512,C02056,BR005,Personal,13-08-2024,367294.78,10.94,12,Approved,Active,40182.05
L001513,C00593,BR010,Personal,04-04-2023,224168.45,7.82,84,Approved,Active,122709.81
L001514,C01348,BR004,Auto,13-06-2025,323233.03,8.34,180,Approved,Closed,404364.52
L001515,C01744,BR015,Business,22-10-2024,407427.38,9.87,24,Rejected,Rejected,80426.16
L001516,C02811,BR012,Business,07-10-2025,1453536.44,9.61,120,Approved,Active,1396848.52
L001517,C01619,BR002,Personal,27-09-2023,455879.01,8.7,180,Approved,Active,594922.11
L001518,C01987,BR009,Auto,01-01-2024,535992.33,12.37,60,Rejected,Rejected,331511.26
L001519,C00465,BR005,Business,06-07-2025,590914.01,13.87,240,Approved,Active,1639195.46
L001520,C00819,BR011,Personal,11-11-2023,638803.55,12.25,48,Approved,Closed,313013.74
L001521,C01326,BR006,Auto,14-07-2025,892034.39,12.59,240,Approved,Defaulted,2246142.59
L001522,C00536,BR008,Business,03-06-2025,707333.69,11.61,240,Approved,Active,1642428.83
L001523,C01663,BR005,Personal,16-11-2025,652670.42,12.86,240,Pending,Under Review,1678668.32
L001524,C01973,BR010,Personal,09-12-2025,642235.04,13.13,36,Approved,Closed,252976.38
L001525,C00308,BR010,Personal,11-03-2025,594433.6,13.38,60,Approved,Closed,397676.08
L001526,C02463,BR006,Personal,12-09-2023,805530.18,7.41,240,Approved,Defaulted,1193795.73
L001527,C00151,BR014,Business,02-06-2023,1394676.58,7.47,24,Approved,Active,208364.68
L001528,C01002,BR009,Personal,15-06-2023,50152.87,11.98,180,Rejected,Rejected,90124.71
L001529,C02108,BR004,Personal,01-07-2025,510580,12.25,180,Approved,Defaulted,938190.75
L001530,C02790,BR009,Home,01-03-2025,1814028.42,7.32,180,Approved,Active,1991803.21
L001531,C02908,BR008,Home,30-03-2023,1500396.06,11.11,12,Approved,Closed,166694
L001532,C02065,BR005,Personal,19-07-2023,366481.33,11.67,60,Approved,Active,213841.86
L001533,C02904,BR009,Personal,11-02-2025,726846.51,11.7,48,Approved,Active,340164.17
L001534,C02995,BR002,Auto,02-12-2024,838347.42,8.16,240,Approved,Active,1368182.99
L001535,C01372,BR012,Home,23-10-2024,1975054.35,7.89,12,Approved,Active,155831.79
L001536,C01380,BR015,Home,24-04-2025,984822.71,9.94,84,Approved,Closed,685239.64
L001537,C00543,BR009,Business,22-11-2023,1287658.32,10.98,180,Rejected,Rejected,2120773.25
L001538,C01736,BR013,Auto,02-12-2023,1027718.78,14.48,84,Approved,Active,1041695.76
L001539,C02147,BR007,Personal,07-10-2024,587336.67,8,36,Approved,Active,140960.8
L001540,C01788,BR005,Home,24-06-2025,2876319.89,13.78,12,Rejected,Rejected,396356.88
L001541,C01526,BR005,Home,11-12-2025,2059496.98,7.56,84,Approved,Closed,1089885.8
L001542,C02070,BR008,Home,12-03-2023,2034251.68,13.93,36,Rejected,Rejected,850113.78
L001543,C02102,BR006,Business,16-12-2023,956085.94,13.03,48,Approved,Defaulted,498311.99
L001544,C01145,BR007,Personal,10-12-2024,875944,11.94,180,Approved,Active,1568815.7
L001545,C01485,BR006,Personal,01-06-2024,112188.08,11.09,180,Approved,Closed,195038.98
L001546,C01948,BR005,Business,16-02-2025,2400514.8,14.2,36,Approved,Active,1022619.3
L001547,C01891,BR008,Auto,19-09-2024,446230.83,12.63,48,Approved,Active,225435.82
L001548,C00489,BR012,Personal,12-12-2024,632974.08,13.5,84,Approved,Active,598160.51
L001549,C00130,BR002,Auto,12-09-2023,300934.8,11.48,12,Approved,Active,34547.32
L001550,C02674,BR011,Business,15-01-2023,735145.11,10.62,240,Approved,Active,1561448.21
L001551,C00542,BR009,Auto,05-06-2024,144395.95,12.64,120,Approved,Closed,182516.48
L001552,C01725,BR007,Personal,14-08-2024,715725.57,7.37,36,Approved,Active,158246.92
L001553,C01809,BR015,Home,24-06-2025,1878788.07,13.38,180,Approved,Defaulted,3770727.66
L001554,C00881,BR007,Home,22-11-2024,1920745.62,11.41,48,Approved,Active,876628.3
L001555,C02032,BR005,Personal,31-12-2024,600684.37,7.51,120,Approved,Active,451113.96
L001556,C01342,BR006,Personal,20-10-2024,127553.66,13.87,84,Approved,Closed,123841.85
L001557,C01025,BR011,Home,13-02-2025,1121842.75,11.04,180,Approved,Closed,1857771.59
L001558,C02905,BR008,Education,12-08-2024,525273.38,13.73,120,Approved,Closed,721200.35
L001559,C01431,BR014,Personal,11-07-2025,728313.87,11.29,24,Approved,Active,164453.27
L001560,C01190,BR008,Home,10-01-2025,1025882.17,13.42,84,Approved,Active,963713.71
L001561,C02266,BR003,Home,03-02-2025,531015.87,13.01,60,Approved,Active,345425.82
L001562,C02878,BR006,Home,25-10-2025,2554292.38,10.1,24,Approved,Active,515967.06
L001563,C01552,BR003,Business,20-10-2023,1553864.34,11.97,12,Approved,Active,185997.56
L001564,C02194,BR003,Auto,11-05-2025,408124.23,13.99,240,Rejected,Rejected,1141931.6
L001565,C00229,BR012,Business,14-12-2025,1082765.33,14.18,12,Approved,Active,153536.12
L001566,C00838,BR010,Business,23-03-2023,684368.96,9.62,12,Approved,Active,65836.29
L001567,C00660,BR001,Business,26-04-2024,835659.24,11.98,36,Approved,Active,300335.93
L001568,C02365,BR001,Business,08-11-2023,1709701.67,8.51,120,Approved,Active,1454956.12
L001569,C01576,BR011,Auto,25-11-2025,152332.01,13.04,240,Rejected,Rejected,397281.88
L001570,C02670,BR012,Personal,25-04-2023,782312.6,13.73,180,Approved,Active,1611172.8
L001571,C00739,BR003,Personal,21-06-2025,154135.52,10.97,12,Approved,Active,16908.67
L001572,C00956,BR007,Auto,02-09-2023,510905.47,9.79,180,Approved,Defaulted,750264.68
L001573,C02985,BR002,Home,14-02-2025,1891242.17,13.67,12,Approved,Active,258532.8
L001574,C01895,BR010,Home,15-09-2023,1110557.36,12.27,240,Approved,Closed,2725307.76
L001575,C01685,BR006,Personal,25-07-2023,224204.56,7.57,120,Approved,Active,169722.85
L001576,C02031,BR012,Auto,28-12-2024,633207.71,14.44,36,Approved,Active,274305.58
L001577,C00667,BR008,Education,01-07-2023,185767.03,11.92,240,Rejected,Rejected,442868.6
L001578,C01178,BR008,Auto,17-12-2025,335159.13,9.15,180,Rejected,Rejected,460005.91
L001579,C01880,BR012,Auto,20-11-2024,342755.92,10.27,12,Rejected,Rejected,35201.03
L001580,C02256,BR012,Home,09-11-2023,648167.27,8.55,120,Rejected,Rejected,554183.02
L001581,C00322,BR011,Auto,17-03-2023,177822.31,8.4,12,Pending,Under Review,14937.07
L001582,C01527,BR005,Personal,01-07-2024,453538.98,9.83,240,Rejected,Rejected,891657.63
L001583,C02238,BR009,Personal,07-06-2023,190192.77,13.85,84,Approved,Active,184391.89
L001584,C01415,BR007,Home,15-02-2025,568719.77,12.46,84,Approved,Active,496037.38
L001585,C00074,BR005,Home,27-07-2025,762163.66,14.7,12,Approved,Active,112038.06
L001586,C00396,BR001,Personal,17-10-2023,766377.68,11.32,240,Approved,Active,1735079.07
L001587,C00386,BR003,Education,27-12-2024,347788.9,7.51,84,Approved,Active,182832.62
L001588,C01499,BR007,Auto,29-01-2023,978851.02,9.81,24,Rejected,Rejected,192050.57
L001589,C01233,BR012,Home,23-02-2023,851924.21,9.76,84,Rejected,Rejected,582034.62
L001590,C00736,BR002,Personal,22-08-2023,612945.5,8.06,180,Approved,Active,741051.11
L001591,C00298,BR013,Personal,05-01-2025,690026.11,12.92,84,Approved,Active,624059.61
L001592,C01755,BR006,Personal,24-01-2023,80538.72,10.36,36,Approved,Closed,25031.43
L001593,C00730,BR005,Personal,18-11-2025,131159.41,14.46,60,Approved,Active,94828.25
L001594,C00975,BR003,Personal,30-03-2025,710019.08,12.09,60,Approved,Closed,429206.53
L001595,C01559,BR005,Personal,18-06-2024,244576.89,9.12,180,Approved,Closed,334581.19
L001596,C02223,BR001,Education,26-09-2023,550126.06,10.55,48,Approved,Closed,232153.2
L001597,C01672,BR009,Personal,07-12-2023,183992.69,10.74,180,Approved,Active,296412.22
L001598,C02199,BR006,Auto,25-01-2025,852528.7,10.2,36,Approved,Closed,260873.78
L001599,C01088,BR001,Personal,02-10-2024,862216.19,10.1,120,Approved,Active,870838.35
L001600,C01863,BR005,Personal,27-01-2023,632870.38,12.21,48,Rejected,Rejected,309093.89
L001601,C00227,BR006,Business,29-12-2023,964808.7,8.35,84,Pending,Under Review,563930.69
L001602,C01161,BR001,Business,15-08-2025,2218485.53,11.98,60,Rejected,Rejected,1328872.83
L001603,C02483,BR004,Education,02-01-2025,536588.61,13.78,180,Approved,Active,1109128.66
L001604,C00079,BR009,Education,09-01-2023,302910.26,8.53,120,Approved,Active,258382.45
L001605,C01435,BR006,Business,02-07-2025,1313530.79,11.79,36,Approved,Defaulted,464595.84
L001606,C01081,BR012,Personal,22-06-2024,862517.14,11.35,240,Rejected,Rejected,1957913.91
L001607,C02065,BR005,Home,22-05-2023,1355505.87,12.29,120,Rejected,Rejected,1665916.71
L001608,C01268,BR006,Home,05-04-2025,1334563.52,8.48,120,Rejected,Rejected,1131709.86
L001609,C00418,BR012,Business,11-08-2024,1276565.17,11.79,180,Rejected,Rejected,2257605.5
L001610,C02040,BR007,Personal,19-12-2023,753198.89,12.16,24,Approved,Closed,183177.97
L001611,C02582,BR001,Home,11-05-2024,1164068.89,8.75,180,Approved,Active,1527840.42
L001612,C01327,BR002,Business,27-09-2025,986099.04,8.97,84,Approved,Active,619171.59
L001613,C01961,BR005,Business,17-03-2023,831190.81,9.39,48,Approved,Active,312195.27
L001614,C01929,BR003,Personal,19-04-2024,555809.96,13.81,180,Approved,Closed,1151360.33
L001615,C00415,BR007,Personal,27-09-2023,474873.75,10.63,36,Approved,Active,151437.24
L001616,C01779,BR008,Personal,18-05-2025,669757.01,9.67,84,Approved,Active,453358.52
L001617,C00767,BR008,Auto,25-12-2024,650806.09,7.56,24,Approved,Closed,98401.88
L001618,C00826,BR004,Auto,04-11-2025,1132503.87,9.57,48,Rejected,Rejected,433522.48
L001619,C01948,BR005,Personal,12-09-2023,241318.9,12.95,180,Approved,Active,468761.96
L001620,C02312,BR006,Personal,02-06-2025,560572.75,14.01,48,Pending,Under Review,314144.97
L001621,C01240,BR005,Personal,20-01-2024,408022.9,12.97,120,Approved,Active,529205.7
L001622,C02170,BR010,Home,04-03-2023,566795.08,13.81,24,Approved,Defaulted,156548.8
L001623,C00324,BR014,Personal,09-05-2023,287449.29,11.19,48,Approved,Active,128662.3
L001624,C00506,BR011,Education,22-06-2023,367333.73,11.31,60,Approved,Active,207727.22
L001625,C01921,BR004,Personal,09-07-2025,486100.83,9.01,120,Approved,Active,437976.85
L001626,C01503,BR004,Personal,16-06-2025,589633.14,9.65,60,Rejected,Rejected,284497.99
L001627,C01189,BR012,Personal,14-09-2023,679324.27,14.45,12,Approved,Active,98162.36
L001628,C00167,BR005,Home,19-12-2025,2360188.85,12.12,12,Approved,Closed,286054.89
L001629,C01893,BR001,Personal,14-10-2025,118481.01,9.49,120,Rejected,Rejected,112438.48
L001630,C01176,BR005,Auto,18-07-2023,490318.82,12.8,180,Approved,Active,941412.13
L001631,C01996,BR008,Personal,10-12-2025,526998.66,7.33,48,Approved,Active,154516.01
L001632,C00285,BR008,Personal,24-04-2024,757387.71,13.73,240,Approved,Closed,2079786.65
L001633,C01377,BR006,Personal,16-07-2023,534306.42,11.06,12,Rejected,Rejected,59094.29
L001634,C00620,BR002,Home,26-08-2025,1777711.54,8.03,48,Approved,Active,571000.95
L001635,C00688,BR015,Home,06-09-2023,697847.31,8.49,12,Approved,Defaulted,59247.24
L001636,C01162,BR004,Personal,20-09-2024,383623.93,13.32,48,Approved,Active,204394.83
L001637,C02760,BR008,Personal,09-06-2024,667121.33,9.85,84,Approved,Active,459980.16
L001638,C02777,BR011,Personal,09-05-2025,772537.63,9.58,48,Approved,Active,296036.42
L001639,C02839,BR007,Home,28-08-2023,932394.24,12.47,120,Approved,Active,1162695.62
L001640,C01584,BR015,Business,26-10-2023,2226353.57,13.98,36,Rejected,Rejected,933732.69
L001641,C00986,BR010,Auto,30-10-2024,256589.51,10.19,12,Approved,Active,26146.47
L001642,C00764,BR011,Personal,17-07-2024,173745.14,13.39,48,Approved,Active,93057.9
L001643,C01928,BR015,Auto,11-11-2023,1105989.12,7.34,84,Approved,Active,568257.21
L001644,C00626,BR009,Business,04-09-2023,1153656.33,7.44,120,Approved,Active,858320.31
L001645,C02016,BR008,Auto,02-04-2024,708932.35,9.44,60,Approved,Active,334616.07
L001646,C01290,BR008,Home,03-10-2025,698960.8,8.13,24,Approved,Active,113651.03
L001647,C01334,BR007,Personal,09-04-2025,494986.33,8.62,180,Approved,Active,640017.32
L001648,C02057,BR001,Home,04-05-2023,1416548.55,14.31,120,Approved,Active,2027080.98
L001649,C01298,BR007,Auto,26-01-2025,160969.94,14.27,240,Approved,Active,459408.21
L001650,C01330,BR005,Auto,29-08-2025,494687.22,10.82,180,Approved,Active,802877.36
L001651,C02692,BR012,Home,12-08-2024,2945641.19,14.03,48,Rejected,Rejected,1653093.84
L001652,C02709,BR005,Home,25-03-2024,1916469.86,12.58,24,Approved,Closed,482183.82
L001653,C01019,BR009,Personal,16-09-2025,363126.4,13.86,48,Approved,Closed,201317.28
L001654,C02354,BR012,Auto,16-01-2024,468073.9,14.52,84,Rejected,Rejected,475750.31
L001655,C00882,BR015,Education,11-03-2024,609062.14,12.34,120,Approved,Closed,751582.68
L001656,C02133,BR012,Personal,24-09-2025,450397.67,9.11,84,Approved,Defaulted,287218.59
L001657,C02787,BR002,Business,23-07-2023,2024262.22,13.78,60,Approved,Active,1394716.67
L001658,C00084,BR006,Personal,08-01-2023,160990.82,13.88,60,Approved,Closed,111727.63
L001659,C00819,BR011,Home,10-09-2024,1741771.59,11.12,120,Approved,Active,1936850.01
L001660,C02088,BR007,Education,02-05-2025,554384.03,8.8,240,Approved,Active,975715.89
L001661,C01192,BR005,Personal,26-01-2024,790924.23,14.62,24,Pending,Under Review,231266.24
L001662,C00852,BR010,Business,21-05-2025,1577220.97,8.32,48,Approved,Active,524899.14
L001663,C02966,BR003,Business,18-07-2025,2004946.48,13.63,60,Approved,Active,1366371.03
L001664,C00499,BR006,Education,31-08-2023,238893.78,10.06,120,Rejected,Rejected,240327.14
L001665,C01173,BR002,Business,02-01-2025,1995987.96,8.17,84,Approved,Active,1141505.51
L001666,C00464,BR007,Personal,09-08-2023,407967.73,13.95,84,Approved,Active,398380.49
L001667,C02818,BR011,Business,06-12-2024,2115534.33,14.6,240,Approved,Active,6177360.24
L001668,C02473,BR007,Personal,15-12-2023,786730.6,13.18,84,Rejected,Rejected,725837.65
L001669,C01456,BR007,Home,06-02-2024,1393224.43,12.28,48,Approved,Active,684351.84
L001670,C01833,BR015,Personal,26-01-2024,115243.31,7.88,24,Approved,Closed,18162.35
L001671,C00250,BR003,Home,28-09-2024,1629543.54,10.16,24,Approved,Defaulted,331123.25
L001672,C02178,BR004,Business,13-11-2023,677087.07,8.45,36,Approved,Active,171641.57
L001673,C00373,BR006,Auto,15-05-2023,257463.67,11.13,12,Approved,Active,28655.71
L001674,C01431,BR014,Auto,25-07-2023,148861.65,10.69,36,Approved,Active,47739.93
L001675,C02444,BR012,Auto,26-10-2024,1162116.99,8.1,12,Approved,Active,94131.48
L001676,C02690,BR005,Personal,05-08-2023,336019.55,8.77,12,Approved,Active,29468.91
L001677,C02657,BR005,Personal,16-07-2024,867468.76,14.12,12,Rejected,Rejected,122486.59
L001678,C02863,BR005,Auto,25-05-2024,693368.75,11.58,84,Approved,Active,562044.71
L001679,C01109,BR007,Personal,03-02-2023,896634.99,11.14,48,Rejected,Rejected,399540.55
L001680,C02219,BR004,Personal,31-10-2024,677663.92,9.73,120,Approved,Active,659366.99
L001681,C01223,BR005,Education,21-07-2023,444675.55,13.03,60,Approved,Active,289706.12
L001682,C02880,BR003,Education,30-04-2025,152772.85,10.88,240,Approved,Active,332433.72
L001683,C02966,BR003,Home,21-07-2025,1974547.58,8.18,12,Rejected,Rejected,161517.99
L001684,C02833,BR014,Education,25-01-2025,432232.53,8,240,Pending,Under Review,691572.05
L001685,C01915,BR008,Auto,26-06-2024,261328.86,7.46,24,Approved,Active,38990.27
L001686,C00431,BR001,Auto,24-11-2024,410211.25,11.49,180,Approved,Closed,706999.09
L001687,C02445,BR008,Home,13-04-2023,2069022.48,11.02,240,Approved,Defaulted,4560125.55
L001688,C01694,BR005,Auto,17-10-2023,1149506.41,9.47,24,Rejected,Rejected,217716.51
L001689,C00157,BR010,Auto,15-05-2024,1078245.18,7.42,240,Approved,Active,1600115.85
L001690,C02143,BR005,Personal,03-06-2023,260008.29,12.04,36,Approved,Active,93914.99
L001691,C00989,BR008,Business,29-07-2023,2333365.89,11.02,60,Approved,Active,1285684.61
L001692,C00917,BR002,Auto,26-07-2023,1002216.93,10.49,180,Approved,Active,1576988.34
L001693,C02278,BR014,Home,24-02-2024,2516254.81,13.74,24,Approved,Closed,691466.82
L001694,C01708,BR014,Home,11-07-2025,2614735.71,12.9,12,Approved,Active,337300.91
L001695,C00039,BR007,Home,14-11-2024,953340.86,13.01,12,Rejected,Rejected,124029.65
L001696,C00704,BR005,Education,11-08-2024,338227.25,9.14,180,Approved,Defaulted,463709.56
L001697,C00220,BR005,Home,14-11-2024,930406.98,10.86,48,Pending,Under Review,404168.79
L001698,C02322,BR010,Auto,28-08-2024,1113653.61,12.35,120,Approved,Closed,1375362.21
L001699,C00756,BR011,Personal,12-08-2024,532235.4,8.59,12,Approved,Closed,45719.02
L001700,C00651,BR009,Home,21-11-2025,2482960.13,10.38,36,Approved,Active,773193.78
L001701,C02877,BR006,Home,20-08-2025,2914254.87,11.29,120,Approved,Active,3290193.75
L001702,C01778,BR008,Personal,13-01-2023,744894.38,7.7,120,Pending,Under Review,573568.67
L001703,C01954,BR006,Auto,01-01-2024,1009610.49,9.84,84,Approved,Active,695419.71
L001704,C02607,BR005,Business,11-07-2025,1796683.68,12.93,36,Approved,Active,696933.6
L001705,C00891,BR015,Home,14-12-2025,2726318.17,8.73,240,Approved,Active,4760151.52
L001706,C02712,BR005,Personal,08-12-2025,421462.98,14.46,240,Pending,Under Review,1218870.94
L001707,C02356,BR003,Auto,04-05-2024,973310.27,8.75,48,Approved,Active,340658.59
L001708,C00939,BR006,Business,01-08-2023,2310197.57,8.28,48,Rejected,Rejected,765137.44
L001709,C02463,BR006,Business,08-12-2024,2435165.58,13.66,84,Approved,Active,2328505.33
L001710,C00919,BR012,Auto,24-04-2024,817773.26,7.65,48,Approved,Closed,250238.62
L001711,C01404,BR001,Personal,17-11-2024,654457.5,13.7,180,Pending,Under Review,1344910.16
L001712,C00468,BR009,Auto,19-12-2024,883745.06,10.19,60,Approved,Active,450268.11
L001713,C02026,BR004,Business,07-12-2023,1882429.28,13.37,84,Approved,Active,1761765.56
L001714,C01266,BR006,Home,08-11-2025,2625445.83,13.38,84,Approved,Closed,2458992.56
L001715,C00291,BR005,Personal,02-11-2023,185355.95,11.55,84,Approved,Active,149860.29
L001716,C02616,BR012,Education,19-03-2025,52180.57,7.72,180,Rejected,Rejected,60425.1
L001717,C01067,BR006,Business,18-12-2023,377993.91,10.98,24,Approved,Defaulted,83007.46
L001718,C00082,BR011,Business,11-04-2024,2225519.3,7.75,24,Approved,Active,344955.49
L001719,C01221,BR001,Home,14-05-2024,1696194.45,7.69,84,Approved,Defaulted,913061.47
L001720,C01443,BR009,Personal,13-09-2024,534344.74,12.48,36,Pending,Under Review,200058.67
L001721,C01382,BR001,Business,30-11-2024,1972059.95,10.08,36,Approved,Active,596350.93
L001722,C02651,BR007,Business,14-02-2024,2095179.49,7.66,36,Approved,Active,481472.25
L001723,C00978,BR001,Personal,09-11-2025,254836.23,10.43,240,Approved,Defaulted,531588.38
L001724,C01238,BR003,Education,31-07-2024,604417.44,13.2,60,Rejected,Rejected,398915.51
L001725,C01395,BR008,Personal,03-07-2025,617078.84,14.38,240,Rejected,Rejected,1774718.74
L001726,C01745,BR002,Home,06-06-2024,1493555.09,9.4,24,Pending,Under Review,280788.36
L001727,C00248,BR004,Auto,21-05-2023,572531.3,13.32,24,Approved,Closed,152522.34
L001728,C02784,BR005,Education,24-01-2023,579398.24,12.02,180,Approved,Closed,1044655.03
L001729,C02450,BR010,Personal,14-10-2025,523045.17,7.3,240,Approved,Closed,763645.95
L001730,C02542,BR008,Business,29-07-2024,391414.86,11.61,48,Approved,Active,181773.06
L001731,C01212,BR001,Business,14-09-2024,2021595.69,7.82,240,Approved,Closed,3161775.66
L001732,C02336,BR015,Personal,09-01-2023,377845.08,13.68,84,Rejected,Rejected,361824.45
L001733,C01638,BR004,Personal,06-02-2025,694505.31,10.69,60,Approved,Active,371213.09
L001734,C01672,BR009,Education,26-10-2024,132455.27,13.28,60,Approved,Active,87950.3
L001735,C01653,BR014,Personal,13-07-2023,533501.53,13.41,12,Approved,Active,71542.56
L001736,C00796,BR008,Business,14-01-2024,2256497.4,10.3,240,Approved,Active,4648384.64
L001737,C00575,BR008,Business,27-07-2024,1930588.48,9.17,24,Approved,Active,354069.93
L001738,C02053,BR007,Auto,27-11-2025,756005.07,9.62,12,Pending,Under Review,72727.69
L001739,C01745,BR002,Education,10-05-2023,220783.29,8.22,24,Rejected,Rejected,36296.77
L001740,C01252,BR004,Home,06-09-2025,945752.31,10.37,36,Approved,Active,294223.54
L001741,C02952,BR007,Home,21-04-2023,1146574.9,11.83,48,Approved,Active,542559.24
L001742,C02584,BR008,Home,12-08-2024,1396909.8,13.95,24,Approved,Closed,389737.83
L001743,C00140,BR005,Home,20-08-2025,1721636.14,12.11,12,Approved,Active,208490.14
L001744,C01428,BR011,Personal,06-06-2025,728146.98,10.61,84,Approved,Active,540794.76
L001745,C02241,BR002,Auto,16-10-2023,383525.6,8.92,12,Approved,Active,34210.48
L001746,C02824,BR005,Home,27-09-2024,2909037.92,10.6,48,Approved,Closed,1233432.08
L001747,C00842,BR004,Personal,10-06-2024,187596.99,13.78,84,Pending,Under Review,180956.06
L001748,C02692,BR012,Personal,20-09-2024,453487.32,9.36,60,Approved,Active,212232.07
L001749,C02579,BR009,Personal,04-10-2025,774199.59,11.83,84,Rejected,Rejected,641114.68
L001750,C02456,BR006,Education,23-06-2025,477678.17,11.79,60,Rejected,Rejected,281591.28
L001751,C01458,BR006,Auto,09-02-2023,245280.29,11.86,240,Approved,Active,581804.85
L001752,C01328,BR011,Personal,30-06-2023,500622.88,10.41,120,Approved,Active,521148.42
L001753,C02591,BR011,Personal,29-05-2025,330454.92,13.87,60,Approved,Defaulted,229170.49
L001754,C01705,BR012,Auto,01-08-2024,962415.32,12.92,180,Approved,Active,1865160.89
L001755,C01383,BR005,Personal,02-12-2025,763741.95,11.65,240,Approved,Closed,1779518.74
L001756,C00762,BR015,Auto,29-10-2023,626290.57,9.33,240,Pending,Under Review,1168658.2
L001757,C00925,BR012,Personal,28-12-2025,823171.23,8.74,60,Approved,Active,359725.83
L001758,C00071,BR006,Personal,24-05-2025,51450.18,12.76,240,Approved,Active,131300.86
L001759,C02074,BR002,Business,16-05-2023,2499092.49,9.56,36,Approved,Active,716739.73
L001760,C01748,BR008,Business,22-09-2025,587987.49,10.82,84,Approved,Active,445341.72
L001761,C00498,BR012,Personal,28-08-2024,371814.2,14.34,60,Approved,Active,266590.78
L001762,C01649,BR008,Business,12-12-2024,1150840.82,11.09,36,Approved,Closed,480245.87
L001763,C00119,BR007,Business,12-07-2025,1162302.79,10.01,84,Approved,Defaulted,814425.56
L001764,C01762,BR005,Business,04-03-2024,2123311.59,13.82,84,Approved,Active,2054091.63
L001765,C01452,BR007,Personal,16-05-2023,610477.15,9.57,120,Rejected,Rejected,584226.63
L001766,C02370,BR005,Business,01-10-2024,2197307.84,13.49,48,Approved,Active,1185667.31
L001767,C00205,BR008,Personal,13-07-2024,88195.63,7.45,240,Approved,Active,131411.49
L001768,C00074,BR005,Personal,18-11-2024,273788.04,11.39,240,Approved,Closed,623689.16
L001769,C00062,BR002,Home,24-08-2025,905557.39,11.5,24,Approved,Active,208278.2
L001770,C01883,BR006,Personal,09-08-2023,774697.4,8.18,180,Pending,Under Review,950553.71
L001771,C02568,BR010,Personal,15-10-2023,138634.67,11.95,120,Approved,Active,165668.43
L001772,C00293,BR005,Education,21-05-2025,117211.15,12.42,60,Approved,Active,72788.12
L001773,C00085,BR005,Personal,15-02-2023,731049.82,10.48,84,Approved,Active,536298.15
L001774,C01855,BR005,Business,21-04-2024,2390586.4,10.79,24,Approved,Active,515888.55
L001775,C02200,BR006,Education,14-02-2025,323671.98,12.73,12,Approved,Closed,41203.44
L001776,C00488,BR001,Home,07-01-2023,2807781.48,8.37,36,Approved,Active,705033.93
L001777,C00380,BR011,Business,20-03-2025,1116598.57,13.02,48,Approved,Defaulted,581524.54
L001778,C02792,BR003,Business,06-02-2025,613789.46,7.9,60,Approved,Active,242446.84
L001779,C02207,BR009,Home,30-07-2024,2280865.32,8.49,84,Approved,Closed,1355518.26
L001780,C02701,BR006,Personal,15-08-2025,148176.57,12.67,48,Approved,Active,75095.89
L001781,C01388,BR012,Personal,29-12-2023,851466.29,13.98,24,Approved,Closed,238069.97
L001782,C02973,BR007,Personal,26-04-2023,105413.17,11.5,84,Rejected,Rejected,84857.6
L001783,C01330,BR005,Personal,02-07-2024,732518.83,9.3,240,Approved,Closed,1362485.02
L001784,C01012,BR006,Home,04-09-2023,2319573.05,9.83,48,Rejected,Rejected,912056.12
L001785,C00676,BR009,Auto,04-05-2025,697640.51,13.93,24,Approved,Closed,194362.65
L001786,C01086,BR015,Auto,02-04-2023,693454.27,10.72,24,Approved,Closed,148676.6
L001787,C02801,BR015,Home,12-05-2025,1713772.48,13.79,48,Rejected,Rejected,945316.9
L001788,C02918,BR015,Business,09-02-2025,1170238.59,13.4,60,Approved,Active,784059.86
L001789,C00264,BR002,Auto,03-05-2024,279448.87,9.31,60,Approved,Defaulted,130083.45
L001790,C00560,BR003,Personal,28-03-2024,832800.33,7.93,24,Rejected,Rejected,132082.13
L001791,C01646,BR003,Home,28-11-2023,2199071.83,12.25,120,Pending,Under Review,2693862.99
L001792,C01836,BR005,Personal,28-10-2024,283640.58,11.45,12,Rejected,Rejected,32476.85
L001793,C01943,BR002,Personal,20-07-2023,226525.3,13.39,48,Pending,Under Review,121326.95
L001794,C00525,BR002,Personal,28-01-2024,521539.58,11.61,84,Approved,Closed,423855.22
L001795,C01568,BR004,Personal,22-07-2024,363042.52,11.25,120,Approved,Closed,408422.84
L001796,C00301,BR007,Home,10-06-2024,1206299.21,14.62,48,Approved,Active,705443.78
L001797,C01326,BR006,Personal,27-04-2024,64638.29,14.45,48,Approved,Active,37360.93
L001798,C01150,BR005,Business,20-02-2023,1143690.08,7.28,84,Approved,Active,582824.46
L001799,C02986,BR001,Auto,07-09-2023,840048.06,10.33,84,Approved,Active,607438.75
L001800,C02107,BR002,Education,18-04-2024,695436.14,10.71,24,Approved,Active,148962.42
L001801,C00331,BR008,Home,19-10-2024,744439.71,10.76,180,Approved,Closed,1201525.69
L001802,C01157,BR001,Personal,11-03-2023,247881.41,8.22,180,Pending,Under Review,305637.78
L001803,C01441,BR005,Personal,12-07-2025,503356.12,10.1,48,Rejected,Rejected,203355.87
L001804,C01043,BR015,Home,31-12-2023,897514.88,9.3,180,Approved,Closed,1252033.26
L001805,C02321,BR005,Home,05-05-2025,1630760.94,10.24,36,Approved,Active,500969.76
L001806,C01972,BR007,Home,05-07-2025,2729691.85,14,180,Rejected,Rejected,5732352.89
L001807,C01353,BR002,Business,21-08-2024,809421.87,10.76,48,Rejected,Rejected,348375.17
L001808,C00229,BR012,Home,15-10-2024,1304482.62,13.09,36,Approved,Closed,512270.32
L001809,C00996,BR002,Personal,14-01-2024,255767.29,8.23,120,Approved,Closed,210496.48
L001810,C02781,BR008,Home,18-11-2023,2999570.87,14.71,120,Approved,Closed,4412368.75
L001811,C00012,BR006,Personal,21-01-2024,407396.25,13.51,60,Rejected,Rejected,275196.17
L001812,C02679,BR007,Business,17-07-2024,1252229.34,11.5,36,Approved,Active,432019.12
L001813,C00479,BR013,Auto,09-04-2024,1021521.82,8.03,24,Approved,Active,164056.4
L001814,C00167,BR005,Personal,02-08-2024,670259.04,12.2,60,Approved,Defaulted,408858.01
L001815,C00548,BR005,Personal,15-03-2025,145147.8,8.04,240,Approved,Active,233397.66
L001816,C01032,BR005,Business,18-02-2025,458853.75,12.15,36,Approved,Active,167252.19
L001817,C00346,BR005,Business,19-03-2024,1346505.89,12.7,120,Approved,Active,1710062.48
L001818,C02012,BR003,Auto,26-04-2023,647897.77,13.64,120,Pending,Under Review,883732.56
L001819,C02194,BR003,Home,13-05-2024,1882970.54,14.73,240,Rejected,Rejected,5547231.21
L001820,C00361,BR007,Business,27-10-2025,882264.41,12.32,84,Rejected,Rejected,760864.83
L001821,C00652,BR008,Personal,02-11-2024,514681.1,10.15,84,Approved,Active,365680.92
L001822,C00167,BR005,Auto,16-12-2025,348487.87,14.46,120,Approved,Active,503913.46
L001823,C01244,BR002,Personal,09-10-2024,377690.85,10.46,84,Approved,Active,276545.24
L001824,C02741,BR005,Business,21-12-2023,2132578.88,13.41,180,Approved,Closed,4289682.42
L001825,C02016,BR008,Business,26-10-2023,794680.57,10.02,60,Approved,Active,398134.97
L001826,C02593,BR007,Auto,12-03-2025,266697.98,13.17,120,Pending,Under Review,351241.24
L001827,C01500,BR013,Business,11-10-2025,1055834.17,12.54,60,Approved,Active,662008.02
L001828,C00142,BR008,Home,04-08-2024,1790911.52,9.95,84,Approved,Active,1247369.87
L001829,C00165,BR001,Auto,25-10-2023,471165.02,7.67,240,Approved,Active,722767.14
L001830,C02239,BR015,Personal,03-01-2025,281821.59,7.32,84,Approved,Active,144405.38
L001831,C00447,BR007,Home,14-04-2024,1033670.3,11.36,60,Rejected,Rejected,587124.73
L001832,C01119,BR011,Personal,27-11-2025,863918.46,13.99,60,Approved,Closed,604310.96
L001833,C00923,BR005,Auto,29-10-2025,546435.48,8.21,180,Rejected,Rejected,672935.29
L001834,C02304,BR003,Personal,15-07-2024,886341.94,9.4,12,Approved,Active,83316.14
L001835,C01577,BR005,Business,25-04-2025,984858.28,14.1,84,Rejected,Rejected,972055.12
L001836,C00721,BR003,Personal,07-04-2023,709455.32,12.97,12,Rejected,Rejected,92016.36
L001837,C00888,BR010,Personal,16-05-2023,784577.95,11.86,60,Approved,Active,465254.72
L001838,C00906,BR008,Personal,24-07-2025,306940.23,11.73,240,Approved,Active,720081.78
L001839,C01626,BR013,Personal,29-06-2023,499505.23,10.8,84,Approved,Active,377625.95
L001840,C01390,BR012,Business,25-09-2025,1130704.99,11.82,120,Approved,Active,1336493.3
L001841,C02549,BR008,Home,08-12-2023,2101239.7,7.63,84,Approved,Active,1122272.12
L001842,C02096,BR003,Auto,30-01-2025,823309.97,7.29,120,Rejected,Rejected,600192.97
L001843,C00483,BR011,Business,17-08-2023,2477748.46,10.69,12,Rejected,Rejected,264871.31
L001844,C00919,BR012,Business,01-01-2023,1861111.61,8.29,240,Approved,Active,3085723.05
L001845,C02174,BR001,Personal,20-11-2023,249005.71,11.59,24,Approved,Active,57719.52
L001846,C01500,BR013,Home,22-06-2024,2650839.8,12.78,180,Rejected,Rejected,5081659.9
L001847,C02135,BR005,Personal,15-01-2024,376549.07,13.79,84,Approved,Active,363482.82
L001848,C00180,BR007,Personal,12-08-2025,262404,11.14,120,Rejected,Rejected,292318.06
L001849,C00595,BR005,Auto,08-02-2023,689282.54,11.33,36,Rejected,Rejected,234287.14
L001850,C02840,BR005,Personal,24-11-2024,378888.38,11.22,48,Approved,Active,170045.1
L001851,C02895,BR012,Education,13-11-2023,93439.31,7.32,24,Approved,Closed,13679.51
L001852,C00868,BR005,Education,15-05-2023,646200.43,12.58,12,Approved,Active,81292.01
L001853,C00393,BR005,Personal,08-03-2023,856564.14,10.96,120,Approved,Active,938794.3
L001854,C00731,BR007,Personal,16-08-2025,72939.59,7.94,60,Rejected,Rejected,28957.02
L001855,C01266,BR006,Education,02-11-2023,301515.5,11.3,48,Approved,Active,136285.01
L001856,C02386,BR005,Auto,10-10-2024,1183324.6,12.27,120,Approved,Closed,1451939.28
L001857,C01548,BR006,Home,21-03-2024,2880952.67,11.87,60,Approved,Active,1709845.41
L001858,C02322,BR010,Personal,14-04-2023,275521.21,10.03,48,Approved,Closed,110539.11
L001859,C02333,BR011,Personal,07-06-2023,360507.97,13.68,120,Approved,Active,493174.9
L001860,C00991,BR015,Business,28-02-2024,1577890.32,9.58,240,Rejected,Rejected,3023237.85
L001861,C01647,BR012,Business,17-04-2024,2241149.63,8.65,180,Approved,Closed,2907891.64
L001862,C02732,BR013,Personal,21-08-2023,138436.57,11.46,84,Rejected,Rejected,111053.82
L001863,C01921,BR004,Business,10-11-2023,2304977.92,7.59,36,Approved,Active,524843.47
L001864,C00441,BR005,Home,18-03-2024,1548252.57,8.01,84,Approved,Active,868105.22
L001865,C01288,BR006,Education,17-03-2024,298795,9.94,24,Approved,Defaulted,59400.45
L001866,C01124,BR010,Auto,25-11-2025,1126269.19,7.28,84,Approved,Active,573946.78
L001867,C01644,BR012,Home,12-11-2025,1314418.43,8.28,24,Rejected,Rejected,217667.69
L001868,C00232,BR005,Personal,23-01-2024,337307.87,11.45,48,Approved,Active,154487
L001869,C00746,BR002,Home,07-12-2023,1006157.35,7.78,24,Approved,Active,156558.08
L001870,C02093,BR014,Personal,29-02-2024,483347.52,9.11,48,Approved,Active,176131.84
L001871,C02578,BR006,Home,26-11-2025,2091276.41,11.36,240,Approved,Closed,4751380
L001872,C02708,BR004,Auto,17-12-2025,384295.15,12.13,120,Approved,Active,466150.02
L001873,C01574,BR002,Home,23-10-2023,2729139.2,12.73,60,Pending,Under Review,1737097.1
L001874,C02069,BR012,Home,24-10-2025,1450734.32,7.42,84,Approved,Active,753511.41
L001875,C02167,BR014,Personal,18-10-2024,637819.83,7.72,36,Approved,Active,147719.07
L001876,C02563,BR006,Auto,17-02-2025,997256.11,10.05,24,Approved,Active,200448.48
L001877,C02386,BR005,Auto,27-10-2023,186443.93,10.11,60,Rejected,Rejected,94247.41
L001878,C01900,BR007,Education,20-06-2025,174457.09,12.75,24,Approved,Active,44486.56
L001879,C02395,BR007,Business,13-05-2023,2291496.31,9.55,120,Approved,Active,2188378.98
L001880,C00054,BR005,Education,26-03-2025,301260.88,8.7,36,Approved,Active,78629.09
L001881,C00039,BR007,Business,04-11-2023,1669374.78,11.51,36,Approved,Active,576435.11
L001882,C01531,BR005,Education,12-10-2023,613352.18,9.92,84,Rejected,Rejected,425911.75
L001883,C02805,BR004,Business,05-05-2025,886101.18,7.79,84,Approved,Active,483190.97
L001884,C01037,BR009,Education,10-05-2025,321452.91,13.47,48,Approved,Defaulted,173198.83
L001885,C01109,BR007,Personal,22-07-2025,834398.73,9.32,48,Approved,Closed,311063.85
L001886,C02879,BR014,Personal,03-05-2024,873579.8,7.62,24,Rejected,Rejected,133133.56
L001887,C01235,BR011,Personal,15-02-2025,339215.37,12.19,12,Approved,Closed,41350.35
L001888,C02320,BR010,Personal,19-06-2024,200190.22,8.91,240,Approved,Active,356738.97
L001889,C00557,BR005,Auto,20-10-2023,1134563.46,8.12,36,Approved,Active,276379.66
L001890,C02685,BR005,Education,31-01-2025,163059.09,8.43,36,Approved,Active,41237.64
L001891,C00910,BR006,Personal,10-12-2024,300093.42,14.47,240,Approved,Active,868470.36
L001892,C02011,BR006,Business,17-02-2025,1161128.48,10.01,48,Approved,Active,464915.84
L001893,C01640,BR011,Personal,09-06-2025,641107.36,11.91,84,Rejected,Rejected,534491.21
L001894,C00930,BR005,Home,05-09-2025,777321.24,11.48,84,Pending,Under Review,624655.35
L001895,C01868,BR005,Personal,28-08-2025,339990.91,10.32,36,Rejected,Rejected,105261.19
L001896,C02781,BR008,Education,05-02-2025,479836.32,10.9,60,Approved,Active,261510.79
L001897,C02295,BR010,Home,28-11-2025,1981005.12,8.86,180,Approved,Closed,2632755.8
L001898,C02593,BR007,Auto,03-11-2024,809243.77,8.76,36,Pending,Under Review,212669.26
L001899,C02305,BR001,Education,21-11-2023,288024.04,8.33,36,Rejected,Rejected,71977.21
L001900,C01017,BR001,Personal,26-03-2025,854492.93,11.56,48,Rejected,Rejected,395117.53
L001901,C01230,BR001,Education,26-09-2025,90244.2,9.24,180,Approved,Active,125078.46
L001902,C02769,BR001,Business,15-05-2025,450924.74,9.29,36,Approved,Closed,125672.73
L001903,C01906,BR003,Auto,09-08-2024,143520.94,13.49,240,Rejected,Rejected,387219.5
L001904,C01029,BR002,Personal,01-04-2024,359730.83,11.78,24,Approved,Closed,84752.58
L001905,C01766,BR012,Business,24-02-2025,817344.95,9.58,36,Approved,Active,234904.94
L001906,C02044,BR007,Personal,14-06-2024,152198.66,14.73,240,Approved,Active,448377.25
L001907,C01281,BR005,Personal,08-08-2023,836970.58,13.47,60,Approved,Defaulted,563699.69
L001908,C01977,BR007,Auto,08-08-2024,825046.53,9.02,60,Approved,Defaulted,372095.99
L001909,C02286,BR008,Business,24-03-2024,2021685.11,13.51,240,Rejected,Rejected,5462593.17
L001910,C00709,BR003,Home,25-05-2025,2936655.07,14.7,240,Approved,Closed,8633765.91
L001911,C00158,BR013,Home,27-11-2023,1903165.32,13.78,120,Rejected,Rejected,2622561.81
L001912,C02974,BR009,Auto,15-04-2025,717945.84,8.56,24,Approved,Active,122912.33
L001913,C02788,BR002,Personal,31-05-2024,135030.53,10.44,12,Approved,Active,14097.19
L001914,C02276,BR001,Business,02-06-2024,1633567.1,11.6,36,Approved,Active,568481.35
L001915,C01089,BR006,Auto,22-06-2024,588443.5,11.87,60,Approved,Active,349241.22
L001916,C02653,BR007,Personal,24-04-2025,763645.92,11.06,12,Approved,Active,84459.24
L001917,C01392,BR003,Business,19-07-2023,2311553.02,9.06,120,Approved,Defaulted,2094267.04
L001918,C01111,BR010,Home,30-04-2025,2300347.15,13.26,36,Rejected,Rejected,915078.1
L001919,C02261,BR009,Education,17-05-2024,135820.32,9.03,48,Approved,Active,49058.3
L001920,C02878,BR006,Home,08-02-2025,713238.34,8.72,36,Approved,Active,186583.15
L001921,C02623,BR013,Personal,19-09-2024,717144.88,11.16,84,Approved,Active,560233.58
L001922,C01315,BR008,Education,27-07-2023,535769.07,14.58,12,Pending,Under Review,78115.13
L001923,C00821,BR006,Home,07-08-2023,2917587.9,14.4,180,Approved,Active,6301989.86
L001924,C01014,BR005,Personal,09-12-2023,179074.74,7.67,180,Approved,Active,206025.49
L001925,C01533,BR010,Personal,27-10-2025,474665.74,11.99,240,Rejected,Rejected,1138248.44
L001926,C00976,BR015,Personal,14-12-2024,177454.17,12.13,24,Approved,Active,43050.38
L001927,C01341,BR001,Home,07-05-2025,1737737.2,14.73,24,Rejected,Rejected,511937.38
L001928,C01720,BR001,Home,11-12-2023,1136518.62,11.1,84,Approved,Active,883074.97
L001929,C00180,BR007,Home,07-01-2023,1151724.19,9.99,180,Rejected,Rejected,1725858.7
L001930,C02249,BR008,Personal,02-12-2024,520683.42,14.08,120,Approved,Active,733122.26
L001931,C02548,BR004,Auto,23-11-2024,975898.29,7.8,48,Approved,Closed,304480.27
L001932,C02542,BR008,Auto,22-03-2025,956940.12,8.39,12,Rejected,Rejected,80287.28
L001933,C00613,BR001,Auto,02-04-2024,787545.12,13.44,60,Approved,Defaulted,529230.32
L001934,C01739,BR002,Business,01-07-2025,1536611.88,9.6,36,Approved,Closed,442544.22
L001935,C00274,BR015,Personal,14-07-2024,789001.35,11.99,12,Approved,Closed,94601.26
L001936,C00771,BR002,Home,03-08-2024,1232617.32,10.22,120,Approved,Active,1259734.9
L001937,C02370,BR005,Business,02-05-2024,1982659.16,9.11,84,Approved,Active,1264341.75
L001938,C00088,BR006,Auto,09-06-2024,841315.87,12.44,36,Rejected,Rejected,313979.08
L001939,C01490,BR008,Auto,26-04-2024,330882.77,13.58,120,Approved,Active,449338.8
L001940,C02695,BR015,Auto,09-03-2024,1039638.9,13.52,240,Approved,Active,2811183.59
L001941,C02365,BR001,Business,13-07-2024,1783477.38,11.11,36,Approved,Active,594433.01
L001942,C00213,BR011,Business,21-02-2025,472035.46,7.84,24,Rejected,Rejected,74015.16
L001943,C01563,BR014,Personal,29-09-2023,234987.06,13.81,60,Approved,Active,162258.56
L001944,C00843,BR013,Education,09-03-2025,156513.57,13.53,60,Approved,Active,105881.43
L001945,C00081,BR015,Personal,26-12-2024,352627.27,8.05,84,Approved,Active,198705.47
L001946,C00342,BR009,Home,18-05-2023,2854790.16,12.69,84,Approved,Active,2535910.1
L001947,C00990,BR007,Home,03-03-2025,901304.5,13.2,84,Approved,Closed,832805.36
L001948,C01297,BR012,Auto,22-12-2025,351083.36,13.61,48,Approved,Active,191129.78
L001949,C02573,BR013,Personal,30-06-2024,229138.46,11.09,36,Rejected,Rejected,97269.28
L001950,C02833,BR014,Business,28-07-2024,490904.82,14.41,60,Approved,Closed,353696.92
L001951,C02886,BR014,Education,13-01-2025,557269.49,11.95,12,Approved,Closed,66593.7
L001952,C02603,BR006,Home,01-06-2025,1867651.95,11.85,60,Pending,Under Review,1106583.78
L001953,C00451,BR001,Business,27-09-2024,793584.14,9.38,84,Approved,Active,521067.35
L001954,C01413,BR015,Home,12-08-2023,1667929.31,11.71,84,Rejected,Rejected,1367201.66
L001955,C00855,BR005,Home,19-12-2025,673532.57,12.08,48,Approved,Closed,325450.94
L001956,C02287,BR013,Personal,22-10-2024,185674.96,13.37,48,Approved,Closed,99298.97
L001957,C00612,BR004,Business,25-08-2024,1880144.68,12.24,120,Approved,Closed,2301297.09
L001958,C00681,BR012,Home,11-11-2023,2067082.41,13.25,240,Rejected,Rejected,5477768.39
L001959,C01135,BR004,Home,12-05-2025,2977227.89,9,240,Approved,Active,5359010.2
L001960,C02667,BR007,Auto,07-12-2025,126930.2,12.12,180,Approved,Closed,230759.1
L001961,C02886,BR014,Personal,23-07-2025,868547.65,9.25,12,Pending,Under Review,80340.66
L001962,C00358,BR008,Education,23-09-2025,599791.9,9.6,84,Approved,Active,403060.16
L001963,C00054,BR005,Education,15-10-2024,202565.17,10.15,48,Approved,Active,82241.46
L001964,C01988,BR004,Personal,04-06-2024,465534.77,9.63,60,Rejected,Rejected,224154.99
L001965,C00639,BR013,Personal,20-10-2024,312861.96,8.56,24,Approved,Active,53561.97
L001966,C00131,BR008,Auto,05-03-2023,1124534.78,14.23,120,Approved,Active,1600212.99
L001967,C01675,BR011,Auto,07-01-2024,1078515.36,10.69,120,Approved,Active,1152932.92
L001968,C01243,BR011,Business,28-12-2024,1519245.54,13.85,60,Approved,Active,1052077.54
L001969,C02557,BR014,Auto,27-04-2024,616997.47,11.09,12,Approved,Closed,63982.64
L001970,C00797,BR005,Business,25-06-2025,2181746.73,10.04,84,Approved,Active,1533331.6
L001971,C02398,BR002,Business,27-10-2024,1622220.9,14.49,60,Approved,Closed,1175299.04
L001972,C01958,BR012,Home,12-10-2023,2890617.58,14.62,48,Approved,Active,1690433.16
L001973,C00119,BR007,Personal,17-11-2023,100717.71,8.45,36,Approved,Active,25531.94
L001974,C02965,BR008,Education,02-04-2024,635513.89,7.59,120,Rejected,Rejected,482355.04
L001975,C01130,BR001,Business,27-04-2024,2207563.74,12.62,84,Rejected,Rejected,1950161.81
L001976,C01069,BR009,Personal,19-01-2024,427976.15,9.26,12,Approved,Closed,39630.59
L001977,C00653,BR006,Personal,25-06-2024,325448.73,12.81,48,Approved,Closed,166759.93
L001978,C02732,BR013,Auto,10-06-2024,309470.86,11.04,12,Rejected,Rejected,34165.58
L001979,C02693,BR005,Personal,13-03-2025,509556.69,10.49,120,Approved,Active,534524.97
L001980,C01831,BR010,Auto,24-01-2023,970721.54,10.2,120,Approved,Active,990135.97
L001981,C02108,BR004,Personal,10-08-2024,545033.16,12.72,36,Approved,Closed,207984.65
L001982,C02633,BR014,Auto,21-12-2025,764884.79,13.34,120,Rejected,Rejected,1020356.31
L001983,C01368,BR014,Personal,17-01-2024,186888.71,11.64,36,Approved,Active,65261.54
L001984,C01107,BR015,Education,25-12-2024,327273.47,10.35,24,Rejected,Rejected,67745.61
L001985,C01025,BR011,Personal,15-04-2025,666072.38,10.22,48,Approved,Active,272290.39
L001986,C01546,BR007,Auto,16-07-2025,931708.46,9.4,84,Approved,Active,613064.17
L001987,C01986,BR003,Auto,12-11-2025,895629.75,10.43,60,Approved,Active,467070.91
L001988,C00240,BR005,Personal,30-08-2024,226194.17,12.33,120,Approved,Active,278897.41
L001989,C00782,BR001,Home,20-11-2025,2630696.67,10.24,240,Approved,Active,5387666.78
L001990,C00681,BR012,Home,21-09-2024,989178.61,9.6,48,Approved,Active,379844.59
L001991,C00143,BR006,Business,30-10-2023,1944985.25,13.11,84,Approved,Closed,1784912.96
L001992,C00322,BR011,Business,17-05-2023,1442162.84,13.4,240,Approved,Closed,3864996.41
L001993,C01190,BR008,Auto,03-03-2024,998806.25,10.57,180,Approved,Active,1583607.31
L001994,C01676,BR015,Personal,05-10-2024,810375.38,13.9,36,Pending,Under Review,337926.53
L001995,C02000,BR004,Home,26-01-2024,1649035.27,9.48,48,Approved,Active,625314.17
L001996,C00681,BR012,Auto,01-01-2025,1039603.53,7.77,60,Approved,Closed,403885.97
L001997,C01947,BR007,Home,12-03-2024,583790.73,11.69,36,Approved,Active,204735.41
L001998,C02520,BR005,Home,24-11-2023,1432838.51,11.6,24,Approved,Active,332418.53
L001999,C01907,BR006,Education,01-11-2024,551614.88,8.2,12,Approved,Active,45232.42
L002000,C01578,BR013,Auto,19-10-2023,115158.23,10.9,120,Approved,Active,125522.47
L002001,C00871,BR001,Business,31-01-2025,1935250.22,9.32,84,Approved,Active,1262557.24
L002002,C01161,BR001,Home,07-09-2023,869599.28,12,24,Approved,Active,208703.83
L002003,C01177,BR010,Auto,18-11-2025,650361.52,12.02,180,Rejected,Rejected,1172601.82
L002004,C00168,BR014,Education,28-01-2025,376118.68,11.91,12,Approved,Closed,44795.73
L002005,C02880,BR003,Auto,26-12-2023,207273.51,8.22,48,Approved,Active,68151.53
L002006,C01390,BR012,Personal,08-11-2024,117394.48,8.98,36,Approved,Closed,31626.07
L002007,C00915,BR001,Education,29-04-2024,212279.75,11.13,84,Approved,Active,165387.15
L002008,C01332,BR012,Personal,28-04-2023,445612,9.65,60,Approved,Active,215007.79
L002009,C00677,BR005,Personal,30-08-2023,241938.42,11.18,84,Rejected,Rejected,189341.01
L002010,C00333,BR007,Auto,01-04-2024,166858.76,8.82,120,Rejected,Rejected,147169.43
L002011,C01201,BR009,Home,18-06-2025,1219994.37,10.32,84,Approved,Active,881323.93
L002012,C02614,BR006,Personal,26-07-2025,749849.96,13.21,84,Approved,Closed,693386.26
L002013,C00413,BR001,Education,19-11-2025,194429.14,11.88,48,Pending,Under Review,92392.73
L002014,C00280,BR007,Auto,12-11-2024,163025.39,13.1,48,Approved,Active,85425.3
L002015,C01953,BR001,Home,12-07-2025,2718575.87,13.11,120,Rejected,Rejected,3564052.97
L002016,C00471,BR005,Personal,12-06-2025,644658.89,8.01,12,Approved,Defaulted,51637.18
L002017,C01108,BR015,Personal,12-05-2024,769510.94,9.1,48,Approved,Defaulted,280101.98
L002018,C01269,BR009,Business,28-04-2024,898806.76,11.87,24,Approved,Closed,213376.72
L002019,C01101,BR002,Personal,09-04-2024,567130.68,11.95,180,Approved,Active,1016581.74
L002020,C02627,BR012,Home,03-02-2025,2124711.45,10.7,24,Approved,Active,454688.25
L002021,C00029,BR002,Auto,19-04-2024,1000248.27,14.61,120,Approved,Active,1461362.72
L002022,C00515,BR004,Home,11-01-2024,2668717.23,12.64,120,Approved,Defaulted,3373258.58
L002023,C00377,BR006,Personal,01-02-2025,552047.63,7.94,60,Approved,Active,219162.91
L002024,C01954,BR006,Education,14-05-2024,551546.46,12.86,240,Pending,Under Review,1418577.5
L002025,C01250,BR006,Business,14-11-2025,2256456.28,9.62,120,Approved,Active,2170710.94
L002026,C00544,BR010,Business,27-02-2023,2240961.54,8.46,24,Approved,Active,379170.69
L002027,C00588,BR008,Personal,13-08-2024,792447.43,8.69,48,Approved,Active,275454.73
L002028,C01245,BR015,Home,20-12-2025,1781238.94,13.68,24,Approved,Closed,487346.97
L002029,C00650,BR015,Personal,13-11-2023,626686.14,11.49,12,Approved,Active,72006.24
L002030,C01751,BR013,Business,09-01-2024,1400812.93,10.4,24,Pending,Under Review,291369.09
L002031,C00645,BR015,Auto,08-12-2025,769054.24,11.26,180,Approved,Active,1298932.61
L002032,C00880,BR002,Education,29-05-2025,275358.95,14.46,60,Rejected,Rejected,199084.52
L002033,C01969,BR009,Auto,19-08-2023,766220.66,11.17,48,Approved,Closed,342347.39
L002034,C00577,BR008,Education,14-08-2023,252567.56,8.14,84,Approved,Active,143913
L002035,C00126,BR006,Home,03-10-2025,2062417.52,10.23,24,Approved,Defaulted,421970.62
L002036,C02700,BR005,Business,02-08-2024,1544073.79,8.21,120,Approved,Active,1267684.58
L002037,C02679,BR007,Education,20-10-2025,233563.95,9.52,48,Approved,Closed,88941.15
L002038,C01836,BR005,Auto,25-11-2024,1158397.04,14.07,24,Rejected,Rejected,325972.93
L002039,C01342,BR006,Personal,26-04-2023,221627.85,10.23,48,Approved,Active,90690.12
L002040,C01236,BR007,Education,12-10-2025,516907.82,13.9,12,Approved,Active,71850.19
L002041,C00391,BR013,Business,30-01-2025,350590.75,11.09,24,Approved,Closed,77761.03
L002042,C00890,BR013,Personal,01-11-2023,316630.66,8.29,36,Rejected,Rejected,78746.05
L002043,C00258,BR004,Business,26-11-2025,542340.15,7.75,48,Approved,Active,168125.45
L002044,C02942,BR005,Personal,30-09-2024,610858.88,9.97,12,Approved,Active,60902.63
L002045,C01649,BR008,Home,13-11-2025,2565617.71,11.28,60,Approved,Active,1447008.39
L002046,C01344,BR003,Personal,16-09-2024,128497.05,11.06,240,Approved,Active,284235.47
L002047,C01349,BR014,Personal,15-08-2025,692920.54,11.57,60,Rejected,Rejected,400854.53
L002048,C01642,BR013,Personal,04-04-2025,768286.77,12.16,120,Approved,Active,934236.71
L002049,C01992,BR006,Auto,12-12-2023,807904.5,13.59,240,Approved,Active,2195884.43
L002050,C02999,BR010,Business,10-12-2023,782485.68,11.45,240,Approved,Active,1791892.21
L002051,C01904,BR005,Home,02-02-2025,1190749.28,12.96,12,Approved,Active,154321.11
L002052,C02913,BR007,Education,08-01-2025,529051.06,8.72,84,Approved,Closed,322932.77
L002053,C02433,BR007,Business,18-03-2025,2012832.55,13.78,12,Approved,Closed,277368.33
L002054,C02259,BR004,Business,09-10-2024,1167593.67,7.9,60,Approved,Active,461199.5
L002055,C00721,BR003,Education,17-12-2024,197419.51,10.08,120,Rejected,Rejected,198998.87
L002056,C00724,BR005,Personal,08-06-2025,144438.41,12.61,84,Approved,Active,127495.78
L002057,C02662,BR005,Education,29-01-2023,279634.91,12.93,120,Rejected,Rejected,361567.94
L002058,C01679,BR015,Home,28-01-2023,699749.42,10.43,48,Approved,Active,291935.46
L002059,C02038,BR014,Auto,25-06-2025,280029.95,9.62,36,Rejected,Rejected,80816.64
L002060,C01171,BR015,Auto,24-05-2025,517787.77,14.39,48,Pending,Under Review,298038.64
L002061,C01008,BR008,Personal,06-10-2024,71767.38,10.44,120,Approved,Active,74925.14
L002062,C01975,BR005,Education,28-08-2024,692429.12,8.01,180,Approved,Active,831953.59
L002063,C01495,BR015,Personal,29-01-2024,308800.28,11.18,120,Approved,Active,345238.71
L002064,C01670,BR005,Personal,26-12-2024,265219.36,10.07,12,Approved,Active,26707.59
L002065,C00946,BR008,Home,24-08-2023,1015451.71,14.75,48,Rejected,Rejected,599116.51
L002066,C00135,BR009,Personal,28-09-2025,77572.88,14.28,60,Pending,Under Review,55387.04
L002067,C00669,BR013,Auto,02-03-2023,334399.49,13.8,84,Rejected,Rejected,323029.91
L002068,C00236,BR001,Auto,23-03-2023,199910.88,11.33,36,Approved,Closed,67949.71
L002069,C02431,BR011,Personal,03-11-2023,217551.56,10.42,84,Approved,Active,158682.11
L002070,C00988,BR009,Auto,16-03-2024,480328.26,12.03,24,Rejected,Rejected,115566.98
L002071,C02572,BR005,Auto,21-09-2023,319630.51,7.87,120,Approved,Active,251549.21
L002072,C01129,BR012,Education,12-06-2025,157515.84,14.72,84,Approved,Closed,162304.32
L002073,C02738,BR009,Auto,24-12-2025,223180.84,10.32,180,Approved,Active,345483.94
L002074,C00168,BR014,Business,14-10-2025,924665.58,10.43,60,Approved,Active,482213.1
L002075,C00085,BR005,Auto,02-01-2025,911673.69,7.39,240,Approved,Active,1347453.71
L002076,C00105,BR001,Auto,28-06-2025,949565.64,8.42,36,Approved,Active,239860.28
L002077,C02630,BR011,Auto,30-03-2025,1173622.48,14.24,84,Approved,Active,1169866.89
L002078,C02529,BR007,Personal,06-07-2025,119157.65,12.03,36,Approved,Closed,43004
L002079,C01852,BR013,Auto,04-04-2023,808593.29,9.38,12,Approved,Active,75846.05
L002080,C00527,BR006,Home,09-01-2023,2522526.06,12.77,12,Approved,Active,322126.58
L002081,C02526,BR005,Personal,08-07-2025,731215.66,13.37,240,Approved,Active,1955270.67
L002082,C02126,BR011,Home,23-09-2023,2477600.21,14.52,60,Approved,Active,1798737.75
L002083,C02942,BR005,Business,12-06-2023,2105517.21,14.56,84,Rejected,Rejected,2145943.14
L002084,C02290,BR006,Business,05-09-2025,618717.26,12.31,240,Approved,Active,1523281.89
L002085,C02558,BR002,Education,18-07-2025,201117.95,9.2,36,Approved,Active,55508.55
L002086,C01514,BR011,Personal,23-12-2025,289635.85,14.73,36,Approved,Active,127990.08
L002087,C01475,BR008,Home,13-08-2024,895326.57,10.63,12,Approved,Active,95173.21
L002088,C00042,BR008,Auto,16-10-2023,531634.41,11.89,180,Rejected,Rejected,948169.97
L002089,C02337,BR002,Personal,24-02-2024,883401.95,13.11,60,Approved,Active,579069.98
L002090,C01187,BR006,Personal,09-08-2025,849891.15,9.6,240,Approved,Closed,1631791.01
L002091,C02865,BR014,Education,01-03-2025,62250.8,9.84,36,Approved,Closed,18376.44
L002092,C01986,BR003,Education,07-04-2023,260754.33,9.95,84,Approved,Closed,181615.39
L002093,C02397,BR014,Personal,18-04-2023,699326.85,11.09,240,Approved,Active,1646215.4
L002094,C02344,BR005,Auto,02-07-2023,1084994.4,7.55,84,Rejected,Rejected,573419.54
L002095,C02520,BR005,Business,16-02-2024,838423.15,9.64,60,Approved,Active,404119.96
L002096,C02480,BR015,Business,02-05-2025,2191368.4,9.24,12,Approved,Active,202482.44
L002097,C02328,BR002,Business,02-09-2025,865857.57,14.17,180,Approved,Active,1840380.27
L002098,C00184,BR003,Business,05-08-2025,2413974.44,11.19,60,Approved,Active,1350618.7
L002099,C00920,BR001,Auto,05-03-2023,950730.56,14.68,84,Approved,Closed,976970.72
L002100,C01262,BR014,Auto,04-11-2025,956434.71,8.82,120,Approved,Active,843575.41
L002101,C00991,BR015,Home,15-06-2023,1204701.33,8.12,60,Approved,Closed,489108.74
L002102,C01702,BR007,Personal,01-05-2023,143556.7,8.06,12,Approved,Active,11570.67
L002103,C01519,BR005,Home,22-10-2023,1801561.69,11.05,84,Approved,Active,1393507.97
L002104,C02677,BR012,Auto,25-11-2024,319012.64,12.08,84,Approved,Active,269757.09
L002105,C01049,BR008,Business,30-09-2024,495702.66,12.42,36,Approved,Closed,184698.81
L002106,C02315,BR005,Business,16-05-2024,1717850.55,9.84,24,Approved,Active,338072.99
L002107,C01747,BR012,Personal,16-07-2024,883157.3,9.67,180,Approved,Active,1281019.66
L002108,C02217,BR007,Home,26-05-2024,2867067.16,13.86,120,Approved,Active,3973755.08
L002109,C01479,BR015,Personal,20-11-2024,68582.94,9.65,36,Rejected,Rejected,19854.76
L002110,C00700,BR001,Auto,25-10-2024,427503.5,12.06,24,Approved,Active,103113.84
L002111,C01222,BR005,Home,02-03-2023,2150418.31,8.26,36,Rejected,Rejected,532873.66
L002112,C01466,BR013,Auto,25-09-2025,1120254.75,9.53,60,Approved,Closed,533801.39
L002113,C00468,BR009,Personal,20-05-2023,789573.04,7.47,12,Approved,Active,58981.11
L002114,C02244,BR010,Auto,15-10-2025,1165936.69,11.47,180,Rejected,Rejected,2005994.08
L002115,C00201,BR015,Education,19-09-2025,646235.8,8.39,60,Approved,Closed,271095.92
L002116,C01843,BR012,Business,10-09-2024,1861610.54,10.35,48,Approved,Active,770706.76
L002117,C01427,BR001,Home,25-02-2024,2835396.32,13.03,60,Approved,Active,1847260.7
L002118,C01315,BR008,Business,05-10-2024,1026976.99,14.38,48,Approved,Closed,590717.16
L002119,C02008,BR003,Education,22-05-2023,289820.79,12.72,240,Rejected,Rejected,737304.09
L002120,C01749,BR011,Auto,22-03-2025,487014.18,9.61,48,Approved,Defaulted,187208.25
L002121,C01717,BR011,Home,17-11-2023,2409754.66,8.11,24,Approved,Active,390862.21
L002122,C00865,BR002,Business,26-02-2025,806643.59,12.96,240,Approved,Active,2090820.19
L002123,C02217,BR007,Personal,03-08-2024,525177.84,11.48,48,Approved,Active,241161.66
L002124,C01306,BR005,Education,29-05-2025,146058.04,9.98,120,Approved,Defaulted,145765.92
L002125,C00950,BR003,Business,11-10-2023,1711359.22,7.44,84,Approved,Active,891275.88
L002126,C01350,BR006,Auto,07-04-2023,280938.36,11.22,120,Approved,Closed,315212.84
L002127,C02334,BR007,Home,12-09-2025,686115.36,10.11,180,Approved,Active,1040493.94
L002128,C02391,BR007,Home,23-09-2024,2256377.9,8.54,120,Approved,Closed,1926946.73
L002129,C02800,BR004,Home,23-02-2024,1315962.34,10.37,48,Approved,Active,545861.18
L002130,C00898,BR003,Business,24-03-2025,1565611.02,7.64,24,Approved,Defaulted,239225.36
L002131,C02340,BR007,Home,19-01-2023,1611010.54,8.31,180,Approved,Closed,2008124.64
L002132,C01480,BR006,Personal,12-09-2023,341657.19,9.03,36,Pending,Under Review,92554.93
L002133,C01281,BR005,Education,20-04-2024,667597.05,9.16,60,Approved,Active,305759.45
L002134,C02907,BR009,Auto,02-01-2025,268721.23,7.59,120,Approved,Active,203959.41
L002135,C01502,BR009,Education,11-09-2023,331083.77,10.78,120,Approved,Active,356908.3
L002136,C00705,BR004,Auto,21-02-2023,428348.14,13.4,60,Approved,Active,286993.25
L002137,C00953,BR008,Auto,28-02-2024,284526.77,7.81,12,Approved,Active,22221.54
L002138,C00611,BR006,Education,05-02-2025,516748.95,7.41,60,Approved,Defaulted,191455.49
L002139,C02895,BR012,Auto,18-10-2024,1101649.41,9.35,120,Approved,Active,1030042.2
L002140,C01835,BR005,Business,13-05-2024,1112877.22,13.18,24,Approved,Active,293354.44
L002141,C02587,BR005,Personal,31-01-2023,859142.44,9.3,120,Approved,Closed,799002.47
L002142,C01794,BR010,Personal,28-12-2024,525979.85,11.25,36,Approved,Active,177518.2
L002143,C02509,BR008,Business,27-05-2023,1492467.09,7.65,84,Rejected,Rejected,799216.13
L002144,C01752,BR008,Auto,11-11-2023,1026050.53,8.92,24,Approved,Active,183047.41
L002145,C00992,BR005,Business,19-01-2024,326564.74,10.53,36,Approved,Active,103161.8
L002146,C01819,BR008,Home,12-02-2024,2998224.66,11.19,120,Approved,Active,3355013.39
L002147,C00230,BR006,Home,30-09-2024,841627.97,11.47,36,Rejected,Rejected,289604.18
L002148,C01517,BR006,Home,20-07-2023,501374.37,11.56,48,Approved,Active,231835.51
L002149,C01220,BR005,Auto,04-09-2025,898319.9,10.52,60,Approved,Active,472516.27
L002150,C02308,BR008,Auto,11-01-2024,703231.28,14.52,180,Approved,Active,1531637.73
L002151,C00307,BR005,Business,04-04-2025,1936915.8,14.26,240,Approved,Active,5524083.86
L002152,C01898,BR007,Personal,17-06-2023,806304.92,14.33,120,Approved,Closed,1155434.95
L002153,C02868,BR004,Home,19-07-2023,1123064.02,11.34,48,Approved,Active,509421.84
L002154,C00263,BR006,Personal,03-07-2025,797943.88,10.38,24,Approved,Active,165653.15
L002155,C02846,BR014,Education,02-08-2025,443836.57,14.48,48,Approved,Active,257070.14
L002156,C02544,BR003,Personal,26-04-2024,51746.12,12.85,24,Rejected,Rejected,13298.75
L002157,C02484,BR014,Personal,09-03-2025,318374.51,12.77,24,Approved,Closed,81312.85
L002158,C02019,BR011,Home,29-04-2023,2327082.77,14.05,60,Approved,Active,1634775.65
L002159,C02948,BR006,Home,13-03-2023,1892958.41,13.9,120,Approved,Active,2631212.19
L002160,C01231,BR008,Home,26-06-2025,2044415.26,7.44,48,Rejected,Rejected,608417.98
L002161,C00074,BR005,Home,01-04-2025,1668813.25,14,180,Rejected,Rejected,3504507.82
L002162,C01837,BR005,Personal,17-10-2025,103378.33,12.59,36,Rejected,Rejected,39046
L002163,C00845,BR011,Personal,05-06-2023,207070.5,11.42,84,Approved,Active,165532.16
L002164,C01839,BR015,Education,24-09-2024,145436.54,11.04,84,Rejected,Rejected,112393.36
L002165,C01602,BR006,Business,30-08-2023,657967.51,10.52,48,Approved,Active,276872.73
L002166,C00406,BR003,Personal,18-10-2023,67501.56,8.43,60,Approved,Active,28451.91
L002167,C01073,BR006,Personal,07-05-2023,549182.33,11.01,120,Rejected,Rejected,604649.75
L002168,C02275,BR001,Auto,14-04-2025,293307.93,7.77,12,Approved,Closed,22790.03
L002169,C02914,BR005,Home,18-03-2025,1424993.04,10.06,60,Approved,Active,716771.5
L002170,C02117,BR012,Home,07-07-2025,1470137.72,10.22,48,Approved,Active,600992.3
L002171,C02207,BR009,Personal,18-08-2025,507443.69,13.85,120,Approved,Closed,702809.51
L002172,C02490,BR001,Auto,15-11-2024,472685.45,12.28,48,Pending,Under Review,232183.09
L002173,C00695,BR004,Business,02-06-2025,2370265.96,11.11,120,Approved,Defaulted,2633365.48
L002174,C01652,BR011,Personal,25-07-2024,539089.33,9.01,36,Rejected,Rejected,145715.85
L002175,C00485,BR012,Education,04-08-2023,177951.44,8.77,48,Rejected,Rejected,62425.37
L002176,C00616,BR011,Personal,26-01-2025,266084.81,8.65,12,Approved,Active,23016.34
L002177,C00741,BR002,Auto,14-01-2025,1125352.09,8.03,48,Approved,Defaulted,361463.09
L002178,C02650,BR006,Personal,23-11-2023,294185.26,12.9,36,Approved,Active,113849.7
L002179,C02776,BR009,Education,22-08-2024,271647.44,10.67,120,Approved,Active,289847.82
L002180,C00883,BR009,Business,05-05-2025,1990820.73,9.79,12,Rejected,Rejected,194901.35
L002181,C00604,BR011,Auto,04-05-2024,540502.71,12.11,180,Approved,Active,981823.17
L002182,C01135,BR004,Business,21-04-2025,1052490.64,13.83,48,Approved,Active,582237.82
L002183,C00284,BR006,Auto,02-09-2023,800032.12,10.57,60,Approved,Active,422816.98
L002184,C02972,BR008,Personal,23-05-2023,712418.13,11.74,180,Approved,Active,1254568.33
L002185,C00879,BR005,Business,06-07-2024,1444527.76,8.64,180,Approved,Defaulted,1872107.98
L002186,C00634,BR012,Home,24-01-2024,2688799.44,8.72,48,Rejected,Rejected,937853.24
L002187,C02515,BR006,Personal,14-03-2024,319062.74,9.45,24,Approved,Active,60302.86
L002188,C01122,BR006,Home,25-10-2025,2739492.77,8.3,12,Approved,Active,227377.9
L002189,C00533,BR005,Education,09-05-2025,667326.55,13.62,84,Approved,Active,636229.13
L002190,C00893,BR015,Business,11-02-2023,841857.26,12.43,36,Approved,Active,313928.57
L002191,C01352,BR015,Home,07-12-2024,865596.19,9.18,24,Pending,Under Review,158923.46
L002192,C02751,BR002,Home,10-07-2024,1115523.18,14.11,180,Rejected,Rejected,2361004.81
L002193,C02140,BR006,Business,03-04-2024,810022.41,7.5,120,Rejected,Rejected,607516.81
L002194,C01717,BR011,Home,16-09-2024,2533459.02,11.32,48,Approved,Active,1147150.24
L002195,C01775,BR005,Personal,09-09-2023,607995.06,14.7,12,Approved,Active,89375.27
L002196,C00251,BR008,Auto,31-07-2024,399750.76,8.4,60,Approved,Active,167895.32
L002197,C01740,BR003,Education,24-08-2025,541440.25,10.01,24,Approved,Active,108396.34
L002198,C00733,BR005,Business,19-02-2024,2304878.91,7.3,120,Approved,Active,1682561.6
L002199,C00204,BR002,Business,01-04-2023,688431.16,13.15,240,Approved,Active,1810573.95
L002200,C01458,BR006,Home,29-04-2023,655913.06,9.58,24,Approved,Active,125672.94
L002201,C02196,BR014,Education,15-07-2025,308403.62,10.39,36,Approved,Active,96129.41
L002202,C02611,BR008,Personal,15-01-2025,127929.2,8.2,120,Approved,Closed,104901.94
L002203,C01770,BR004,Personal,31-12-2025,704884.83,9.53,120,Approved,Defaulted,671755.24
L002204,C02450,BR010,Personal,26-06-2025,102941.49,8.13,240,Approved,Active,167382.86
L002205,C00062,BR002,Business,24-04-2025,697361.42,9.76,48,Rejected,Rejected,272249.9
L002206,C00615,BR010,Business,23-12-2023,1663175.23,13.82,60,Approved,Active,1149254.08
L002207,C00714,BR003,Personal,09-12-2025,323087.31,12.86,120,Approved,Closed,415490.28
L002208,C01558,BR013,Home,27-08-2025,1896392.15,11.23,180,Approved,Closed,3194472.58
L002209,C00821,BR006,Business,10-07-2025,1885828.41,9.77,84,Approved,Defaulted,1289718.05
L002210,C01556,BR015,Personal,22-04-2023,237499.58,11.46,60,Approved,Active,136087.26
L002211,C02076,BR003,Business,31-10-2023,1254177.63,11.64,36,Approved,Active,437958.83
L002212,C02761,BR005,Education,17-12-2023,268395.41,14.7,180,Rejected,Rejected,591811.88
L002213,C00387,BR015,Home,11-04-2025,505277.42,7.25,60,Approved,Active,183163.06
L002214,C02164,BR011,Auto,23-07-2024,291523.32,10.71,24,Rejected,Rejected,62444.3
L002215,C00521,BR015,Education,15-09-2023,696507.73,14.37,12,Approved,Active,100088.16
L002216,C02700,BR005,Auto,20-02-2023,1024786.68,12.8,84,Approved,Defaulted,918208.87
L002217,C02309,BR006,Personal,12-05-2025,144356.84,9.66,48,Approved,Active,55779.48
L002218,C02701,BR006,Home,02-03-2024,727811.25,10.5,240,Approved,Closed,1528403.62
L002219,C00227,BR006,Personal,22-03-2024,591062.38,10.08,180,Approved,Active,893686.32
L002220,C00437,BR008,Auto,06-01-2025,510402.97,12.47,12,Rejected,Rejected,63647.25
L002221,C01196,BR009,Auto,29-11-2023,751568.21,11.89,120,Approved,Active,893614.6
L002222,C02932,BR007,Home,21-12-2025,1939004.78,7.75,84,Approved,Active,1051910.09
L002223,C01223,BR005,Personal,19-07-2024,823172.17,8.56,240,Approved,Active,1409270.76
L002224,C00098,BR008,Auto,25-12-2023,710623.57,11.28,240,Approved,Active,1603166.77
L002225,C02057,BR001,Education,04-05-2023,505288.3,12.89,120,Approved,Active,651316.62
L002226,C01681,BR008,Auto,06-06-2024,840225.38,10.82,180,Approved,Active,1363685.79
L002227,C00443,BR009,Personal,02-10-2024,740146.24,9.94,36,Approved,Active,220711.61
L002228,C02889,BR004,Home,25-01-2024,2502185.88,9.88,180,Approved,Closed,3708239.47
L002229,C00383,BR012,Personal,28-07-2023,593917.09,11.76,84,Approved,Active,488912.55
L002230,C02281,BR007,Personal,05-11-2025,576799.28,11.92,180,Rejected,Rejected,1031317.11
L002231,C02439,BR009,Personal,07-02-2024,636556.07,12.73,24,Approved,Active,162067.18
L002232,C00595,BR005,Business,04-04-2025,1998103.35,10.82,36,Pending,Under Review,648584.35
L002233,C02897,BR009,Home,09-07-2025,2813681.46,10.45,120,Approved,Active,2940297.13
L002234,C00096,BR006,Home,13-01-2025,641556.51,11.7,48,Approved,Closed,300248.45
L002235,C00505,BR015,Home,11-06-2025,1527143.79,10.32,60,Approved,Active,788006.2
L002236,C02639,BR006,Personal,25-06-2025,283320.43,12.29,12,Approved,Active,34820.08
L002237,C01312,BR015,Home,06-11-2025,798126.24,12.07,36,Approved,Active,289001.51
L002238,C02120,BR010,Business,11-06-2025,1756120.14,13.02,120,Approved,Closed,2286468.42
L002239,C02105,BR005,Home,03-07-2024,1457263.48,8.14,48,Rejected,Rejected,474484.99
L002240,C02234,BR013,Home,11-11-2025,1223416.24,11.61,84,Pending,Under Review,994270.38
L002241,C02839,BR007,Personal,22-06-2025,174509.73,10.13,36,Approved,Closed,53033.51
L002242,C02373,BR015,Personal,26-07-2025,105106.21,13.98,180,Approved,Defaulted,220407.72
L002243,C01006,BR010,Personal,16-02-2024,121520.31,12.93,120,Pending,Under Review,157125.76
L002244,C00351,BR005,Home,15-11-2023,921100.28,13.64,180,Rejected,Rejected,1884571.17
L002245,C02695,BR015,Home,25-04-2024,514544.92,14.52,180,Approved,Active,1120678.84
L002246,C00867,BR009,Personal,12-03-2023,276205.14,10.52,60,Pending,Under Review,145283.9
L002247,C02948,BR006,Business,24-10-2024,1403000.17,8.95,36,Approved,Active,376705.55
L002248,C01064,BR010,Auto,30-03-2023,1002776.4,13.34,120,Rejected,Rejected,1337703.72
L002249,C00726,BR011,Home,04-04-2023,596597.32,10.02,120,Approved,Active,597790.51
L002250,C00782,BR001,Home,02-01-2023,1861902.01,13.78,12,Approved,Closed,256570.1
L002251,C00416,BR010,Business,04-07-2025,2268149.08,10.09,12,Rejected,Rejected,228856.24
L002252,C02887,BR008,Home,22-05-2024,1340302.78,12.99,60,Pending,Under Review,870526.66
L002253,C01890,BR013,Education,24-12-2023,594105.77,9.94,12,Approved,Active,59054.11
L002254,C00815,BR015,Home,25-07-2024,1035112.11,11.85,60,Rejected,Rejected,613303.93
L002255,C00712,BR002,Home,23-02-2025,552495.08,8.37,180,Approved,Active,693657.57
L002256,C02297,BR013,Auto,02-11-2023,1041653.77,8.65,24,Approved,Active,180206.1
L002257,C00937,BR007,Personal,23-07-2023,55129.29,10.47,36,Approved,Active,17316.11
L002258,C02029,BR002,Business,19-05-2025,2187764.83,8.88,24,Approved,Active,388547.03
L002259,C01933,BR015,Personal,29-10-2025,516465.22,10.31,120,Approved,Active,532475.64
L002260,C00262,BR008,Education,23-02-2025,105480.55,9.97,240,Rejected,Rejected,210328.22
L002261,C02076,BR003,Education,25-11-2024,413303.18,13.95,48,Approved,Active,230623.17
L002262,C00493,BR001,Personal,23-03-2023,721079.9,9.33,180,Approved,Active,1009151.32
L002263,C01241,BR014,Home,29-02-2024,1802755.6,13.8,12,Rejected,Rejected,248780.27
L002264,C01918,BR005,Business,16-08-2024,1090009.91,13.28,180,Approved,Active,2171299.74
L002265,C02674,BR011,Business,26-09-2025,1873677.88,13.67,60,Pending,Under Review,1280658.83
L002266,C01636,BR006,Personal,27-02-2023,63986.19,9.19,120,Rejected,Rejected,58803.31
L002267,C00196,BR014,Auto,13-01-2024,917454.72,13.65,12,Approved,Active,125232.57
L002268,C01967,BR003,Personal,22-06-2024,220274.12,13.22,48,Pending,Under Review,116480.95
L002269,C02327,BR002,Education,06-05-2025,451306.12,14.55,180,Approved,Active,984975.61
L002270,C02348,BR006,Personal,14-12-2025,77692.45,7.68,12,Approved,Active,5966.78
L002271,C01104,BR007,Business,22-03-2023,1773733.52,13.6,12,Approved,Closed,241227.76
L002272,C00726,BR011,Education,20-02-2025,636778.18,13.45,12,Approved,Active,85646.67
L002273,C00063,BR002,Home,01-10-2024,519123.77,14.07,120,Approved,Active,730407.14
L002274,C01995,BR002,Auto,01-02-2025,511905.18,11.11,240,Approved,Active,1137453.31
L002275,C02353,BR003,Home,08-09-2025,1772766.2,8.48,180,Rejected,Rejected,2254958.61
L002276,C01359,BR004,Personal,12-08-2024,483858,11.77,12,Rejected,Rejected,56950.09
L002277,C01214,BR001,Home,08-11-2025,514816.83,14.63,60,Approved,Closed,376588.51
L002278,C01414,BR002,Home,23-09-2024,1613784.42,11.57,36,Approved,Active,560144.57
L002279,C00086,BR002,Personal,24-05-2024,846577.09,12.67,240,Pending,Under Review,2145226.35
L002280,C02550,BR010,Personal,16-05-2023,361561.34,10.45,60,Approved,Active,188915.8
L002281,C00435,BR006,Personal,04-10-2025,65564.81,12.24,240,Approved,Active,160502.65
L002282,C00646,BR005,Business,29-07-2023,1508089.73,8.99,48,Approved,Closed,542309.07
L002283,C00512,BR002,Personal,19-09-2023,410239.65,9.4,48,Rejected,Rejected,154250.11
L002284,C00469,BR009,Auto,03-03-2023,255807.23,13.65,48,Rejected,Rejected,139670.75
L002285,C00260,BR005,Business,23-01-2025,2370274.06,8.36,12,Approved,Closed,198154.91
L002286,C02080,BR011,Personal,18-07-2025,412922.03,13.64,240,Rejected,Rejected,1126451.3
L002287,C02512,BR015,Education,20-12-2023,680818.42,8.86,24,Pending,Under Review,120641.02
L002288,C02102,BR006,Auto,04-11-2024,1070826,8.31,60,Pending,Under Review,444928.2
L002289,C01767,BR004,Business,03-09-2024,2238321.84,12.83,120,Rejected,Rejected,2871766.92
L002290,C02068,BR005,Home,04-10-2024,2011363.03,8.15,36,Approved,Defaulted,491778.26
L002291,C01633,BR006,Personal,13-01-2025,651594.67,10.36,12,Approved,Closed,67505.21
L002292,C00011,BR006,Business,19-04-2023,940122.77,11.28,48,Approved,Active,424183.39
L002293,C00387,BR015,Business,09-09-2025,1637624.79,12.98,12,Approved,Closed,212563.7
L002294,C00496,BR001,Personal,23-01-2024,248837.09,12.37,12,Approved,Closed,30781.15
L002295,C00675,BR008,Home,05-11-2024,2023710.97,13.61,36,Approved,Active,826281.19
L002296,C00724,BR005,Home,17-05-2025,2654967.31,8.25,36,Rejected,Rejected,657104.41
L002297,C01524,BR005,Personal,12-07-2023,474219.91,7.51,36,Approved,Active,106841.75
L002298,C00213,BR011,Home,30-03-2023,711254.57,12.06,24,Approved,Active,171554.6
L002299,C01833,BR015,Personal,08-03-2025,208990.85,9.33,84,Approved,Active,136491.92
L002300,C00592,BR005,Home,21-05-2024,2772150.86,8.84,84,Approved,Closed,1715406.95
L002301,C02119,BR006,Home,03-03-2023,2486389.93,12.89,120,Approved,Active,3204956.62
L002302,C00711,BR006,Home,08-01-2023,1837326.51,8.56,120,Approved,Active,1572751.49
L002303,C02077,BR005,Auto,10-02-2024,1111124.15,8.42,24,Approved,Active,187113.31
L002304,C00251,BR008,Education,15-10-2025,485965.75,13.8,48,Approved,Closed,268253.09
L002305,C02912,BR009,Home,04-11-2024,651525.08,12.63,240,Approved,Active,1645752.35
L002306,C01662,BR004,Education,05-12-2025,605527.55,7.96,60,Approved,Closed,240999.96
L002307,C00478,BR010,Education,25-04-2024,412529.29,14.54,60,Rejected,Rejected,299908.79
L002308,C00735,BR014,Home,22-02-2024,1400997.9,11.17,60,Approved,Defaulted,782457.33
L002309,C01026,BR012,Personal,11-05-2023,442835.93,8.53,180,Approved,Active,566608.57
L002310,C02104,BR005,Home,16-01-2023,740180.04,9.52,24,Pending,Under Review,140930.28
L002311,C02108,BR004,Home,01-07-2023,706047.07,10.14,120,Approved,Active,715931.73
L002312,C00717,BR006,Personal,26-06-2023,535916.67,11.94,60,Approved,Active,319942.25
L002313,C01045,BR009,Education,16-06-2025,349469.58,12.03,60,Approved,Closed,210205.95
L002314,C02539,BR009,Business,23-06-2023,2424101.17,10.51,240,Pending,Under Review,5095460.66
L002315,C01753,BR007,Home,12-12-2025,1103794.74,7.27,24,Approved,Active,160491.76
L002316,C01383,BR005,Personal,02-10-2023,120118.65,11.97,36,Approved,Defaulted,43134.61
L002317,C00350,BR005,Home,30-11-2023,2428396.72,8.98,60,Approved,Active,1090350.13
L002318,C00019,BR012,Home,03-01-2024,1503611.89,12.53,240,Approved,Closed,3768051.4
L002319,C00666,BR010,Auto,16-09-2025,377498.1,13.49,36,Rejected,Rejected,152773.48
L002320,C02366,BR010,Personal,11-05-2025,590172.36,11.88,24,Approved,Active,140224.95
L002321,C00647,BR006,Auto,01-04-2024,170418.39,7.69,240,Approved,Active,262103.48
L002322,C00060,BR011,Business,27-10-2023,497825.07,8.88,24,Rejected,Rejected,88413.73
L002323,C01950,BR010,Personal,25-08-2023,889067.49,12.84,24,Approved,Closed,228312.53
L002324,C02722,BR005,Home,01-01-2025,526686.95,13.18,12,Approved,Active,69417.34
L002325,C00248,BR004,Education,18-07-2025,684957.49,10.53,120,Rejected,Rejected,721260.24
L002326,C00012,BR006,Personal,01-04-2025,729512.71,13.94,60,Approved,Active,508470.36
L002327,C00270,BR014,Auto,10-05-2025,832222.46,8.45,240,Approved,Defaulted,1406455.96
L002328,C02269,BR009,Home,01-04-2025,791415.71,8.9,48,Approved,Closed,281743.99
L002329,C01298,BR007,Auto,14-04-2024,561639.87,13.08,48,Approved,Closed,293849.98
L002330,C01228,BR001,Home,22-12-2023,503403.41,11.73,48,Approved,Active,236196.88
L002331,C01722,BR010,Personal,19-03-2023,126540.41,12.81,84,Approved,Closed,113468.79
L002332,C00697,BR015,Auto,22-11-2025,1138669.66,14.7,60,Rejected,Rejected,836922.2
L002333,C02408,BR012,Home,18-04-2023,693956.06,13.9,84,Approved,Active,675219.25
L002334,C01962,BR008,Home,07-04-2025,1688153.22,9.23,60,Approved,Active,779082.71
L002335,C02336,BR015,Business,12-11-2024,689378.82,12.02,180,Approved,Active,1242950.01
L002336,C00500,BR001,Education,27-05-2024,130540.9,8.33,24,Approved,Active,21748.11
L002337,C00543,BR009,Personal,08-08-2023,848115.58,7.26,60,Approved,Closed,307865.96
L002338,C00948,BR005,Education,27-03-2025,600848.96,9.9,84,Approved,Active,416388.33
L002339,C00977,BR005,Education,26-11-2023,256092.21,12.66,48,Approved,Active,129685.1
L002340,C00926,BR012,Education,16-10-2023,346023.58,10.64,60,Approved,Active,184084.54
L002341,C01795,BR007,Education,07-03-2023,465570.06,12.82,180,Approved,Closed,895291.23
L002342,C00402,BR008,Personal,25-06-2024,713125.21,12.39,84,Approved,Active,618493.49
L002343,C00396,BR001,Business,05-07-2025,2151105.74,13.98,240,Approved,Closed,6014491.65
L002344,C00233,BR010,Business,31-05-2025,2165573.53,11.36,120,Approved,Defaulted,2460091.53
L002345,C02089,BR007,Personal,30-08-2025,435305.47,10.22,240,Approved,Active,889764.38
L002346,C02052,BR006,Home,21-05-2023,2867645.78,9.49,180,Approved,Active,4082093.77
L002347,C00253,BR006,Home,15-04-2023,1044962.34,11.28,240,Approved,Defaulted,2357435.04
L002348,C01113,BR005,Auto,05-02-2023,1157179.45,14.02,12,Approved,Active,162236.56
L002349,C00597,BR001,Auto,04-04-2025,586795.31,11.1,48,Rejected,Rejected,260537.12
L002350,C00145,BR011,Personal,10-04-2024,617956.28,10.92,24,Approved,Active,134961.65
L002351,C02452,BR005,Personal,26-12-2025,249631.55,14.57,180,Rejected,Rejected,545569.75
L002352,C02926,BR015,Auto,27-09-2024,245874.78,9.59,120,Rejected,Rejected,235793.91
L002353,C00154,BR006,Home,22-04-2023,1234352.67,9.34,84,Approved,Closed,807019.78
L002354,C01903,BR002,Home,10-07-2025,1096929.33,13.24,12,Approved,Active,145233.44
L002355,C01943,BR002,Home,25-10-2024,1745191.45,13.38,84,Pending,Under Review,1634546.31
L002356,C00408,BR014,Personal,20-12-2025,160274.05,11.39,36,Rejected,Rejected,54765.64
L002357,C00430,BR009,Home,05-02-2025,2231445.21,7.45,12,Pending,Under Review,166242.67
L002358,C02830,BR011,Education,19-01-2025,424668.85,7.72,36,Approved,Active,98353.31
L002359,C02985,BR002,Auto,21-03-2025,554128.42,11.86,84,Approved,Active,460037.41
L002360,C00668,BR005,Auto,20-06-2025,207737.99,8.25,24,Approved,Active,34276.77
L002361,C00456,BR008,Personal,09-03-2024,367734.27,12.13,84,Rejected,Rejected,312243.17
L002362,C02592,BR005,Business,16-02-2024,1384280.06,10.06,24,Approved,Defaulted,278517.15
L002363,C02150,BR007,Personal,12-01-2024,802156.11,11.5,84,Rejected,Rejected,645735.67
L002364,C00126,BR006,Business,26-01-2025,610854.59,12.25,120,Approved,Active,748296.87
L002365,C00442,BR008,Personal,17-02-2025,322360.99,8.5,48,Approved,Active,109602.74
L002366,C00282,BR012,Home,08-10-2024,1858153.67,12.83,24,Approved,Closed,476802.23
L002367,C01951,BR005,Personal,29-02-2024,809139.57,11.09,84,Approved,Active,628135.05
L002368,C00739,BR003,Home,04-07-2023,2791033.72,8.15,48,Approved,Active,909876.99
L002369,C02131,BR011,Personal,23-12-2023,638919.23,9.39,120,Approved,Active,599945.16
L002370,C00749,BR008,Personal,06-10-2023,98626.45,11.41,240,Approved,Closed,225065.56
L002371,C02331,BR008,Home,03-02-2024,928065.91,10,36,Rejected,Rejected,278419.77
L002372,C00839,BR010,Business,15-08-2024,1412412.45,7.93,48,Rejected,Rejected,448017.23
L002373,C02884,BR015,Business,13-09-2024,2490004.17,8.28,12,Rejected,Rejected,206172.35
L002374,C00746,BR002,Home,08-12-2025,2867076.49,14.63,120,Approved,Active,4194532.9
L002375,C02436,BR005,Auto,13-11-2025,373797.37,8.5,120,Approved,Active,317727.76
L002376,C00111,BR005,Home,25-02-2023,1625317.71,8.25,24,Approved,Active,268177.42
L002377,C00981,BR004,Personal,20-01-2024,461475.72,13.76,12,Pending,Under Review,63499.06
L002378,C00577,BR008,Personal,22-05-2023,840742.23,12.12,84,Approved,Active,713285.71
L002379,C02702,BR003,Business,28-01-2023,2391965,8.22,36,Approved,Active,589858.57
L002380,C02940,BR002,Personal,15-10-2023,631795.13,14.44,120,Approved,Active,912312.17
L002381,C02417,BR010,Auto,24-11-2025,724538.04,10.73,240,Approved,Active,1554858.63
L002382,C02305,BR001,Personal,10-03-2025,90621.42,12.7,24,Approved,Closed,23017.84
L002383,C00223,BR012,Business,15-10-2023,1934971.68,9.72,12,Approved,Active,188079.25
L002384,C00716,BR006,Education,26-03-2024,525853.04,13.39,84,Approved,Defaulted,492882.05
L002385,C01900,BR007,Education,01-12-2025,150483.44,7.62,60,Approved,Closed,57334.19
L002386,C00088,BR006,Education,17-02-2024,116010.43,12.77,24,Approved,Active,29629.06
L002387,C02838,BR006,Auto,21-07-2025,899258.47,8.51,120,Approved,Active,765268.96
L002388,C00225,BR006,Personal,03-08-2024,183300.86,8.24,60,Approved,Active,75519.95
L002389,C01543,BR006,Personal,16-03-2025,321685.89,13.69,48,Approved,Active,176155.19
L002390,C01225,BR001,Personal,05-02-2023,553459.43,11.86,48,Approved,Defaulted,262561.15
L002391,C02616,BR012,Business,26-05-2024,1810644.71,9.86,36,Pending,Under Review,535588.71
L002392,C02613,BR006,Home,12-12-2025,742945.2,14.57,48,Approved,Active,432988.46
L002393,C01158,BR010,Education,26-12-2025,313277.55,13.85,240,Approved,Closed,867778.81
L002394,C02669,BR006,Business,16-05-2025,941399.06,13,60,Rejected,Rejected,611909.39
L002395,C00477,BR007,Personal,07-11-2023,389519.57,11.54,36,Approved,Active,134851.68
L002396,C00811,BR009,Auto,23-06-2024,542267.3,8.95,12,Approved,Defaulted,48532.92
L002397,C00193,BR010,Personal,22-07-2024,848767.03,12.34,24,Approved,Defaulted,209475.7
L002398,C01678,BR013,Personal,05-06-2025,98433.84,7.76,240,Approved,Active,152769.32
L002399,C00837,BR007,Home,12-07-2023,2146610.13,9.02,180,Approved,Active,2904363.51
L002400,C00539,BR005,Home,26-08-2024,888118.72,8.19,180,Approved,Active,1091053.85
L002401,C00769,BR006,Home,26-07-2025,1851036.12,10.54,48,Approved,Closed,780396.83
L002402,C02656,BR010,Home,20-02-2023,2911018.8,13.2,240,Rejected,Rejected,7685089.63
L002403,C01895,BR010,Personal,12-03-2024,64660.25,7.68,240,Approved,Closed,99318.14
L002404,C02613,BR006,Auto,03-05-2025,828672.02,12.97,180,Rejected,Rejected,1612181.41
L002405,C00057,BR011,Business,09-07-2024,1494562.16,10.42,84,Rejected,Rejected,1090133.64
L002406,C01200,BR013,Home,27-09-2025,706165.97,9.08,180,Approved,Defaulted,961798.05
L002407,C02364,BR015,Home,17-02-2025,2075397.48,14.06,60,Rejected,Rejected,1459004.43
L002408,C01014,BR005,Home,17-02-2025,2792381.68,11.57,240,Approved,Closed,6461571.21
L002409,C02843,BR002,Personal,15-02-2025,274186.15,13.72,60,Approved,Closed,188091.7
L002410,C02347,BR007,Auto,25-04-2023,209844.71,11.93,120,Approved,Active,250344.74
L002411,C02892,BR006,Personal,07-05-2024,477596.64,10.68,84,Rejected,Rejected,357051.25
L002412,C02465,BR011,Auto,07-08-2025,1110989.26,13.1,180,Approved,Active,2183093.9
L002413,C02416,BR006,Business,22-03-2024,718077.92,8.03,240,Rejected,Rejected,1153233.14
L002414,C02615,BR002,Personal,02-04-2024,463109.6,8.33,48,Rejected,Rejected,154308.12
L002415,C02616,BR012,Personal,20-07-2023,650535.82,13.85,36,Approved,Active,270297.63
L002416,C00321,BR008,Business,24-03-2025,608745.21,8.26,84,Approved,Defaulted,351976.48
L002417,C01296,BR010,Personal,03-01-2025,822111.96,8.98,84,Approved,Active,516779.58
L002418,C02028,BR015,Auto,08-12-2025,125100.41,12.75,24,Approved,Active,31900.6
L002419,C02166,BR005,Personal,01-12-2023,125671.91,7.91,36,Approved,Active,29821.94
L002420,C00946,BR008,Business,19-08-2023,2251229.63,12.55,24,Approved,Closed,565058.64
L002421,C02940,BR002,Auto,28-11-2025,760615.49,10.94,120,Approved,Active,832113.35
L002422,C00819,BR011,Business,09-01-2024,1260268.64,12.19,180,Rejected,Rejected,2304401.21
L002423,C01357,BR006,Personal,07-10-2024,582159.78,7.86,180,Approved,Active,686366.38
L002424,C00652,BR008,Education,12-03-2023,92238.88,8.75,60,Approved,Active,40354.51
L002425,C01077,BR004,Home,05-07-2023,2369149.03,7.82,120,Approved,Active,1852674.54
L002426,C02405,BR009,Personal,10-07-2025,467896.35,11.9,36,Approved,Defaulted,167039
L002427,C02949,BR009,Home,31-03-2025,2328523.29,8.85,60,Approved,Active,1030371.56
L002428,C01371,BR001,Home,02-06-2025,1520690.56,8.58,48,Approved,Closed,521901
L002429,C00864,BR006,Home,04-01-2025,1828407.12,14.15,36,Approved,Active,776158.82
L002430,C00848,BR010,Auto,19-11-2024,306598.76,12.73,24,Approved,Closed,78060.04
L002431,C01205,BR007,Personal,13-11-2024,292206.1,9.11,12,Approved,Active,26619.98
L002432,C00686,BR006,Personal,07-07-2025,212610.81,10.25,24,Rejected,Rejected,43585.22
L002433,C02689,BR005,Personal,26-09-2024,319490.25,12.62,48,Approved,Active,161278.68
L002434,C00204,BR002,Auto,31-08-2023,769554.79,9.89,180,Approved,Active,1141634.53
L002435,C02778,BR015,Home,26-10-2024,2137466.48,14.4,48,Approved,Defaulted,1231180.69
L002436,C01044,BR006,Home,24-07-2023,2365483.17,14.63,48,Approved,Active,1384280.75
L002437,C01368,BR014,Home,11-11-2025,2705463.13,11.13,120,Pending,Under Review,3011180.46
L002438,C01404,BR001,Personal,18-08-2024,607750.26,10.82,24,Pending,Under Review,131517.16
L002439,C01297,BR012,Business,24-02-2025,1078874.1,12.93,48,Approved,Active,557993.68
L002440,C02687,BR009,Home,12-09-2023,1199943.88,7.27,36,Approved,Active,261707.76
L002441,C02052,BR006,Education,07-08-2025,485223.55,11.83,240,Pending,Under Review,1148038.92
L002442,C00023,BR011,Home,20-09-2023,2538564.58,10.07,48,Approved,Active,1022533.81
L002443,C02942,BR005,Business,02-05-2024,2416148.12,12.64,60,Approved,Active,1527005.61
L002444,C01339,BR006,Home,10-03-2025,2333243.7,14.42,36,Approved,Active,1009361.22
L002445,C02195,BR014,Business,16-03-2023,912037.92,8.9,60,Approved,Closed,405856.87
L002446,C01429,BR008,Home,08-09-2023,1546481.16,12.73,48,Approved,Closed,787468.21
L002447,C00082,BR011,Personal,06-05-2023,832690.23,12.95,12,Approved,Active,107833.38
L002448,C00008,BR010,Personal,11-01-2023,151678.47,11.5,84,Approved,Active,122101.17
L002449,C01594,BR001,Home,26-04-2024,2982954.19,9.32,24,Approved,Active,556022.66
L002450,C00439,BR002,Auto,04-08-2025,189710.2,12.71,84,Rejected,Rejected,168785.16
L002451,C00498,BR012,Education,24-05-2024,308841.26,11.51,36,Approved,Defaulted,106642.89
L002452,C00103,BR007,Auto,29-11-2025,728383.28,9.75,48,Approved,Active,284069.48
L002453,C01377,BR006,Home,10-03-2023,1639407.39,12.58,84,Approved,Active,1443662.15
L002454,C02874,BR015,Business,27-02-2023,1643189.75,11.04,48,Rejected,Rejected,725632.59
L002455,C00277,BR009,Education,15-06-2023,358086.45,10.16,120,Approved,Active,363815.83
L002456,C01529,BR006,Education,29-01-2024,487441.69,12.16,84,Approved,Active,414910.37
L002457,C02600,BR005,Personal,05-02-2023,781881.65,12.94,120,Rejected,Rejected,1011754.86
L002458,C02655,BR011,Personal,12-02-2025,727664.4,7.97,120,Approved,Active,579948.53
L002459,C00054,BR005,Home,12-03-2023,1198949.7,12.88,12,Approved,Active,154424.72
L002460,C01531,BR005,Education,02-01-2023,141376.05,8.07,24,Approved,Active,22818.09
L002461,C00664,BR006,Business,07-07-2023,677309.39,10.59,180,Rejected,Rejected,1075905.97
L002462,C01356,BR008,Business,07-07-2023,1972223.52,9.45,36,Approved,Closed,559125.37
L002463,C00158,BR013,Auto,18-05-2023,170087.86,9.91,24,Approved,Closed,33711.41
L002464,C00960,BR010,Personal,21-06-2024,768363.62,9.19,120,Rejected,Rejected,706126.17
L002465,C02890,BR007,Education,14-07-2023,457120.78,10.28,48,Rejected,Rejected,187968.06
L002466,C01681,BR008,Education,25-10-2023,491933.94,11.66,12,Rejected,Rejected,57359.5
L002467,C02468,BR015,Personal,17-10-2023,713433.38,13.89,12,Approved,Active,99095.9
L002468,C02140,BR006,Personal,24-06-2024,299811.97,8.63,180,Approved,Active,388106.6
L002469,C02931,BR013,Business,22-08-2023,723978.71,11.54,12,Approved,Active,83547.14
L002470,C00687,BR007,Business,26-05-2024,2015564.1,12.47,120,Approved,Defaulted,2513408.43
L002471,C01482,BR011,Education,08-07-2023,572035.43,13.9,180,Approved,Active,1192693.87
L002472,C02907,BR009,Auto,05-03-2023,965380.69,10.25,240,Approved,Closed,1979030.41
L002473,C00708,BR005,Business,13-06-2024,1320466.16,11.98,12,Approved,Active,158191.85
L002474,C00394,BR003,Auto,10-07-2024,1141842.54,10.57,48,Pending,Under Review,482771.03
L002475,C00846,BR002,Personal,10-02-2025,283681.85,14.68,12,Pending,Under Review,41644.5
L002476,C02721,BR010,Auto,05-06-2024,997247.57,7.98,48,Approved,Active,318321.42
L002477,C01748,BR008,Business,30-11-2023,1973298.13,13.94,36,Approved,Active,825233.28
L002478,C02715,BR007,Business,27-11-2024,760614.25,10.81,240,Rejected,Rejected,1644448.01
L002479,C00059,BR006,Business,15-06-2023,886740.86,12.06,240,Rejected,Rejected,2138818.95
L002480,C02870,BR008,Education,05-01-2024,456524.54,10.55,36,Rejected,Rejected,144490.02
L002481,C02594,BR001,Education,25-12-2023,120768.98,11.34,12,Approved,Active,13695.2
L002482,C02626,BR009,Personal,18-07-2024,894230.41,11.66,48,Approved,Active,417069.06
L002483,C01655,BR006,Home,31-03-2023,1256596.91,9.32,12,Approved,Active,117114.83
L002484,C02246,BR010,Business,18-01-2024,2295925.28,8.91,12,Rejected,Rejected,204566.94
L002485,C02028,BR015,Business,19-06-2025,2419776.42,13.28,36,Rejected,Rejected,964038.93
L002486,C02127,BR001,Business,07-10-2023,1131577.53,10.02,120,Approved,Active,1133840.69
L002487,C02352,BR005,Personal,04-01-2025,619494.65,9.04,36,Approved,Defaulted,168006.95
L002488,C02599,BR015,Business,03-05-2025,1254248,7.77,84,Approved,Active,682185.49
L002489,C01445,BR005,Personal,16-01-2025,235549.49,14.05,12,Approved,Active,33094.7
L002490,C02519,BR006,Auto,05-08-2023,719434.46,8.71,12,Pending,Under Review,62662.74
L002491,C02118,BR013,Home,26-09-2025,2946146.74,13.67,36,Approved,Active,1208214.78
L002492,C00526,BR010,Business,29-01-2024,988917.75,7.43,24,Approved,Active,146953.18
L002493,C01635,BR012,Personal,29-01-2023,184898.78,9.16,120,Approved,Active,169367.28
L002494,C01913,BR002,Home,27-12-2025,2916535.14,9.8,120,Approved,Active,2858204.44
L002495,C00628,BR006,Personal,04-02-2025,763200.93,11.86,48,Approved,Active,362062.52
L002496,C00427,BR008,Personal,10-10-2025,264822.27,13.77,24,Approved,Active,72932.05
L002497,C02137,BR001,Personal,03-01-2025,471394,8.11,12,Approved,Closed,38230.05
L002498,C00975,BR003,Education,23-02-2023,649053.37,12.55,36,Approved,Active,244368.59
L002499,C01735,BR015,Personal,21-11-2023,199768.76,9.95,120,Approved,Closed,198769.92
L002500,C01731,BR011,Home,01-07-2023,856824.1,9.54,24,Approved,Closed,163482.04
L002501,C02053,BR007,Education,10-03-2024,143948.45,9.93,36,Approved,Defaulted,42882.24
L002502,C02418,BR015,Personal,30-09-2025,215314.16,7.88,12,Pending,Under Review,16966.76
L002503,C02412,BR009,Auto,19-03-2025,276759.33,10.51,36,Approved,Active,87262.22
L002504,C02970,BR005,Auto,06-01-2025,355161.38,10.07,60,Approved,Active,178823.75
L002505,C00252,BR009,Education,18-04-2024,146747.4,12.99,84,Approved,Active,133437.41
L002506,C01724,BR010,Personal,23-02-2025,119957.46,10.83,48,Approved,Closed,51965.57
L002507,C02644,BR013,Personal,21-02-2025,320362.8,11.18,60,Approved,Active,179082.81
L002508,C00291,BR005,Business,05-11-2023,450075.75,12.76,240,Approved,Closed,1148593.31
L002509,C02702,BR003,Business,09-09-2023,1998562.62,13.61,24,Pending,Under Review,544008.75
L002510,C02902,BR003,Personal,17-08-2024,621291.13,13.81,36,Pending,Under Review,257400.92
L002511,C00247,BR001,Personal,17-08-2023,850404.32,12.85,24,Pending,Under Review,218553.91
L002512,C00651,BR009,Home,02-04-2023,1664186.8,8.83,240,Approved,Closed,2938953.89
L002513,C00911,BR010,Auto,07-08-2025,455554.84,10.08,180,Approved,Active,688798.92
L002514,C00141,BR003,Education,22-12-2023,574515.13,13.54,240,Rejected,Rejected,1555786.97
L002515,C02536,BR006,Business,06-03-2024,1242822.26,8.89,180,Rejected,Rejected,1657303.48
L002516,C02875,BR001,Personal,17-10-2024,322161.06,13.21,120,Approved,Active,425574.76
L002517,C02311,BR003,Personal,21-11-2023,145363.1,11.32,84,Approved,Defaulted,115185.72
L002518,C00158,BR013,Auto,07-02-2023,608897.51,14.74,36,Rejected,Rejected,269254.48
L002519,C02223,BR001,Education,24-10-2024,382557.09,14.1,12,Pending,Under Review,53940.55
L002520,C00029,BR002,Auto,12-02-2023,923647.28,14.73,60,Approved,Active,680266.22
L002521,C00748,BR005,Education,07-03-2024,368098,13.05,120,Approved,Active,480367.89
L002522,C01357,BR006,Auto,19-06-2025,1075272.17,10.56,24,Approved,Active,227097.48
L002523,C02130,BR011,Home,02-03-2023,727055.91,8.37,120,Rejected,Rejected,608545.8
L002524,C01642,BR013,Home,21-02-2025,939779.94,9.77,48,Approved,Active,367266
L002525,C02632,BR006,Business,15-07-2023,1854197.98,12.67,12,Approved,Closed,234926.88
L002526,C00681,BR012,Business,09-06-2025,2436452.05,11.89,240,Approved,Active,5793882.97
L002527,C00547,BR007,Business,18-04-2025,1925820.3,7.92,48,Approved,Active,610099.87
L002528,C00972,BR014,Education,19-01-2024,421894.73,10.03,24,Approved,Active,84632.08
L002529,C02952,BR007,Personal,26-01-2025,265431.07,11.73,84,Approved,Active,217945.45
L002530,C02941,BR008,Home,05-07-2023,1774568.15,10,36,Rejected,Rejected,532370.44
L002531,C02785,BR010,Auto,05-07-2025,263440.34,8.05,36,Approved,Active,63620.84
L002532,C00886,BR005,Home,18-04-2023,1868685.76,9.39,48,Approved,Active,701878.37
L002533,C02997,BR005,Personal,09-02-2025,642846.99,9.03,84,Approved,Active,406343.58
L002534,C02075,BR007,Personal,27-12-2024,697451.25,10.96,120,Approved,Closed,764406.57
L002535,C01065,BR010,Personal,10-08-2024,439940.86,12.43,36,Pending,Under Review,164053.95
L002536,C01838,BR008,Education,17-06-2023,226402.65,12.33,24,Pending,Under Review,55830.89
L002537,C00757,BR012,Personal,12-06-2024,746097.31,11.04,36,Approved,Active,247107.43
L002538,C00348,BR010,Education,04-11-2023,84489.85,10.29,240,Approved,Closed,173880.11
L002539,C01166,BR004,Home,26-01-2024,1746852.93,12.85,60,Approved,Active,1122353.01
L002540,C00924,BR010,Personal,17-05-2023,641931.66,10.61,48,Rejected,Rejected,272435.8
L002541,C02365,BR001,Home,05-01-2023,2943838.15,7.72,12,Approved,Active,227264.31
L002542,C01221,BR001,Education,01-05-2025,223731.95,12.19,24,Approved,Active,54545.85
L002543,C00798,BR004,Education,05-04-2024,64515.68,11.99,240,Approved,Active,154708.6
L002544,C01885,BR002,Auto,29-11-2024,123682.81,13.9,84,Approved,Active,120343.37
L002545,C02065,BR005,Personal,21-04-2024,307346.46,11.6,84,Approved,Closed,249565.33
L002546,C02661,BR008,Education,24-06-2024,527873.13,13.37,60,Approved,Active,352883.19
L002547,C02913,BR007,Education,22-05-2025,289685.49,12.79,36,Approved,Active,111152.32
L002548,C01836,BR005,Home,26-09-2025,1222700.41,9.15,24,Approved,Active,223754.18
L002549,C01701,BR008,Personal,03-05-2023,114011.78,12.22,36,Approved,Defaulted,41796.72
L002550,C01359,BR004,Personal,31-12-2023,875872.44,10.12,84,Rejected,Rejected,620468.04
L002551,C00094,BR010,Personal,02-09-2024,395947.3,7.56,120,Approved,Active,299336.16
L002552,C02419,BR001,Home,16-10-2025,2329122.26,7.85,180,Approved,Active,2742541.46
L002553,C00744,BR001,Personal,03-12-2023,575396.7,12.27,120,Approved,Active,706011.75
L002554,C00050,BR012,Auto,23-03-2024,1047028.12,13.59,48,Approved,Active,569164.49
L002555,C02953,BR011,Home,13-10-2025,1316626.15,14.67,36,Approved,Active,579447.17
L002556,C02361,BR003,Home,04-11-2023,1396639.44,8.61,120,Approved,Active,1202506.56
L002557,C02182,BR005,Education,06-10-2023,527314.51,14.38,240,Approved,Active,1516556.53
L002558,C01746,BR003,Business,14-09-2024,2038775.48,12.04,84,Approved,Defaulted,1718279.97
L002559,C00176,BR002,Personal,26-07-2023,722026.75,8.65,36,Rejected,Rejected,187365.94
L002560,C02433,BR007,Business,25-05-2025,1385753.63,12.81,240,Approved,Active,3550300.8
L002561,C01987,BR009,Personal,03-12-2025,809266.14,11.13,240,Pending,Under Review,1801426.43
L002562,C02494,BR001,Auto,30-06-2024,988739.26,9.09,84,Rejected,Rejected,629134.79
L002563,C01778,BR008,Business,02-03-2024,2076105.41,9.59,60,Approved,Active,995492.54
L002564,C00034,BR006,Business,31-12-2025,1945213.5,7.72,12,Rejected,Rejected,150170.48
L002565,C01140,BR012,Personal,27-04-2023,665942.8,12.41,60,Rejected,Rejected,413217.51
L002566,C02686,BR001,Home,29-12-2024,1352082.28,8.85,240,Rejected,Rejected,2393185.64
L002567,C01879,BR001,Education,03-07-2024,298148.07,13.83,240,Approved,Active,824677.56
L002568,C02523,BR006,Personal,27-11-2024,259639.59,14.01,84,Approved,Defaulted,254628.55
L002569,C02857,BR001,Auto,26-11-2023,603218.58,7.65,60,Approved,Active,230731.11
L002570,C02121,BR011,Home,21-10-2024,2120533.43,9.1,24,Approved,Active,385937.08
L002571,C01335,BR006,Personal,02-01-2024,472956.94,13.55,120,Pending,Under Review,640856.65
L002572,C00986,BR010,Home,26-03-2025,707679.59,10.5,60,Approved,Active,371531.78
L002573,C02260,BR005,Personal,07-02-2025,479611.17,11.46,48,Approved,Active,219853.76
L002574,C00254,BR005,Personal,15-10-2023,439186.93,10.24,48,Approved,Closed,179890.97
L002575,C00272,BR012,Personal,08-04-2024,178827.92,12.35,180,Approved,Closed,331278.72
L002576,C01127,BR013,Auto,15-01-2024,561457.08,14.56,48,Rejected,Rejected,326992.6
L002577,C01610,BR009,Business,07-11-2023,1413595.33,9.87,60,Approved,Defaulted,697609.3
L002578,C00732,BR009,Education,27-11-2025,652447.65,9.33,12,Approved,Active,60873.37
L002579,C02286,BR008,Home,11-01-2024,562421.2,12.96,48,Approved,Defaulted,291559.15
L002580,C01641,BR003,Personal,24-10-2025,657868.32,7.34,180,Approved,Active,724313.02
L002581,C01396,BR013,Personal,01-02-2024,864105.94,11.09,12,Approved,Closed,95829.35
L002582,C01459,BR004,Personal,26-11-2024,827400.68,12.37,36,Approved,Active,307048.39
L002583,C01526,BR005,Personal,30-09-2024,586417.44,12.93,48,Pending,Under Review,303295.1
L002584,C01785,BR006,Education,13-06-2024,649711.63,12.19,12,Approved,Active,79199.85
L002585,C01165,BR015,Education,06-05-2024,130504.22,10.78,12,Rejected,Rejected,14068.35
L002586,C00471,BR005,Business,22-08-2024,705278.01,11.06,12,Approved,Active,78003.75
L002587,C01694,BR005,Business,01-08-2025,1247083.26,12.57,84,Approved,Active,1097308.56
L002588,C01307,BR001,Auto,25-01-2023,841871.34,12.35,36,Approved,Active,311913.33
L002589,C01377,BR006,Personal,12-10-2024,883031,9.01,24,Approved,Active,159122.19
L002590,C00748,BR005,Home,25-07-2025,905432.68,13.8,24,Approved,Active,249899.42
L002591,C01295,BR002,Auto,29-12-2023,262709.74,9.04,24,Approved,Active,47497.92
L002592,C01124,BR010,Business,18-12-2025,2090334.66,12.55,84,Rejected,Rejected,1836359
L002593,C00594,BR010,Personal,26-12-2023,131263.82,8.79,240,Approved,Closed,230761.8
L002594,C00842,BR004,Business,13-07-2023,1366748.88,12.03,24,Approved,Closed,328839.78
L002595,C01903,BR002,Personal,07-08-2025,514054.5,8.82,60,Approved,Active,226698.03
L002596,C01118,BR005,Home,28-11-2023,1412611.54,13.1,12,Approved,Active,185052.11
L002597,C00789,BR001,Home,15-04-2025,2953196.26,7.98,12,Approved,Defaulted,235665.06
L002598,C01259,BR006,Home,14-09-2024,968549.49,14.3,120,Pending,Under Review,1385025.77
L002599,C00196,BR014,Home,10-04-2025,625066.8,10.5,36,Pending,Under Review,196896.04
L002600,C02399,BR004,Education,27-11-2023,96343.62,8.22,120,Pending,Under Review,79194.46
L002601,C01954,BR006,Personal,08-02-2025,165070.43,9.47,180,Approved,Active,234482.55
L002602,C01221,BR001,Auto,31-01-2023,1134806.58,11.66,180,Pending,Under Review,1984776.71
L002603,C01167,BR009,Home,21-08-2023,1876679.46,12.53,60,Pending,Under Review,1175739.68
L002604,C00477,BR007,Auto,19-02-2024,977065.59,12.58,120,Approved,Closed,1229148.51
L002605,C00854,BR006,Home,25-08-2023,1646258.02,8.17,120,Rejected,Rejected,1344992.8
L002606,C02887,BR008,Business,19-12-2024,674114.19,8.83,120,Rejected,Rejected,595242.83
L002607,C01258,BR005,Home,17-08-2024,670095.09,13.23,24,Approved,Active,177307.16
L002608,C02147,BR007,Personal,14-11-2025,585860.09,9.84,12,Rejected,Rejected,57648.63
L002609,C00853,BR013,Personal,25-12-2023,439538.7,11.9,12,Rejected,Rejected,52305.11
L002610,C01398,BR009,Education,19-05-2025,202914.55,7.38,24,Approved,Defaulted,29950.19
L002611,C00022,BR012,Personal,17-09-2024,586980.96,14.35,60,Approved,Active,421158.84
L002612,C02692,BR012,Auto,17-07-2023,624294,14.6,60,Approved,Active,455734.62
L002613,C02803,BR010,Education,26-07-2023,84123.32,13.92,120,Approved,Active,117099.66
L002614,C00539,BR005,Home,12-12-2023,2884645.16,13.62,180,Approved,Closed,5893330.06
L002615,C01796,BR007,Business,22-01-2024,2455293.24,14.19,84,Approved,Closed,2438842.78
L002616,C01291,BR002,Auto,27-04-2024,659047.22,13.23,48,Approved,Active,348767.79
L002617,C00394,BR003,Business,30-04-2024,1022700.33,11.35,180,Approved,Active,1741147.31
L002618,C02636,BR001,Education,01-06-2025,51616.3,9.93,60,Approved,Active,25627.49
L002619,C01054,BR008,Business,18-11-2024,358489.45,13.89,48,Approved,Active,199176.74
L002620,C02067,BR006,Business,17-10-2023,1609284.64,10.62,24,Approved,Closed,341812.06
L002621,C01658,BR010,Personal,20-10-2024,697001.74,11.69,84,Approved,Closed,570356.52
L002622,C00124,BR005,Personal,30-10-2024,518362.64,11.87,36,Approved,Active,184588.94
L002623,C00093,BR012,Personal,06-05-2024,626139.63,14.6,180,Approved,Active,1371245.79
L002624,C01641,BR003,Home,15-02-2024,2753099.16,13.35,24,Approved,Active,735077.48
L002625,C01734,BR004,Education,19-10-2025,434995.79,12.54,84,Approved,Active,381839.3
L002626,C00052,BR003,Home,01-12-2023,2748445.4,9.57,120,Approved,Active,2630262.25
L002627,C01591,BR006,Personal,10-02-2025,160412.48,11.93,24,Approved,Active,38274.42
L002628,C00028,BR001,Personal,23-11-2023,270145.23,12.01,120,Approved,Active,324444.42
L002629,C01682,BR007,Education,14-12-2025,387158.97,13.9,240,Approved,Active,1076301.94
L002630,C02911,BR013,Home,15-04-2023,2481896.65,12.14,12,Approved,Active,301302.25
L002631,C00188,BR009,Personal,13-02-2024,302897.07,13.51,240,Approved,Active,818427.88
L002632,C02760,BR008,Auto,01-12-2023,158547.16,14.08,48,Approved,Active,89293.76
L002633,C00721,BR003,Personal,16-11-2024,643937.33,13.4,240,Approved,Active,1725752.04
L002634,C01533,BR010,Business,14-12-2023,1290407.51,9.06,180,Approved,Defaulted,1753663.81
L002635,C02426,BR008,Auto,30-07-2024,670137.64,8.3,180,Approved,Active,834321.36
L002636,C01537,BR012,Personal,08-01-2024,746996.61,13.4,60,Rejected,Rejected,500487.73
L002637,C02511,BR001,Personal,29-08-2025,200803.97,8.42,180,Approved,Active,253615.41
L002638,C02479,BR009,Auto,20-04-2023,772863.31,8.16,24,Approved,Active,126131.29
L002639,C01173,BR002,Home,05-09-2024,1609933.39,14.18,36,Approved,Active,684865.66
L002640,C00737,BR006,Personal,06-08-2024,896983.22,7.52,36,Rejected,Rejected,202359.41
L002641,C02776,BR009,Personal,23-08-2025,525935.81,14.25,240,Pending,Under Review,1498917.06
L002642,C02792,BR003,Business,15-07-2025,2245716,8.8,24,Approved,Defaulted,395246.02
L002643,C01539,BR008,Home,12-12-2025,2500758.77,10.92,48,Approved,Active,1092331.43
L002644,C02512,BR015,Personal,05-12-2024,375704.51,11.61,180,Rejected,Rejected,654289.4
L002645,C00858,BR006,Business,19-12-2024,557125.2,13.18,60,Approved,Active,367145.51
L002646,C02363,BR010,Home,11-10-2025,501373.26,7.57,60,Rejected,Rejected,189769.78
L002647,C02377,BR008,Education,19-02-2024,277867.62,9.83,12,Approved,Active,27314.39
L002648,C02290,BR006,Personal,24-08-2023,360933.92,11.01,24,Pending,Under Review,79477.65
L002649,C00696,BR009,Auto,30-11-2024,771540.96,11.68,120,Approved,Active,901159.84
L002650,C00425,BR008,Business,03-06-2025,1512817.49,13.97,120,Approved,Closed,2113406.03
L002651,C00006,BR003,Home,12-08-2023,993613.53,13.31,48,Approved,Active,528999.84
L002652,C00943,BR007,Auto,27-02-2023,259888.56,9.07,12,Rejected,Rejected,23571.89
L002653,C00779,BR005,Business,15-05-2023,1301007.95,10.91,120,Approved,Active,1419399.67
L002654,C00906,BR008,Education,20-12-2025,363362.27,8.32,36,Approved,Closed,90695.22
L002655,C01234,BR010,Personal,09-05-2023,840569.72,11.14,48,Approved,Closed,374557.87
L002656,C00211,BR008,Auto,29-12-2023,764072.12,12.25,24,Approved,Closed,187197.67
L002657,C01704,BR005,Business,25-04-2025,331656.42,13.31,84,Approved,Active,309004.29
L002658,C00583,BR011,Business,16-05-2024,2316294.82,8.38,12,Approved,Active,194105.51
L002659,C01382,BR001,Auto,12-05-2024,924742.85,11.4,36,Approved,Active,316262.05
L002660,C02301,BR004,Personal,14-05-2023,895293.85,12.96,48,Approved,Active,464120.33
L002661,C02495,BR005,Personal,13-04-2025,403865.58,9.31,84,Rejected,Rejected,263199.2
L002662,C02191,BR007,Personal,30-07-2023,329966.97,8.47,240,Approved,Active,558964.05
L002663,C01997,BR006,Education,04-12-2023,383886.72,10.04,120,Approved,Active,385422.27
L002664,C02138,BR006,Home,31-01-2024,2918851.37,8.93,12,Approved,Active,260653.43
L002665,C01548,BR006,Auto,13-12-2024,475666.64,9.32,120,Approved,Active,443321.31
L002666,C01154,BR006,Home,22-08-2024,1031855.7,10.86,48,Approved,Active,448238.12
L002667,C01936,BR012,Personal,10-09-2023,467318.42,14.31,84,Approved,Active,468112.86
L002668,C01080,BR011,Personal,09-11-2025,666274.3,8.64,12,Approved,Closed,57566.1
L002669,C00022,BR012,Auto,03-06-2025,408861.51,11.2,48,Pending,Under Review,183169.96
L002670,C02506,BR012,Auto,25-09-2023,693703.39,13.21,48,Approved,Active,366552.87
L002671,C01393,BR011,Business,06-12-2023,2078052.53,12.16,180,Approved,Active,3790367.81
L002672,C01246,BR007,Business,26-06-2025,1779245.72,13.03,48,Approved,Defaulted,927342.87
L002673,C00221,BR007,Personal,22-09-2023,878724.3,7.64,240,Approved,Active,1342690.73
L002674,C01806,BR014,Home,03-12-2023,1569530.2,13.75,84,Approved,Closed,1510672.82
L002675,C01024,BR001,Home,26-07-2023,1356196.24,7.39,12,Approved,Active,100222.9
L002676,C02290,BR006,Business,13-11-2025,1102383.49,8.3,36,Rejected,Rejected,274493.49
L002677,C02262,BR001,Education,09-03-2024,235811.45,13.37,120,Approved,Active,315279.91
L002678,C00186,BR001,Home,25-04-2025,2457495.77,14.14,84,Approved,Closed,2432429.31
L002679,C01475,BR008,Business,10-09-2023,2150934.1,7.85,180,Pending,Under Review,2532724.9
L002680,C02910,BR008,Home,16-09-2023,1944321.33,10.33,84,Approved,Closed,1405938.75
L002681,C00051,BR005,Auto,13-08-2024,388491.8,12.81,180,Pending,Under Review,746486.99
L002682,C00173,BR004,Personal,25-02-2024,891506.17,10.08,48,Approved,Active,359455.29
L002683,C02258,BR006,Personal,31-05-2025,92285.95,14.7,24,Pending,Under Review,27132.07
L002684,C02359,BR005,Auto,10-11-2024,863413.79,8.55,60,Approved,Closed,369109.4
L002685,C00877,BR007,Auto,20-07-2025,1069333.24,10.48,84,Approved,Active,784462.86
L002686,C01271,BR005,Education,01-01-2025,143612.13,13.11,120,Approved,Active,188275.5
L002687,C00344,BR011,Auto,02-03-2024,314576.01,14.02,240,Approved,Active,882071.13
L002688,C00466,BR008,Personal,30-03-2025,731425.52,10.64,48,Approved,Active,311294.7
L002689,C01247,BR007,Auto,20-10-2025,695981.87,13.83,48,Approved,Closed,385017.17
L002690,C02338,BR012,Business,23-02-2023,456821.41,13.61,36,Pending,Under Review,186520.18
L002691,C02301,BR004,Personal,02-04-2025,828080.47,11.02,24,Approved,Active,182508.94
L002692,C01220,BR005,Personal,31-01-2023,249894.76,8.17,120,Approved,Closed,204164.02
L002693,C02979,BR008,Home,02-01-2024,2895463.5,14.6,120,Approved,Closed,4227376.71
L002694,C00236,BR001,Auto,26-09-2024,1004286.64,11.99,24,Approved,Active,240827.94
L002695,C00058,BR009,Education,04-08-2025,427292.01,14.3,84,Approved,Active,427719.3
L002696,C00727,BR012,Home,05-02-2025,1214281.18,11.98,12,Approved,Closed,145470.89
L002697,C01031,BR004,Business,22-05-2023,307760.62,13.45,48,Approved,Active,165575.21
L002698,C01457,BR007,Education,28-05-2025,336665.36,12.57,48,Approved,Active,169275.34
L002699,C02249,BR008,Auto,23-08-2024,108384.51,10.53,48,Rejected,Rejected,45651.56
L002700,C00574,BR009,Business,18-09-2024,493128.93,10.83,240,Approved,Closed,1068117.26
L002701,C02565,BR001,Personal,27-06-2024,612428.58,12.63,84,Approved,Closed,541448.11
L002702,C02288,BR015,Auto,31-12-2023,1188283.19,9.31,12,Approved,Active,110629.16
L002703,C00153,BR002,Auto,05-05-2025,652083.15,11.17,240,Rejected,Rejected,1456753.76
L002704,C01769,BR005,Home,11-04-2025,2943952.13,10.58,84,Rejected,Rejected,2180290.95
L002705,C00006,BR003,Home,18-03-2023,2340906.63,8.36,180,Pending,Under Review,2935496.91
L002706,C02641,BR005,Personal,14-05-2023,179171.8,10.59,24,Approved,Active,37948.59
L002707,C00549,BR012,Personal,19-05-2024,405783.96,8.35,60,Rejected,Rejected,169414.8
L002708,C00736,BR002,Home,23-07-2025,2489297.47,8.39,60,Approved,Active,1044260.29
L002709,C02727,BR003,Personal,22-11-2024,202034.44,13.77,180,Rejected,Rejected,417302.14
L002710,C01607,BR006,Home,04-07-2024,1239807.7,9.29,84,Approved,Closed,806246.95
L002711,C01423,BR008,Personal,31-03-2024,56542.31,10.75,48,Approved,Active,24313.19
L002712,C00160,BR007,Personal,13-07-2025,851470.8,7.4,240,Approved,Defaulted,1260176.78
L002713,C00284,BR006,Home,30-11-2025,2294497.82,14.36,84,Approved,Active,2306429.21
L002714,C00694,BR008,Education,13-02-2025,317081.76,13.03,12,Approved,Closed,41315.75
L002715,C01849,BR006,Personal,17-09-2025,807411.11,13.73,48,Approved,Defaulted,443430.18
L002716,C01452,BR007,Education,31-01-2023,213137.17,13.53,180,Approved,Active,432561.89
L002717,C02578,BR006,Personal,07-06-2025,290143.72,11.05,180,Rejected,Rejected,480913.22
L002718,C00509,BR009,Personal,21-04-2025,791926.62,10.4,48,Approved,Closed,329441.47
L002719,C02737,BR007,Education,02-03-2024,286880.93,12.57,180,Approved,Defaulted,540913.99
L002720,C02132,BR008,Business,24-07-2024,549010.13,12.46,24,Approved,Active,136813.32
L002721,C00965,BR003,Personal,23-02-2024,470347.7,11.41,48,Approved,Active,214666.69
L002722,C00859,BR008,Education,17-02-2023,443981.55,12.47,24,Approved,Closed,110729
L002723,C01784,BR003,Auto,05-04-2025,875373.17,10.77,36,Pending,Under Review,282833.07
L002724,C00704,BR005,Home,03-02-2023,1453286.73,11.13,60,Approved,Defaulted,808754.07
L002725,C00559,BR007,Personal,31-01-2025,277705.83,11.23,24,Approved,Closed,62372.73
L002726,C02792,BR003,Home,29-06-2023,2365759.17,13.76,120,Pending,Under Review,3255284.62
L002727,C01231,BR008,Business,20-08-2024,1963974.6,14.55,180,Rejected,Rejected,4286374.56
L002728,C00234,BR011,Business,20-10-2023,1291949.81,9.96,84,Approved,Active,900747.41
L002729,C00163,BR009,Education,18-12-2025,120415.55,11.4,36,Approved,Closed,41182.12
L002730,C01311,BR015,Personal,20-04-2023,633480.51,13.83,240,Approved,Active,1752207.09
L002731,C01262,BR014,Auto,25-08-2025,182770.03,10.78,180,Approved,Closed,295539.14
L002732,C00805,BR005,Personal,28-09-2025,383561.63,7.79,24,Approved,Active,59758.9
L002733,C01938,BR008,Business,25-11-2024,1751904.49,13.65,12,Approved,Closed,239134.96
L002734,C02869,BR015,Home,21-08-2023,2113345.09,8.23,24,Rejected,Rejected,347856.6
L002735,C01900,BR007,Auto,22-06-2025,285778.46,10.99,24,Pending,Under Review,62814.11
L002736,C02746,BR012,Home,12-11-2024,2474848.47,10.74,48,Approved,Active,1063194.9
L002737,C02944,BR005,Auto,18-06-2024,586855.84,8.27,48,Approved,Active,194131.91
L002738,C02533,BR009,Home,25-01-2023,2074306.5,10.35,180,Approved,Active,3220360.84
L002739,C01616,BR005,Personal,14-12-2024,820377.43,11.1,84,Approved,Active,637433.26
L002740,C02160,BR012,Personal,16-12-2024,450332.21,12.2,84,Approved,Active,384583.71
L002741,C00578,BR007,Personal,22-08-2023,824219.93,11.24,120,Approved,Active,926423.2
L002742,C00018,BR006,Home,25-02-2023,1325768.2,12.99,60,Pending,Under Review,861086.45
L002743,C01522,BR006,Auto,14-07-2024,894851.18,7.3,12,Approved,Active,65324.14
L002744,C00934,BR011,Home,25-08-2023,2354507.6,14.39,180,Approved,Active,5082204.65
L002745,C02399,BR004,Business,21-02-2024,2246616.2,13.06,240,Rejected,Rejected,5868161.51
L002746,C01255,BR003,Education,01-07-2023,496864.78,8.33,24,Rejected,Rejected,82777.67
L002747,C00239,BR012,Auto,18-07-2024,108484.31,12.01,120,Approved,Active,130289.66
L002748,C01201,BR009,Home,18-06-2025,2870278.61,14.16,84,Approved,Active,2845020.16
L002749,C02638,BR012,Home,11-03-2023,1283069.39,9.69,36,Approved,Active,372988.27
L002750,C00229,BR012,Personal,18-03-2024,542351.74,8.88,36,Approved,Active,144482.5
L002751,C01251,BR008,Home,25-01-2025,1023048.84,11.43,60,Approved,Active,584672.41
L002752,C01210,BR003,Business,10-06-2024,2015380.44,7.44,60,Approved,Active,749721.52
L002753,C00052,BR003,Personal,29-05-2025,521255.06,7.34,180,Rejected,Rejected,573901.82
L002754,C01032,BR005,Auto,24-05-2025,1061503.07,7.58,24,Approved,Active,160923.87
L002755,C00193,BR010,Auto,23-08-2024,559827.67,12.77,24,Approved,Active,142979.99
L002756,C00309,BR003,Personal,11-05-2023,376306.17,9.21,120,Approved,Active,346577.98
L002757,C01630,BR005,Personal,13-12-2024,401170.92,13.85,12,Approved,Active,55562.17
L002758,C02602,BR008,Personal,09-04-2024,357283.45,12.14,84,Approved,Active,303619.48
L002759,C00048,BR001,Auto,12-04-2025,630324.19,12.74,24,Approved,Active,160606.6
L002760,C02238,BR009,Personal,26-02-2023,63027.22,12.04,36,Approved,Closed,22765.43
L002761,C01627,BR011,Auto,23-02-2025,1081811.01,11.48,180,Approved,Active,1862878.56
L002762,C01093,BR003,Personal,26-08-2025,169544.66,10.17,120,Pending,Under Review,172426.92
L002763,C01856,BR008,Personal,03-09-2025,131906.53,12.47,240,Approved,Active,328974.89
L002764,C02763,BR009,Auto,03-06-2024,227976.82,12.32,24,Approved,Active,56173.49
L002765,C02740,BR001,Home,03-11-2025,2489279.3,8.05,240,Approved,Active,4007739.67
L002766,C01110,BR001,Home,08-11-2025,2644705.09,7.85,60,Approved,Active,1038046.75
L002767,C01669,BR013,Education,16-04-2023,164778.46,11.4,36,Pending,Under Review,56354.23
L002768,C00261,BR005,Personal,15-03-2025,580566.15,7.41,48,Rejected,Rejected,172079.81
L002769,C02946,BR008,Business,05-06-2023,1982328.88,12.73,84,Approved,Active,1766453.26
L002770,C02264,BR013,Auto,12-02-2024,212105.32,9.85,240,Rejected,Rejected,417847.48
L002771,C01661,BR005,Personal,04-04-2024,820943.4,7.65,24,Rejected,Rejected,125604.34
L002772,C00040,BR008,Home,05-02-2025,2957395,14.48,60,Approved,Active,2141153.98
L002773,C02468,BR015,Personal,05-05-2023,184120.66,9.9,60,Approved,Closed,91139.73
L002774,C02035,BR007,Personal,14-03-2023,426862.22,14.33,180,Approved,Active,917540.34
L002775,C02430,BR009,Business,15-07-2025,2381303.57,12.29,24,Approved,Active,585324.42
L002776,C02294,BR001,Home,27-04-2024,2673945.43,7.91,12,Approved,Active,211509.08
L002777,C00330,BR008,Home,18-08-2024,2725947.28,9.59,36,Rejected,Rejected,784255.03
L002778,C00746,BR002,Home,02-03-2024,2106614.33,10.93,84,Approved,Active,1611770.62
L002779,C02566,BR006,Personal,24-11-2024,181947.6,8.4,24,Rejected,Rejected,30567.2
L002780,C01086,BR015,Business,15-08-2023,1774269.51,12.36,120,Rejected,Rejected,2192997.11
L002781,C02404,BR001,Home,09-04-2024,2226644.2,13.32,84,Approved,Active,2076123.05
L002782,C01159,BR001,Personal,23-01-2025,238515.04,12.93,84,Approved,Active,215879.96
L002783,C00185,BR009,Auto,23-12-2024,518525.54,11.53,240,Approved,Active,1195719.9
L002784,C00766,BR011,Auto,24-07-2023,135178.59,8.74,180,Approved,Active,177219.13
L002785,C00480,BR014,Personal,13-12-2025,99819.73,14.18,120,Approved,Closed,141544.38
L002786,C01799,BR007,Business,20-07-2023,420569.88,11.17,240,Approved,Closed,939553.11
L002787,C01398,BR009,Auto,24-06-2024,599592.26,7.41,180,Approved,Active,666446.8
L002788,C02935,BR002,Home,31-01-2025,2266221.65,12.08,120,Approved,Closed,2737595.75
L002789,C02197,BR005,Home,26-05-2023,651390.22,9.88,180,Rejected,Rejected,965360.31
L002790,C02633,BR014,Auto,25-12-2025,210896.35,11.12,60,Pending,Under Review,117258.37
L002791,C02031,BR012,Business,13-02-2024,1315045.44,7.84,24,Approved,Active,206199.12
L002792,C00504,BR015,Business,06-01-2023,2349401.09,7.43,48,Approved,Closed,698242
L002793,C02119,BR006,Personal,06-04-2023,353865.46,13.25,12,Approved,Active,46887.17
L002794,C02286,BR008,Business,21-09-2024,2370273.37,14.14,24,Pending,Under Review,670313.31
L002795,C01079,BR005,Personal,01-08-2023,343353.97,13.72,48,Approved,Active,188432.66
L002796,C00205,BR008,Personal,12-05-2023,411542.17,9.1,24,Rejected,Rejected,74900.67
L002797,C01333,BR003,Personal,23-05-2023,833203.98,8.38,48,Approved,Active,279289.97
L002798,C01708,BR014,Business,11-03-2025,1830931.58,12.04,36,Approved,Active,661332.49
L002799,C01572,BR012,Auto,08-09-2023,572447.43,13.05,12,Approved,Defaulted,74704.39
L002800,C02609,BR007,Personal,22-06-2025,405171.4,10.45,84,Approved,Defaulted,296382.88
L002801,C00993,BR001,Personal,03-08-2023,290506.62,10.8,12,Approved,Active,31374.71
L002802,C01160,BR004,Home,03-04-2024,1640289.58,11.06,36,Approved,Active,544248.08
L002803,C00921,BR006,Auto,27-12-2024,1026290.9,7.91,48,Rejected,Rejected,324718.44
L002804,C01076,BR012,Education,02-03-2025,527280.51,12.33,240,Rejected,Rejected,1300273.74
L002805,C00857,BR008,Personal,07-06-2023,448005.27,11.09,48,Rejected,Rejected,261993.48
L002806,C02165,BR008,Business,19-03-2025,474827.97,10.1,36,Approved,Active,143872.87
L002807,C01432,BR005,Business,18-03-2025,2361561.26,8.9,120,Approved,Active,2101789.52
L002808,C01243,BR011,Auto,14-03-2025,834983.18,11.74,36,Approved,Active,294081.08
L002809,C00434,BR015,Personal,04-03-2025,335740.33,13.68,120,Approved,Closed,459292.77
L002810,C02872,BR015,Home,26-04-2024,2120770.29,12.33,240,Approved,Active,5229819.54
L002811,C00994,BR009,Business,05-11-2023,993976.78,13.32,24,Approved,Defaulted,264795.41
L002812,C01740,BR003,Auto,16-12-2023,534580.18,10.36,60,Rejected,Rejected,276912.53
L002813,C02731,BR003,Auto,12-12-2023,714150.6,13.21,60,Approved,Active,471696.47
L002814,C01188,BR010,Home,02-10-2025,957094.66,7.89,180,Approved,Active,1132721.53
L002815,C02667,BR007,Home,17-07-2025,2846567.55,8.75,24,Approved,Active,498149.32
L002816,C01447,BR003,Education,16-04-2025,383842.45,13.87,120,Rejected,Rejected,532389.48
L002817,C00453,BR005,Auto,18-07-2023,754821.1,12.43,60,Approved,Closed,469121.31
L002818,C00529,BR004,Home,26-03-2025,2184326,14.45,48,Approved,Active,1262540.43
L002819,C00434,BR015,Business,16-03-2023,1692144.33,13.34,84,Approved,Defaulted,1580124.38
L002820,C00097,BR008,Business,26-03-2025,879934.71,13.62,24,Approved,Defaulted,239694.22
L002821,C02999,BR010,Personal,16-03-2024,892464.46,12.21,12,Approved,Closed,108969.91
L002822,C00370,BR008,Home,01-11-2025,2474167.13,8.89,60,Approved,Active,1099767.29
L002823,C01823,BR008,Business,19-03-2025,1505696.37,13.84,60,Approved,Active,1041941.89
L002824,C02079,BR001,Auto,18-09-2024,420188.16,9.73,84,Approved,Closed,286190.16
L002825,C02188,BR015,Education,07-02-2025,329668.63,8.86,36,Approved,Closed,87625.92
L002826,C02974,BR009,Education,22-10-2025,195068.13,13.07,24,Approved,Active,50990.81
L002827,C00972,BR014,Business,15-01-2023,2447819.9,13.6,36,Rejected,Rejected,998710.52
L002828,C01843,BR012,Home,11-09-2025,2228245.69,9.97,240,Approved,Active,4443121.91
L002829,C01757,BR006,Auto,21-12-2023,1081557.96,9.03,48,Approved,Active,390658.74
L002830,C01730,BR013,Personal,09-09-2023,725549.82,8.29,180,Approved,Closed,902221.2
L002831,C02746,BR012,Personal,27-01-2024,328940.19,12.36,240,Approved,Active,813140.15
L002832,C02772,BR012,Home,05-11-2023,1663374.12,10.37,240,Approved,Active,3449837.92
L002833,C02572,BR005,Personal,10-07-2024,399483,10.58,180,Approved,Active,633979.52
L002834,C00910,BR006,Home,09-02-2024,1636832.9,14.45,180,Approved,Closed,3547835.31
L002835,C01642,BR013,Home,05-08-2024,2879377.28,14.15,60,Approved,Active,2037159.43
L002836,C02643,BR011,Home,17-07-2023,2413023.65,11.68,48,Approved,Active,1127364.65
L002837,C02060,BR009,Home,07-03-2024,2063922.28,8.28,60,Approved,Active,854463.82
L002838,C02995,BR002,Education,15-09-2024,87937.2,10.4,120,Approved,Active,91454.69
L002839,C00509,BR009,Auto,20-12-2023,829476.52,7.85,48,Pending,Under Review,260455.63
L002840,C00196,BR014,Auto,14-01-2024,408222.14,10.18,12,Rejected,Rejected,41557.01
L002841,C00665,BR015,Personal,07-07-2025,871364.81,8.87,120,Approved,Active,772900.59
L002842,C02515,BR006,Business,14-10-2023,1499888.06,11.93,36,Approved,Active,536809.94
L002843,C02413,BR015,Auto,03-12-2023,543615.4,9.8,84,Approved,Active,372920.16
L002844,C02707,BR013,Auto,10-09-2024,167251.12,12.84,120,Rejected,Rejected,214750.44
L002845,C00835,BR012,Education,08-05-2025,292302.7,13.47,24,Approved,Closed,78746.35
L002846,C00522,BR003,Home,09-05-2023,2865859.31,13.13,120,Approved,Defaulted,3762873.27
L002847,C02270,BR008,Home,10-12-2023,1846423.49,11.28,120,Approved,Closed,2082765.7
L002848,C00337,BR008,Personal,26-05-2024,286254.21,8.82,36,Pending,Under Review,75742.86
L002849,C02614,BR006,Personal,29-11-2024,481064.25,10.23,24,Approved,Active,98425.75
L002850,C02017,BR010,Personal,28-01-2024,158527.19,10.33,12,Approved,Active,16375.86
L002851,C02080,BR011,Personal,15-07-2025,739528.24,9.34,120,Approved,Active,690719.38
L002852,C02367,BR002,Auto,13-11-2024,830153.88,12.26,24,Rejected,Rejected,203553.73
L002853,C01155,BR005,Personal,30-06-2023,456410.84,9.89,120,Approved,Closed,451390.32
L002854,C02981,BR010,Business,03-02-2023,1697542.55,7.82,48,Approved,Active,530991.31
L002855,C00130,BR002,Personal,16-04-2024,604956.41,11.25,48,Approved,Closed,272230.38
L002856,C00189,BR008,Auto,05-11-2023,442218.09,7.46,240,Approved,Active,659789.39
L002857,C01363,BR002,Personal,27-10-2024,299156.56,10.33,60,Pending,Under Review,154514.36
L002858,C02521,BR005,Auto,18-08-2024,994712.28,10.71,36,Approved,Closed,319601.06
L002859,C00424,BR015,Home,12-01-2024,2359175.8,13.51,180,Rejected,Rejected,4780869.76
L002860,C00991,BR015,Personal,23-07-2023,479519.22,13.46,36,Rejected,Rejected,193629.86
L002861,C01921,BR004,Home,27-01-2024,1223361.17,11.62,36,Approved,Active,426463.7
L002862,C01113,BR005,Personal,12-05-2023,842130.94,8.31,12,Approved,Active,69981.08
L002863,C02970,BR005,Education,22-06-2023,648694.51,9.63,240,Approved,Closed,1249385.63
L002864,C01375,BR013,Personal,12-05-2024,342507.63,10.79,24,Approved,Active,73913.15
L002865,C02843,BR002,Business,15-09-2025,530598.37,12.38,120,Approved,Closed,656880.78
L002866,C02728,BR005,Personal,03-07-2024,375002.27,14.75,24,Approved,Active,110625.67
L002867,C00799,BR008,Personal,09-07-2023,423183.92,7.89,48,Approved,Active,133556.85
L002868,C01320,BR007,Business,07-05-2024,2454548.05,7.93,48,Rejected,Rejected,778582.64
L002869,C02777,BR011,Personal,30-08-2023,231152.7,8.76,240,Approved,Active,404979.53
L002870,C00971,BR004,Personal,19-06-2025,785835.31,11.09,84,Approved,Active,610043.95
L002871,C01115,BR006,Home,11-07-2025,1892778.8,8.22,12,Approved,Active,155586.42
L002872,C01168,BR006,Business,11-05-2024,1418406.38,13.15,240,Approved,Active,3730408.78
L002873,C01676,BR015,Home,04-04-2024,2511020.95,8.76,12,Approved,Active,219965.44
L002874,C01440,BR002,Business,27-05-2025,2348506.48,13.74,240,Rejected,Rejected,6453695.81
L002875,C02147,BR007,Personal,10-05-2023,583339.24,10.56,48,Approved,Active,246402.49
L002876,C01178,BR008,Personal,28-08-2024,73873.23,9.87,180,Rejected,Rejected,109369.32
L002877,C01322,BR015,Auto,24-02-2025,614088.37,8.58,36,Approved,Active,158066.35
L002878,C02751,BR002,Business,07-04-2025,469137.17,8.99,60,Approved,Active,210877.16
L002879,C02030,BR006,Auto,22-06-2023,278132.5,14.61,48,Approved,Active,162540.63
L002880,C02982,BR004,Home,27-04-2025,1239076.47,7.95,60,Approved,Active,492532.9
L002881,C00153,BR002,Personal,16-10-2024,831114.86,7.53,48,Approved,Closed,250331.8
L002882,C00676,BR009,Home,22-10-2023,1304840.59,8.4,120,Approved,Active,1096066.1
L002883,C00990,BR007,Personal,19-03-2025,661755.12,13.6,36,Approved,Closed,269996.09
L002884,C00242,BR014,Personal,02-12-2023,654895.21,9.85,12,Rejected,Rejected,64507.18
L002885,C00056,BR008,Personal,21-05-2023,195609.73,12.87,24,Approved,Defaulted,50349.94
L002886,C01106,BR009,Personal,29-09-2023,863271.88,14.65,84,Approved,Active,885285.31
L002887,C00023,BR011,Business,28-05-2024,667400.77,7.61,180,Rejected,Rejected,761837.98
L002888,C01768,BR010,Business,31-03-2024,1481527.41,9.94,24,Approved,Active,294527.65
L002889,C02507,BR008,Home,19-12-2025,2755723.96,13.3,12,Approved,Active,366511.29
L002890,C00723,BR007,Home,03-06-2024,1807697.12,7.85,84,Approved,Active,993329.57
L002891,C02737,BR007,Home,01-12-2024,1596596.15,13.99,240,Approved,Active,4467276.03
L002892,C02698,BR007,Personal,12-04-2025,887091.47,9.87,24,Rejected,Rejected,175111.86
L002893,C01151,BR010,Auto,04-10-2023,211789.24,7.31,180,Approved,Active,232226.9
L002894,C02220,BR005,Education,25-06-2023,671652.35,11.5,12,Rejected,Rejected,77240.02
L002895,C02889,BR004,Education,31-12-2023,312145.35,8.84,48,Pending,Under Review,110374.6
L002896,C00302,BR012,Home,06-07-2023,2543471.18,9.35,12,Pending,Under Review,237814.56
L002897,C02579,BR009,Home,25-10-2025,1461180.52,8.37,120,Approved,Active,1223008.1
L002898,C01737,BR014,Home,09-03-2023,2664035.23,8.76,48,Approved,Active,933477.94
L002899,C02870,BR008,Home,19-11-2024,2804294.18,14.3,240,Approved,Active,8020281.35
L002900,C02247,BR012,Personal,01-01-2025,376677.18,10.85,48,Approved,Active,163477.9
L002901,C02437,BR007,Personal,26-12-2025,155672.17,8.96,48,Approved,Active,55792.91
L002902,C02615,BR002,Home,06-12-2025,1829267.82,10.44,180,Rejected,Rejected,2864633.41
L002903,C00174,BR008,Home,17-02-2025,2092034.65,12.82,60,Approved,Active,1340994.21
L002904,C02867,BR003,Business,15-02-2024,1617582.93,12.42,84,Approved,Active,1406326.6
L002905,C01558,BR013,Business,11-01-2025,1511741.89,13.75,240,Rejected,Rejected,4157290.2
L002906,C00651,BR009,Home,10-06-2024,1393894.12,8.29,120,Approved,Active,1155538.23
L002907,C00575,BR008,Auto,11-09-2023,351414.75,11.07,12,Pending,Under Review,38901.61
L002908,C02465,BR011,Education,16-07-2023,139082.94,11.94,48,Rejected,Rejected,66426.01
L002909,C02291,BR001,Personal,05-09-2023,872455.61,10.8,180,Approved,Active,1413378.09
L002910,C01170,BR012,Personal,12-01-2023,437601.53,12.7,36,Rejected,Rejected,166726.18
L002911,C00793,BR013,Personal,07-11-2024,884761.35,10.74,84,Rejected,Rejected,665163.58
L002912,C01603,BR010,Home,26-12-2024,931295.54,9.62,120,Rejected,Rejected,895906.31
L002913,C01422,BR001,Home,09-09-2023,2368823.44,10.72,60,Approved,Active,1269689.36
L002914,C00183,BR005,Home,24-03-2024,533375.69,8.55,60,Rejected,Rejected,228018.11
L002915,C01717,BR011,Education,14-09-2023,52328.56,9.13,12,Rejected,Rejected,4777.6
L002916,C01302,BR005,Personal,08-03-2025,136916.61,12.39,84,Approved,Closed,118747.78
L002917,C02596,BR012,Business,12-09-2024,1179967.48,11.53,60,Approved,Active,680251.25
L002918,C00493,BR001,Personal,25-03-2024,189702.76,11.67,84,Approved,Active,154968.18
L002919,C00150,BR005,Business,09-11-2024,743747.96,13.59,120,Approved,Active,1010753.48
L002920,C01223,BR005,Business,09-02-2025,2320417.03,8.75,12,Approved,Defaulted,203036.49
L002921,C02544,BR003,Auto,28-07-2025,414012.67,11.36,60,Approved,Active,235159.2
L002922,C02741,BR005,Home,21-08-2025,565333.73,9.18,84,Pending,Under Review,363283.45
L002923,C01855,BR005,Auto,06-09-2024,131907.04,10.78,84,Approved,Active,99537.05
L002924,C01562,BR008,Home,21-09-2023,1988776.18,14.23,180,Rejected,Rejected,4245042.76
L002925,C02176,BR005,Home,26-11-2025,962284.81,9.7,84,Rejected,Rejected,653391.39
L002926,C00525,BR002,Business,26-10-2023,841790.2,12.89,84,Approved,Active,759547.3
L002927,C00304,BR011,Home,01-06-2023,1269462.19,9.21,84,Rejected,Rejected,818422.27
L002928,C00823,BR013,Personal,05-08-2024,260756.13,10.26,60,Approved,Active,133767.89
L002929,C02120,BR010,Personal,08-05-2023,888954.56,8.5,60,Approved,Active,377805.69
L002930,C02061,BR004,Home,23-05-2024,1133025.93,9.04,180,Approved,Active,1536383.16
L002931,C00358,BR008,Business,14-06-2024,1812206.82,9.56,84,Approved,Active,1212728.8
L002932,C02291,BR001,Business,28-07-2025,1086576.67,11.45,60,Approved,Active,622065.14
L002933,C00845,BR011,Education,08-11-2025,303574.3,10.77,60,Approved,Active,163474.76
L002934,C01706,BR001,Business,06-03-2023,428945.7,12.09,48,Approved,Active,207438.14
L002935,C01872,BR005,Auto,23-10-2024,876717.53,9.24,180,Approved,Active,1215130.5
L002936,C02685,BR005,Personal,02-01-2025,881639.75,12.82,24,Approved,Active,226052.43
L002937,C02350,BR005,Business,07-08-2023,1968815.13,12.09,60,Approved,Active,1190148.75
L002938,C00867,BR009,Auto,07-03-2023,893671.29,7.99,36,Approved,Active,214213.01
L002939,C01858,BR007,Home,27-05-2024,1082940.62,12.5,120,Approved,Active,1353675.78
L002940,C00838,BR010,Personal,17-03-2023,826023.46,10.54,48,Approved,Closed,348251.49
L002941,C00147,BR015,Personal,02-08-2025,300918.12,12.1,60,Approved,Active,182055.46
L002942,C02130,BR011,Education,27-11-2025,644754.07,10.12,48,Approved,Closed,260996.45
L002943,C00898,BR003,Business,06-10-2024,1616677.91,12.04,240,Approved,Active,3892960.41
L002944,C02027,BR005,Personal,06-03-2024,775540.47,10.49,36,Approved,Closed,244062.59
L002945,C01440,BR002,Personal,01-05-2025,742636.64,10.08,180,Approved,Active,1122866.6
L002946,C01625,BR011,Personal,27-01-2024,281603.18,10.32,120,Approved,Active,290614.48
L002947,C00807,BR005,Education,28-09-2025,325476.06,7.43,240,Approved,Active,483657.43
L002948,C01316,BR012,Personal,09-09-2025,187501.95,12.88,36,Approved,Active,72450.75
L002949,C02984,BR008,Personal,14-06-2024,823891.7,12.93,12,Approved,Active,106529.2
L002950,C00469,BR009,Home,05-04-2023,525697.11,9.67,120,Approved,Active,508349.11
L002951,C02875,BR001,Business,15-11-2025,1720355.49,8.23,120,Approved,Closed,1415852.57
L002952,C02999,BR010,Home,28-04-2023,2013052.31,7.77,24,Approved,Active,312828.33
L002953,C02449,BR012,Personal,12-12-2023,227065.95,9.06,180,Pending,Under Review,308582.63
L002954,C01879,BR001,Auto,27-08-2025,775265.46,10.04,240,Approved,Active,1556733.04
L002955,C02796,BR006,Personal,08-05-2023,814074.25,14.63,12,Pending,Under Review,119099.06
L002956,C01903,BR002,Business,19-10-2023,1405392.68,9.25,60,Pending,Under Review,649994.11
L002957,C00907,BR010,Auto,12-01-2025,1164819.95,14.51,120,Approved,Closed,1690153.75
L002958,C02424,BR004,Auto,24-03-2025,983773.55,10.2,48,Approved,Active,401379.61
L002959,C00583,BR011,Home,22-04-2024,616984.83,11.35,12,Approved,Closed,70027.78
L002960,C00712,BR002,Business,25-04-2025,487462.28,11.93,48,Approved,Closed,232617
L002961,C01769,BR005,Personal,30-11-2023,385225.52,11.8,240,Rejected,Rejected,909132.23
L002962,C00583,BR011,Auto,20-12-2025,452785.53,8.34,60,Pending,Under Review,188811.57
L002963,C02323,BR001,Business,22-07-2023,785142.36,8.61,48,Approved,Active,270403.03
L002964,C00101,BR006,Home,22-02-2024,1144349.59,8.9,120,Approved,Defaulted,1018471.14
L002965,C01023,BR005,Personal,24-10-2025,766628.93,12.7,12,Rejected,Rejected,97361.87
L002966,C02381,BR013,Home,24-01-2024,2797355.79,10.96,36,Approved,Active,919770.58
L002967,C01479,BR015,Business,25-12-2025,2096944.85,13.22,240,Approved,Closed,5544322.18
L002968,C01912,BR010,Personal,09-08-2025,872469.24,14.61,120,Approved,Defaulted,1274677.56
L002969,C01127,BR013,Education,30-06-2025,667324.95,10.25,120,Approved,Active,684008.07
L002970,C02890,BR007,Auto,01-01-2025,809799.75,8,36,Rejected,Rejected,194351.94
L002971,C00907,BR010,Personal,01-07-2023,698515.69,12.06,60,Approved,Active,421204.96
L002972,C00574,BR009,Education,23-01-2024,65400.86,8.48,120,Rejected,Rejected,55459.93
L002973,C00970,BR011,Auto,17-05-2024,1031057.84,9.87,12,Approved,Closed,101765.41
L002974,C02285,BR006,Personal,12-01-2025,122274.98,9.6,12,Approved,Active,11738.4
L002975,C01390,BR012,Personal,15-12-2024,185143.14,14.74,36,Pending,Under Review,81870.3
L002976,C00097,BR008,Home,03-01-2025,740568.47,14,60,Approved,Closed,518397.93
L002977,C01109,BR007,Home,23-10-2024,2394548.32,9.87,240,Approved,Defaulted,4726838.38
L002978,C00142,BR008,Personal,29-08-2024,226656.08,11.08,24,Approved,Active,50226.99
L002979,C02360,BR003,Business,29-01-2023,1045828.19,9.01,84,Approved,Closed,659603.84
L002980,C01371,BR001,Personal,14-08-2024,728655.52,10.81,180,Approved,Active,1181514.93
L002981,C00396,BR001,Personal,27-06-2025,801357.9,7.47,180,Approved,Active,897921.53
L002982,C02465,BR011,Education,26-07-2025,279242.2,7.95,12,Approved,Active,22199.75
L002983,C01910,BR011,Business,09-01-2024,2048343.91,9.49,24,Rejected,Rejected,388775.67
L002984,C02249,BR008,Home,09-11-2025,1116565.16,14.48,60,Approved,Active,808393.18
L002985,C00347,BR013,Personal,26-04-2023,320061.86,7.82,120,Approved,Defaulted,250288.37
L002986,C01617,BR010,Business,11-12-2024,2041861.95,12.11,240,Approved,Active,4945389.64
L002987,C01314,BR004,Home,08-12-2023,1099675.23,8.37,12,Approved,Active,92042.82
L002988,C02343,BR009,Home,09-02-2023,1030570.94,10.67,60,Approved,Active,549809.6
L002989,C02140,BR006,Auto,03-05-2025,819439.53,7.36,180,Approved,Active,904661.24
L002990,C02732,BR013,Education,28-01-2025,59991.09,11.35,36,Approved,Closed,20426.97
L002991,C01485,BR006,Personal,09-07-2024,455594.89,10.97,48,Rejected,Rejected,199915.04
L002992,C00638,BR005,Auto,20-12-2023,1187516.16,14.23,180,Rejected,Rejected,2534753.24
L002993,C01927,BR014,Auto,26-09-2024,264864.25,9.63,84,Approved,Active,178544.99
L002994,C01697,BR012,Auto,21-12-2023,859267.91,13.54,120,Approved,Active,1163448.75
L002995,C02881,BR015,Auto,20-08-2025,463394.69,13.25,240,Approved,Active,1227995.93
L002996,C01879,BR001,Personal,13-09-2025,652387.94,9.25,12,Rejected,Rejected,60345.88
L002997,C02239,BR015,Personal,17-04-2025,331318.76,10.65,84,Rejected,Rejected,246998.14
L002998,C02662,BR005,Home,08-01-2024,1557076.4,12.55,12,Rejected,Rejected,195413.09
L002999,C01793,BR008,Business,22-12-2023,1083697.17,10.89,84,Rejected,Rejected,826102.35
L003000,C00290,BR005,Auto,10-08-2024,234730.16,10.68,24,Approved,Active,50138.36
L003001,C01650,BR010,Auto,12-01-2025,899740.03,13.4,120,Approved,Active,1205651.64
L003002,C00267,BR003,Personal,17-09-2023,207852.14,13.35,48,Approved,Closed,110993.04
L003003,C02669,BR006,Home,02-06-2023,2945928.29,9.64,36,Rejected,Rejected,851962.46
L003004,C02032,BR005,Personal,05-10-2025,335520.87,13.55,36,Approved,Active,136389.23
L003005,C00723,BR007,Home,09-01-2025,989902.29,10.57,84,Pending,Under Review,732428.7
L003006,C02537,BR004,Home,23-11-2024,2780294.65,8.66,12,Rejected,Rejected,240773.52
L003007,C02691,BR004,Personal,17-04-2025,733673.22,11.21,60,Approved,Active,411223.84
L003008,C01057,BR005,Personal,31-08-2025,239574.33,11.57,48,Approved,Active,110875
L003009,C02391,BR007,Auto,17-05-2024,130253.51,8.15,84,Rejected,Rejected,74309.63
L003010,C01617,BR010,Home,23-10-2023,2231055.25,11.97,12,Approved,Active,267057.31
L003011,C02213,BR012,Auto,16-07-2023,1116101.05,8.84,120,Approved,Active,986633.33
L003012,C01623,BR006,Personal,07-01-2025,656011.09,9.39,120,Rejected,Rejected,615994.41
L003013,C00332,BR006,Auto,24-12-2024,741217.84,9.21,180,Approved,Active,1023992.45
L003014,C01322,BR015,Business,25-11-2024,938653.94,13.7,84,Approved,Active,900169.13
L003015,C02396,BR004,Personal,15-02-2023,798391.83,14.06,120,Approved,Closed,1122538.91
L003016,C00477,BR007,Personal,05-02-2025,152764.05,10.63,48,Approved,Active,64955.27
L003017,C01910,BR011,Personal,28-11-2025,480128.89,9.79,84,Approved,Closed,329032.33
L003018,C02950,BR003,Education,29-05-2024,253917.77,7.69,36,Approved,Active,58578.83
L003019,C02131,BR011,Home,09-11-2024,1184591.11,14.28,24,Approved,Active,338319.22
L003020,C02355,BR008,Business,26-01-2024,1975531.65,9.22,36,Approved,Closed,546432.05
L003021,C02125,BR015,Personal,12-06-2024,588960.08,9.96,180,Approved,Active,879906.36
L003022,C00912,BR011,Home,04-06-2025,579370.64,10.82,24,Rejected,Rejected,125375.81
L003023,C00463,BR006,Personal,19-02-2023,133547.77,9.73,120,Approved,Defaulted,129941.98
L003024,C01870,BR008,Personal,24-01-2023,752285.97,12.25,36,Rejected,Rejected,276465.09
L003025,C02415,BR009,Business,21-02-2023,1848298.25,13.77,84,Rejected,Rejected,1781574.68
L003026,C00876,BR001,Education,04-08-2024,79908.88,11.02,12,Approved,Active,8805.96
L003027,C01105,BR009,Home,29-11-2023,2564651.25,12.88,240,Rejected,Rejected,6606541.62
L003028,C02841,BR001,Home,18-02-2024,2516109.61,10.67,60,Approved,Active,1342344.48
L003029,C00710,BR004,Auto,06-03-2023,537333.27,9.1,48,Approved,Active,195589.31
L003030,C01889,BR001,Personal,06-02-2024,562628.76,10.02,240,Rejected,Rejected,1127508.04
L003031,C00529,BR004,Auto,01-11-2024,851040.49,13.58,60,Rejected,Rejected,577856.49
L003032,C02146,BR005,Home,03-08-2023,772482.59,8.64,180,Rejected,Rejected,1001137.44
L003033,C02743,BR014,Education,03-05-2023,471606.79,11,12,Rejected,Rejected,51876.75
L003034,C01292,BR003,Home,12-07-2024,2491928.06,9.22,240,Approved,Active,4595115.34
L003035,C02454,BR002,Education,30-08-2023,676892.32,12.18,180,Approved,Active,1236682.27
L003036,C00031,BR009,Personal,30-06-2023,332488.47,13.51,36,Approved,Closed,134757.58
L003037,C00828,BR002,Auto,27-12-2023,222540.12,7.32,12,Pending,Under Review,16289.94
L003038,C01241,BR014,Personal,22-01-2024,104402.19,11.99,48,Approved,Active,50071.29
L003039,C02486,BR007,Home,10-06-2025,1099361.65,12.09,180,Pending,Under Review,1993692.35
L003040,C01627,BR011,Business,26-06-2024,1963356.18,13.11,120,Approved,Active,2573959.95
L003041,C01641,BR003,Home,29-01-2025,1366937.79,11.39,12,Approved,Active,155694.21
L003042,C02807,BR010,Home,27-07-2024,2527884.08,10.99,48,Rejected,Rejected,1111257.84
L003043,C02355,BR008,Home,16-11-2023,2927595.09,11.83,120,Approved,Active,3463344.99
L003044,C00645,BR015,Business,29-10-2024,2323611.67,8.09,24,Approved,Active,375960.37
L003045,C02140,BR006,Home,05-10-2024,1688507.99,12.4,180,Approved,Closed,3140624.86
L003046,C02293,BR005,Home,27-07-2024,2531791.52,9.69,60,Approved,Active,1226652.99
L003047,C02021,BR014,Auto,24-01-2024,630874.32,12.74,180,Pending,Under Review,1205600.83
L003048,C00204,BR002,Personal,23-02-2024,422184.23,7.64,240,Approved,Active,645097.5
L003049,C01992,BR006,Personal,31-05-2024,689876.31,7.85,180,Approved,Active,812329.36
L003050,C01808,BR006,Home,16-09-2024,2101429.45,14.01,120,Approved,Active,2944102.66
L003051,C02121,BR011,Personal,17-09-2025,579833.44,12.23,120,Approved,Active,709136.3
L003052,C01642,BR013,Education,12-09-2023,186671.89,14.54,36,Approved,Active,81426.28
L003053,C01390,BR012,Business,17-03-2025,1913424.65,7.43,24,Approved,Active,284334.9
L003054,C02178,BR004,Auto,03-11-2024,173549.4,9.27,36,Approved,Defaulted,48264.09
L003055,C00012,BR006,Personal,11-04-2023,572675.64,7.97,24,Approved,Active,91284.5
L003056,C02020,BR008,Home,15-01-2023,1939184.49,10.06,12,Approved,Active,195081.96
L003057,C00200,BR009,Education,02-10-2025,331134.03,11.61,60,Approved,Closed,192223.3
L003058,C02556,BR003,Home,18-11-2025,648574.41,9.26,120,Approved,Active,600579.9
L003059,C02880,BR003,Auto,15-03-2025,1154721.29,9.45,48,Approved,Closed,436484.65
L003060,C00606,BR008,Auto,23-04-2024,663943.61,8.3,12,Approved,Active,55107.32
L003061,C02844,BR006,Personal,15-10-2025,627668.36,8.33,180,Approved,Active,784271.62
L003062,C01115,BR006,Personal,24-12-2024,655807.72,8.92,60,Approved,Active,292490.24
L003063,C01228,BR001,Auto,28-11-2023,292981.7,9.62,24,Approved,Defaulted,56369.68
L003064,C01683,BR015,Auto,05-08-2025,597968.22,13.62,180,Approved,Active,1221649.07
L003065,C01352,BR015,Home,29-01-2023,1286778.99,11.67,48,Approved,Active,600668.43
L003066,C00222,BR008,Personal,09-09-2025,753655.68,7.47,84,Approved,Active,394086.56
L003067,C01729,BR002,Education,16-07-2024,544178.17,9.92,120,Approved,Active,539824.74
L003068,C01447,BR003,Education,19-10-2025,320906.87,14.22,84,Approved,Active,319430.7
L003069,C01359,BR004,Home,05-03-2023,2327294.91,12.1,48,Approved,Closed,1126410.74
L003070,C02092,BR001,Home,12-11-2025,2861399.62,10.2,24,Approved,Closed,583725.52
L003071,C02045,BR015,Home,02-03-2025,2233238.42,11.06,240,Rejected,Rejected,4939923.39
L003072,C02611,BR008,Personal,14-12-2025,280167.62,12.34,12,Approved,Active,34572.68
L003073,C01465,BR006,Home,28-12-2025,1754664.46,9.87,24,Approved,Active,346370.76
L003074,C02778,BR015,Personal,10-06-2024,769082.67,13.36,60,Approved,Active,513747.22
L003075,C02080,BR011,Personal,06-01-2024,309738.81,13.96,180,Approved,Active,648593.07
L003076,C01805,BR007,Personal,29-12-2025,753804.27,12.31,240,Approved,Closed,1855866.11
L003077,C01640,BR011,Auto,16-03-2023,876876.21,14.54,48,Approved,Active,509991.2
L003078,C02340,BR007,Home,29-03-2024,2393617.13,13.9,36,Approved,Active,998138.34
L003079,C01185,BR007,Business,27-03-2023,2414445.14,13.46,12,Approved,Closed,324984.32
L003080,C00407,BR011,Home,29-08-2023,753848.93,13.08,48,Approved,Active,394413.76
L003081,C00674,BR010,Business,23-01-2025,1901548.57,11.44,84,Approved,Active,1522760.09
L003082,C00144,BR012,Auto,02-04-2025,446072.68,11.78,48,Pending,Under Review,210189.45
L003083,C00881,BR007,Personal,14-06-2024,249392.51,12.81,180,Approved,Active,479207.71
L003084,C01496,BR001,Personal,04-08-2023,545105.35,8.84,36,Pending,Under Review,144561.94
L003085,C00284,BR006,Personal,07-11-2024,397308.71,11.72,84,Rejected,Rejected,325952.07
L003086,C00486,BR007,Auto,25-11-2024,612319.57,13.78,24,Approved,Active,168755.27
L003087,C00503,BR005,Education,31-07-2023,674777.98,12.36,12,Rejected,Rejected,83402.56
L003088,C02334,BR007,Business,29-06-2024,381944.81,12.94,84,Approved,Active,345965.61
L003089,C00050,BR012,Personal,09-07-2024,188908.65,9.17,60,Approved,Active,86614.62
L003090,C00318,BR004,Personal,11-01-2024,797570.55,8.65,12,Approved,Active,68989.85
L003091,C00956,BR007,Business,27-09-2025,1507067.55,14.13,120,Approved,Closed,2129486.45
L003092,C00234,BR011,Auto,24-06-2025,833695.19,11.41,60,Approved,Active,475623.11
L003093,C02415,BR009,Personal,23-07-2025,807251.65,9.61,48,Approved,Active,310307.53
L003094,C00856,BR008,Business,10-07-2023,2148863.72,9.69,48,Approved,Active,832899.58
L003095,C02044,BR007,Auto,27-12-2024,854943.38,10.03,48,Approved,Active,343003.28
L003096,C01071,BR005,Business,04-03-2025,1495427.96,10.05,24,Approved,Closed,300581.02
L003097,C00801,BR009,Auto,25-04-2024,1087653.35,12.14,240,Approved,Active,2640822.33
L003098,C02832,BR010,Personal,04-03-2025,851635.95,9.57,60,Approved,Closed,407507.8
L003099,C01590,BR011,Education,21-06-2024,156530.51,12.28,180,Approved,Active,288329.2
L003100,C02833,BR014,Home,04-02-2023,2368089.76,11.29,48,Approved,Active,1069429.34
L003101,C01599,BR007,Home,06-05-2023,1413351.27,13.81,36,Rejected,Rejected,585551.43
L003102,C02808,BR005,Personal,01-03-2023,214881.56,8.73,12,Approved,Active,18759.16
L003103,C01864,BR001,Home,27-03-2024,1170643.64,11.06,36,Approved,Active,388419.56
L003104,C00395,BR011,Business,17-10-2024,638383.15,7.81,84,Approved,Active,349004.07
L003105,C02439,BR009,Personal,14-02-2023,537595.67,13.48,36,Pending,Under Review,217403.69
L003106,C00854,BR006,Personal,18-01-2024,293869.48,8.75,36,Rejected,Rejected,77140.74
L003107,C00772,BR003,Business,16-02-2025,1702368.21,8.55,240,Approved,Active,2911049.64
L003108,C00858,BR006,Personal,21-01-2024,596572.22,11.19,84,Approved,Active,467295.02
L003109,C00378,BR005,Home,15-03-2024,608656.48,10.21,24,Approved,Active,124287.65
L003110,C01341,BR001,Business,13-10-2024,1062711.12,9.58,180,Approved,Active,1527115.88
L003111,C01661,BR005,Education,01-07-2024,83318.65,8.21,36,Approved,Active,20521.38
L003112,C00513,BR004,Home,23-05-2025,2365351.22,11.68,12,Approved,Active,276273.02
L003113,C01096,BR005,Home,19-04-2025,587297.16,13,48,Approved,Active,305394.52
L003114,C02173,BR011,Personal,28-01-2024,244363.33,10.66,84,Approved,Active,182343.92
L003115,C02009,BR007,Home,27-11-2025,1590342.89,13.89,48,Approved,Active,883594.51
L003116,C00123,BR005,Home,30-03-2023,2230448.57,14.01,36,Approved,Active,937457.53
L003117,C02684,BR013,Personal,14-04-2025,276709.83,14.31,12,Approved,Active,39597.18
L003118,C00438,BR008,Personal,13-12-2024,311482.55,13.11,48,Approved,Active,163341.45
L003119,C00150,BR005,Personal,16-02-2023,855085.9,13.78,120,Pending,Under Review,1178308.37
L003120,C02085,BR015,Personal,10-04-2024,423946.34,13.75,24,Approved,Defaulted,116585.24
L003121,C01797,BR008,Auto,02-11-2024,258359.63,13.61,120,Approved,Active,351627.46
L003122,C00803,BR003,Education,17-03-2025,651120.51,9.94,180,Approved,Closed,970820.68
L003123,C00164,BR006,Business,27-02-2023,954094.74,9.68,48,Approved,Active,369425.48
L003124,C00696,BR009,Business,21-05-2025,1641419.67,14.56,12,Approved,Active,238990.7
L003125,C01020,BR009,Auto,27-05-2023,1026340.95,11.01,36,Pending,Under Review,339000.42
L003126,C02489,BR006,Education,05-05-2023,203781.18,7.56,24,Approved,Closed,30811.71
L003127,C00788,BR003,Auto,16-05-2025,221528.14,11.65,240,Approved,Active,516160.57
L003128,C00870,BR005,Personal,02-12-2025,141371.29,10.8,120,Rejected,Rejected,152680.99
L003129,C00062,BR002,Home,07-12-2024,1843731.23,11.34,120,Approved,Active,2090791.21
L003130,C01179,BR008,Personal,13-10-2023,106127.28,7.77,120,Approved,Active,82460.9
L003131,C00636,BR008,Business,04-12-2024,1104154.3,12.87,120,Rejected,Rejected,1421046.58
L003132,C01554,BR011,Auto,18-03-2023,460622.67,12.07,180,Pending,Under Review,833957.34
L003133,C00333,BR007,Personal,13-05-2023,147165.8,8.54,48,Approved,Active,50271.84
L003134,C01061,BR012,Auto,12-07-2023,904699.46,9.94,240,Approved,Closed,1798542.53
L003135,C02860,BR008,Auto,11-02-2023,721051.61,12.47,60,Rejected,Rejected,449575.68
L003136,C01495,BR015,Education,01-11-2024,491984.14,9.38,36,Approved,Closed,138444.34
L003137,C00038,BR009,Personal,19-02-2023,275783.75,13.31,48,Approved,Active,146827.27
L003138,C02013,BR011,Auto,21-04-2025,960617.92,10.78,240,Approved,Active,2071092.24
L003139,C00521,BR015,Personal,20-03-2025,84567.8,8.03,120,Rejected,Rejected,67907.94
L003140,C00630,BR009,Home,05-10-2025,1717209.25,9.37,180,Approved,Active,2413537.6
L003141,C02324,BR012,Education,01-09-2023,316431.48,14.64,48,Rejected,Rejected,185302.27
L003142,C01869,BR010,Personal,18-06-2025,326467.36,12.46,120,Pending,Under Review,406778.33
L003143,C00661,BR006,Business,27-09-2025,2461778.56,12.73,36,Approved,Closed,940153.23
L003144,C02748,BR004,Business,28-05-2025,2028123.98,12.88,24,Rejected,Rejected,522444.74
L003145,C00543,BR009,Personal,24-03-2023,439262.92,9.6,60,Rejected,Rejected,210846.2
L003146,C00569,BR006,Education,25-09-2023,262021.23,12.05,120,Approved,Closed,315735.58
L003147,C02128,BR009,Auto,01-04-2023,651251.24,8.28,48,Approved,Active,215694.41
L003148,C00712,BR002,Personal,28-09-2023,581700.98,14.74,120,Rejected,Rejected,857427.24
L003149,C00232,BR005,Personal,20-06-2024,356845.51,11.88,24,Approved,Active,84786.49
L003150,C01369,BR012,Home,23-09-2023,1621713.5,7.66,120,Rejected,Rejected,1242232.54
L003151,C00578,BR007,Education,03-10-2023,242764.17,13.55,84,Approved,Active,230261.82
L003152,C01848,BR005,Home,03-05-2024,945357.9,10.12,24,Approved,Active,191340.44
L003153,C01377,BR006,Personal,21-07-2023,895368.22,7.45,60,Approved,Active,333524.66
L003154,C01176,BR005,Auto,25-01-2023,1123731.88,10.42,60,Approved,Active,585464.31
L003155,C02055,BR004,Auto,01-10-2023,1153817.48,7.88,48,Approved,Closed,363683.27
L003156,C02530,BR009,Personal,29-02-2024,250593.7,11.67,84,Rejected,Rejected,204709.99
L003157,C02488,BR006,Personal,29-06-2023,716810.85,9.48,84,Approved,Defaulted,475675.68
L003158,C00040,BR008,Auto,16-07-2023,299012.54,9.4,12,Pending,Under Review,28107.18
L003159,C02545,BR003,Home,02-05-2025,2576129.07,10.69,12,Rejected,Rejected,275388.2
L003160,C02045,BR015,Personal,12-01-2024,445417.71,13.61,120,Approved,Active,606213.5
L003161,C02560,BR002,Education,16-02-2023,136442.26,8.76,12,Pending,Under Review,11952.34
L003162,C02311,BR003,Auto,30-07-2024,421689.09,14.45,12,Approved,Active,60934.07
L003163,C02360,BR003,Personal,20-10-2023,366188.12,8.13,180,Rejected,Rejected,446566.41
L003164,C01670,BR005,Auto,17-10-2025,829299.12,9.32,60,Approved,Active,386453.39
L003165,C01837,BR005,Auto,21-06-2024,930578.02,13.53,60,Rejected,Rejected,629536.03
L003166,C02193,BR001,Personal,11-10-2023,224999.84,14.49,60,Approved,Active,163012.38
L003167,C02209,BR009,Home,21-09-2025,1663109.54,9.19,12,Rejected,Rejected,152839.77
L003168,C02149,BR005,Auto,06-08-2024,623160.81,11.64,120,Approved,Active,725359.18
L003169,C00961,BR006,Personal,17-09-2023,643626.15,11.2,48,Approved,Active,288344.52
L003170,C02761,BR005,Education,09-08-2025,229379.52,13.73,240,Approved,Active,629876.16
L003171,C00812,BR010,Home,02-07-2025,2725358.7,8.39,120,Rejected,Rejected,2286575.95
L003172,C01509,BR004,Business,06-06-2025,365574.46,12.77,60,Approved,Active,233419.29
L003173,C02532,BR005,Personal,21-05-2023,724262.12,10.6,48,Approved,Active,307087.14
L003174,C01585,BR005,Personal,23-09-2025,323880.1,14.16,60,Approved,Active,229307.11
L003175,C00047,BR006,Personal,18-01-2024,817606.84,8.39,60,Approved,Defaulted,342986.07
L003176,C02539,BR009,Auto,04-06-2023,100158.74,8.18,48,Approved,Active,32771.94
L003177,C00095,BR010,Education,11-11-2024,250848.22,13.44,240,Approved,Active,674280.02
L003178,C01485,BR006,Home,16-07-2025,1390655.04,11.63,84,Approved,Active,1132132.27
L003179,C01330,BR005,Auto,27-06-2024,1146514.16,13.7,36,Approved,Active,471217.32
L003180,C01707,BR006,Home,06-07-2025,1345124.72,7.8,120,Approved,Active,1049197.28
L003181,C00130,BR002,Personal,21-05-2023,447065.67,7.98,120,Approved,Active,356758.4
L003182,C02843,BR002,Personal,15-06-2025,614978.92,10.66,180,Approved,Active,983351.29
L003183,C00972,BR014,Business,18-05-2025,1087290.38,11.6,120,Approved,Active,1261256.84
L003184,C00556,BR012,Personal,23-06-2024,472844.25,12.43,12,Approved,Active,58774.54
L003185,C02106,BR001,Business,04-02-2025,1916297.25,12.42,24,Approved,Active,476008.24
L003186,C01759,BR011,Home,22-10-2023,1816218.06,10.15,24,Approved,Active,368692.27
L003187,C01464,BR015,Business,28-03-2025,2276428.57,14.15,12,Approved,Defaulted,322114.64
L003188,C00649,BR008,Home,05-02-2024,1136924.27,14.14,84,Approved,Active,1125327.64
L003189,C01337,BR001,Personal,11-02-2023,238495.89,10.03,36,Rejected,Rejected,71763.41
L003190,C02599,BR015,Auto,25-08-2024,701875.3,10.62,48,Approved,Defaulted,298156.63
L003191,C01804,BR007,Auto,08-06-2023,419136.42,8.32,60,Approved,Active,174360.75
L003192,C02499,BR008,Personal,16-11-2024,689698.61,11.67,120,Approved,Active,804878.28
L003193,C02122,BR005,Education,27-08-2025,114741.8,12.22,60,Approved,Closed,70107.24
L003194,C02661,BR008,Personal,26-09-2023,117062.65,10.35,120,Rejected,Rejected,121159.84
L003195,C00497,BR012,Personal,17-08-2025,348250.95,9.58,120,Rejected,Rejected,333624.41
L003196,C01702,BR007,Business,16-04-2023,2161550.85,12,84,Rejected,Rejected,1815702.71
L003197,C01843,BR012,Business,13-08-2025,992155.8,11.46,84,Rejected,Rejected,795907.38
L003198,C02471,BR014,Business,11-01-2025,2480223.17,9.37,12,Approved,Active,232396.91
L003199,C00693,BR004,Personal,04-02-2024,491662.05,9.22,240,Approved,Active,906624.82
L003200,C01442,BR009,Home,04-01-2023,1671009.7,11.73,84,Approved,Closed,1372066.06
